id,expected_cid,rendered_cid,status,jpeg_bytes
1,bafybeihbwkylgaikeasn5zt7e6utxgzxyywuo533dm6hkpb75tz42lqdny,bafybeihbwkylgaikeasn5zt7e6utxgzxyywuo533dm6hkpb75tz42lqdny,ok,247798
2,bafybeig34za3inxfu3w57themzu6m4i26tdcbiexykne5qfwkt7f2cuoje,bafybeig34za3inxfu3w57themzu6m4i26tdcbiexykne5qfwkt7f2cuoje,ok,155520
3,bafybeicdvhaj7v44tauybtpbjggyhdjj6n4el64lt6qhhqktxkplbxgtpy,bafybeicdvhaj7v44tauybtpbjggyhdjj6n4el64lt6qhhqktxkplbxgtpy,ok,221380
4,bafybeiebqgjr4iaagqnrxd7w4yes2nvi4oav2efzpdk7qv5uxu7to5hnta,bafybeiebqgjr4iaagqnrxd7w4yes2nvi4oav2efzpdk7qv5uxu7to5hnta,ok,195304
5,bafybeif4u4kp67grqdd3ubtayqkgkvf5fhjjhy2w73wlecibpw7ka576ba,bafybeif4u4kp67grqdd3ubtayqkgkvf5fhjjhy2w73wlecibpw7ka576ba,ok,248511
6,bafybeide7ebxukwh5tq55dxxs6w37d4xqomvuzhxwdplbmhubmel4t3364,bafybeide7ebxukwh5tq55dxxs6w37d4xqomvuzhxwdplbmhubmel4t3364,ok,217255
7,bafybeidhwosjruheprg4vt6qaeq6ufsxdsuqhoz4d6bi7572vfe3wgk5li,bafybeidhwosjruheprg4vt6qaeq6ufsxdsuqhoz4d6bi7572vfe3wgk5li,ok,152238
8,bafybeiathmpjsoe3rrdtx7fpcz7xdjcr7a4n7berfxmcwvvfffkt7xeu6q,bafybeiathmpjsoe3rrdtx7fpcz7xdjcr7a4n7berfxmcwvvfffkt7xeu6q,ok,182923
9,bafybeifwm37rpaiuhpgqhva42afftmlutg7xy4aopakyycgvjoxiwv7zsa,bafybeifwm37rpaiuhpgqhva42afftmlutg7xy4aopakyycgvjoxiwv7zsa,ok,197836
10,bafybeibijr53vcbsimusgwbkwbsd6zztbl63ba6tcwxdwsuqurluf7gkne,bafybeibijr53vcbsimusgwbkwbsd6zztbl63ba6tcwxdwsuqurluf7gkne,ok,264866
11,bafybeigdovy4tbvec25heptkesaj4wpbagnzx5ahy7xlo5uke4535jhp4y,bafybeigdovy4tbvec25heptkesaj4wpbagnzx5ahy7xlo5uke4535jhp4y,ok,169388
12,bafybeic73bllx5canbuqvq6yufkgw5gmmy7grykxrf6knhcmj3ahdr2kgy,bafybeic73bllx5canbuqvq6yufkgw5gmmy7grykxrf6knhcmj3ahdr2kgy,ok,181291
13,bafybeic2nu65er5erjoi5p2b5z2tpswpeudqjlkxfvgoqzijcjwvibjdeu,bafybeic2nu65er5erjoi5p2b5z2tpswpeudqjlkxfvgoqzijcjwvibjdeu,ok,202691
14,bafybeigxfotz24a4zrlapwutl3pf3d4pdodsd5vvu4a7ikvocnusmasosi,bafybeigxfotz24a4zrlapwutl3pf3d4pdodsd5vvu4a7ikvocnusmasosi,ok,143614
15,bafybeicqqecyuwpfmhad5nvbvsvz6dgrvw2qnfdxgtyntm6r7kokusddrm,bafybeicqqecyuwpfmhad5nvbvsvz6dgrvw2qnfdxgtyntm6r7kokusddrm,ok,202051
16,bafybeihzqqkp4gwbdqqnjlegxkmwvqtpnw23sgm2p4lnr4a5npftek5ioq,bafybeihzqqkp4gwbdqqnjlegxkmwvqtpnw23sgm2p4lnr4a5npftek5ioq,ok,215040
17,bafybeibk7ulnomqhlhdzeteafvxi7va6m64si6okx7qnuiew7wpy5ri2aq,bafybeibk7ulnomqhlhdzeteafvxi7va6m64si6okx7qnuiew7wpy5ri2aq,ok,147266
18,bafybeiguo5i6g54chkxkhsuysu2i52vxigvyhzrhy5vxar7f3t5cal4a5a,bafybeiguo5i6g54chkxkhsuysu2i52vxigvyhzrhy5vxar7f3t5cal4a5a,ok,232781
19,bafybeibp2zdxytzl6idgnpqotxl4fhd56ny5kzuj7jzvbbrbbeb55rzshi,bafybeibp2zdxytzl6idgnpqotxl4fhd56ny5kzuj7jzvbbrbbeb55rzshi,ok,247177
20,bafybeiepmlfsvnj7z2ppwaesak7vwdibijqlw3mm4cxc6b5vnygqstbdri,bafybeiepmlfsvnj7z2ppwaesak7vwdibijqlw3mm4cxc6b5vnygqstbdri,ok,147504
21,bafybeiheeqd3wqmdsomqrtq4rhwfbcq7unsi6nhptghqagwecihlp2ofgu,bafybeiheeqd3wqmdsomqrtq4rhwfbcq7unsi6nhptghqagwecihlp2ofgu,ok,282316
22,bafybeihqvlhuroqcgenlijzi7l57pbibqs2hi5xedgay55vgx55k64u6ry,bafybeihqvlhuroqcgenlijzi7l57pbibqs2hi5xedgay55vgx55k64u6ry,ok,163029
23,bafybeidrtyf34oxq2ivpkdlom3zqe4tt5b3slskkqhvgcychg4xpxt2d34,bafybeidrtyf34oxq2ivpkdlom3zqe4tt5b3slskkqhvgcychg4xpxt2d34,ok,145547
24,bafybeicgl2akf2da74phppsl2obdqrwlntjmkoj4x4e5fwpzzpx6fjrmfa,bafybeicgl2akf2da74phppsl2obdqrwlntjmkoj4x4e5fwpzzpx6fjrmfa,ok,155714
25,bafybeib56evk32y6q63cezifphf5oxrbfz7zw5w66owrzzgr73oimejqtq,bafybeib56evk32y6q63cezifphf5oxrbfz7zw5w66owrzzgr73oimejqtq,ok,252227
26,bafybeifti5g7ias75xsnu3drwucvqla2snhy5cjrmbajydehsgzqjcqtzq,bafybeifti5g7ias75xsnu3drwucvqla2snhy5cjrmbajydehsgzqjcqtzq,ok,142971
27,bafybeieeywfcsus4cxotecmctg7emv4clzgotrt3lcikm2ysrzt4u3op7m,bafybeieeywfcsus4cxotecmctg7emv4clzgotrt3lcikm2ysrzt4u3op7m,ok,146094
28,bafybeigwnrgtk5hz7omora2xufx3tkfgaca4wvs3mrmvadcv4edj7y4h5i,bafybeigwnrgtk5hz7omora2xufx3tkfgaca4wvs3mrmvadcv4edj7y4h5i,ok,155942
29,bafybeihajwgqw6r22j3wsgn5vt2uxkn7uxo7in3eed546whqjbuednnsbe,bafybeihajwgqw6r22j3wsgn5vt2uxkn7uxo7in3eed546whqjbuednnsbe,ok,178860
30,bafybeifpzyqvdqkhcf3ik2nz3qr7o3ernfklz7qlde2bw5mlv7h7tsa6lu,bafybeifpzyqvdqkhcf3ik2nz3qr7o3ernfklz7qlde2bw5mlv7h7tsa6lu,ok,241277
31,bafybeie3l5fgulkh75fhrtqxgas4kdzvs7m5r6ldgcyjyfrtwrknlbjxtm,bafybeie3l5fgulkh75fhrtqxgas4kdzvs7m5r6ldgcyjyfrtwrknlbjxtm,ok,248940
32,bafybeihwxzo7y3luvspqmuz2rjypp6eq52mi6i3ppqv3ivd6lwsqiy2fky,bafybeihwxzo7y3luvspqmuz2rjypp6eq52mi6i3ppqv3ivd6lwsqiy2fky,ok,179427
33,bafybeihbjfa7jt4ra7mydbkj7i6gat6onom27owur47rrhtk2vmiubd57i,bafybeihbjfa7jt4ra7mydbkj7i6gat6onom27owur47rrhtk2vmiubd57i,ok,138578
34,bafybeicpxw5jkjrvgamhqgcs4msjfo4doqqo3kzh4xsw4bgvvike73isma,bafybeicpxw5jkjrvgamhqgcs4msjfo4doqqo3kzh4xsw4bgvvike73isma,ok,216579
35,bafybeicilzvxh473atyp3usu7ey6nqptq7ndquxfm5t33fpjc2k5w37a3i,bafybeicilzvxh473atyp3usu7ey6nqptq7ndquxfm5t33fpjc2k5w37a3i,ok,253939
36,bafybeihnpgjjs4koy4jvdbqtdveqg2dv422fah6bt5hepjjsk624yjjt6i,bafybeihnpgjjs4koy4jvdbqtdveqg2dv422fah6bt5hepjjsk624yjjt6i,ok,213851
37,bafybeifjkb2xtdqcac3fus7swrf3gwmpz6qgmcins5wezjb2l7km5ovcbq,bafybeifjkb2xtdqcac3fus7swrf3gwmpz6qgmcins5wezjb2l7km5ovcbq,ok,158513
38,bafybeie3ry47igiaohp2rwadb3uqtacyfus32qpyzgw36qdvz55hkhpoxe,bafybeie3ry47igiaohp2rwadb3uqtacyfus32qpyzgw36qdvz55hkhpoxe,ok,212004
39,bafybeighlbmmv2l5rs5izkkhenm4wolnzujikymfuhqah5d4kqw4qvsif4,bafybeighlbmmv2l5rs5izkkhenm4wolnzujikymfuhqah5d4kqw4qvsif4,ok,139937
40,bafybeifr64tdid7rwu7efj5fbbypeubqjaev3t7ref3zti4m3iw5tb5uni,bafybeifr64tdid7rwu7efj5fbbypeubqjaev3t7ref3zti4m3iw5tb5uni,ok,191421
41,bafybeib5r5l3oulqv5etxe7gykxbehqhk2h7th6o3b74gih3hnp3uksx2y,bafybeib5r5l3oulqv5etxe7gykxbehqhk2h7th6o3b74gih3hnp3uksx2y,ok,215182
42,bafybeicuvxrw343a45a3meuwaopn4qvdaybwamqutkfye2nv2qnttr6whm,bafybeicuvxrw343a45a3meuwaopn4qvdaybwamqutkfye2nv2qnttr6whm,ok,168155
43,bafybeifbgnrowyuvkberxawsaazkqzph2cao535cyk52cffmruyxploj5m,bafybeifbgnrowyuvkberxawsaazkqzph2cao535cyk52cffmruyxploj5m,ok,226448
44,bafybeidxay5625xchzqj2njbunhopc63fsailcy34wjkj4m7hnjgzws554,bafybeidxay5625xchzqj2njbunhopc63fsailcy34wjkj4m7hnjgzws554,ok,194983
45,bafybeidsjolwphqfpmuywuqufwleoh6xaqsptsmtkqwtbhwyqrfrfx2hve,bafybeidsjolwphqfpmuywuqufwleoh6xaqsptsmtkqwtbhwyqrfrfx2hve,ok,215042
46,bafybeif7joqxwvd3aca3r3zysm2wabbdknxmpfxmzhitpbatnoqvoy75cq,bafybeif7joqxwvd3aca3r3zysm2wabbdknxmpfxmzhitpbatnoqvoy75cq,ok,143656
47,bafybeibgux56fyaqixxvx6oybpt4bfqv6glgdq7mtskudvtyulpwhbcs2y,bafybeibgux56fyaqixxvx6oybpt4bfqv6glgdq7mtskudvtyulpwhbcs2y,ok,148786
48,bafybeigmjqfmfbgdkr2cqpq6qxdqck63jl3yw426szox3mc3vjfno3qwoy,bafybeigmjqfmfbgdkr2cqpq6qxdqck63jl3yw426szox3mc3vjfno3qwoy,ok,255865
49,bafybeifgvtryygxtx7zwvi3wa3whyrbmf2d5cujrdl74qi3zutbhkuzfyy,bafybeifgvtryygxtx7zwvi3wa3whyrbmf2d5cujrdl74qi3zutbhkuzfyy,ok,146802
50,bafybeia3pczebl4vdplxcyd72s7hexerzufkzah6hqw5ykzrbphk4kstma,bafybeia3pczebl4vdplxcyd72s7hexerzufkzah6hqw5ykzrbphk4kstma,ok,148027
51,bafybeigvbzrlptmqldkoufzahvzgq27atk2wnssfbngo4rwmkku6r4were,bafybeigvbzrlptmqldkoufzahvzgq27atk2wnssfbngo4rwmkku6r4were,ok,190551
52,bafybeiewejd5pdzwbpf5wdvul7n45qbbkbwywybozodqlqsabquyc6nqem,bafybeiewejd5pdzwbpf5wdvul7n45qbbkbwywybozodqlqsabquyc6nqem,ok,139734
53,bafybeihxzbw3d4xc52sqil26ikajd6lwtm4uajbdj5y6g2qommqztcdoqu,bafybeihxzbw3d4xc52sqil26ikajd6lwtm4uajbdj5y6g2qommqztcdoqu,ok,206109
54,bafybeifqz23wyqscf364wmwhugnbsblzfphsb4tsobu3al6wechga4hwla,bafybeifqz23wyqscf364wmwhugnbsblzfphsb4tsobu3al6wechga4hwla,ok,128353
55,bafybeihbvcecq3i3bwickcgbuvohelja7rw52nnbvzm4toa47xtlgermrm,bafybeihbvcecq3i3bwickcgbuvohelja7rw52nnbvzm4toa47xtlgermrm,ok,199359
56,bafybeiccieh7jf5flgxpsekavjjr537dfouw63a73ugoxy7hf3uxjdr4x4,bafybeiccieh7jf5flgxpsekavjjr537dfouw63a73ugoxy7hf3uxjdr4x4,ok,143836
57,bafybeih4upeapnirdlsrexe4sz2vtjbmje4scegugh7gjelkp5fzsklmae,bafybeih4upeapnirdlsrexe4sz2vtjbmje4scegugh7gjelkp5fzsklmae,ok,197754
58,bafybeihetwptyurtth65nlpbxkprqsjgjup6ooj5f67l6oumar3bt4aojq,bafybeihetwptyurtth65nlpbxkprqsjgjup6ooj5f67l6oumar3bt4aojq,ok,206773
59,bafybeiex3vcid32ok4puhurbxx23nb7hpiv5dxgi7h67zui4uiytelaana,bafybeiex3vcid32ok4puhurbxx23nb7hpiv5dxgi7h67zui4uiytelaana,ok,146414
60,bafybeidjyekya62gto7sny6cszwieked2an3mpja7xepngbh54ilt6w2lm,bafybeidjyekya62gto7sny6cszwieked2an3mpja7xepngbh54ilt6w2lm,ok,134934
61,bafybeig765mmnwrroyzhklszoe6mswgh7b7m6gkls47rwxockcwdm7vxb4,bafybeig765mmnwrroyzhklszoe6mswgh7b7m6gkls47rwxockcwdm7vxb4,ok,223830
62,bafybeiccjrzub27th57ot3eim5es3izil2alccvizlbekzlbtw4j7a2elq,bafybeiccjrzub27th57ot3eim5es3izil2alccvizlbekzlbtw4j7a2elq,ok,135228
63,bafybeidr4eqpwys7lir3yv5k4or7a3gcq2smjmjxemu6qgxvjmhqrvgq54,bafybeidr4eqpwys7lir3yv5k4or7a3gcq2smjmjxemu6qgxvjmhqrvgq54,ok,152616
64,bafybeifioetlk5killkobshy7pclkugrz7ejfv2tswsdp337bxydcar3ee,bafybeifioetlk5killkobshy7pclkugrz7ejfv2tswsdp337bxydcar3ee,ok,161589
65,bafybeiekvu3kodat3ax4zghz3fk2boot6w7kmhpmt6cdz2jja65ovc6wpa,bafybeiekvu3kodat3ax4zghz3fk2boot6w7kmhpmt6cdz2jja65ovc6wpa,ok,120254
66,bafybeideysylhot64y7xqvo4fat4aop5dkxopizxiaxj43mpi6qumzdf54,bafybeideysylhot64y7xqvo4fat4aop5dkxopizxiaxj43mpi6qumzdf54,ok,139772
67,bafybeic6dti6rsjub2ownrsvxnwujrcr7bac57kx7to7oseegzl2awg2mi,bafybeic6dti6rsjub2ownrsvxnwujrcr7bac57kx7to7oseegzl2awg2mi,ok,185197
68,bafybeifpimj45uxkephu3mwz4rlphbwzmlqixxqvb5sgyeif65w6sjouue,bafybeifpimj45uxkephu3mwz4rlphbwzmlqixxqvb5sgyeif65w6sjouue,ok,159815
69,bafybeifbjjkfec74ngv4sebia6non7c7ezaehxcfehud7la664c6xsw24e,bafybeifbjjkfec74ngv4sebia6non7c7ezaehxcfehud7la664c6xsw24e,ok,250816
70,bafybeih4pcafixb6md45dwgeesis7z6nlfu5pnk5glv2gtaviatdwtnqwe,bafybeih4pcafixb6md45dwgeesis7z6nlfu5pnk5glv2gtaviatdwtnqwe,ok,134912
71,bafybeigzng5ubtdgutccewxhv2k5rv4iixmwhff5zdl5x6wkjfwduvi3yy,bafybeigzng5ubtdgutccewxhv2k5rv4iixmwhff5zdl5x6wkjfwduvi3yy,ok,181147
72,bafybeie2phrchkuggjxoxdxzllc5j6djy7nhbigvsq6jc2kmywqph2wysq,bafybeie2phrchkuggjxoxdxzllc5j6djy7nhbigvsq6jc2kmywqph2wysq,ok,169113
73,bafybeihpqkdm647h4zw7yniuw2ggjbwwgzpy3nabgcglmhospq5bizyioi,bafybeihpqkdm647h4zw7yniuw2ggjbwwgzpy3nabgcglmhospq5bizyioi,ok,219700
74,bafybeieafleaaq63vdt6l27kzuynmbrs2nek4cciyxcp73vql5s6croq2a,bafybeieafleaaq63vdt6l27kzuynmbrs2nek4cciyxcp73vql5s6croq2a,ok,275748
75,bafybeifnhq5m6f757q4jd5jycrej2vtyf7ru53qu5csfrztqdjcdqr42v4,bafybeifnhq5m6f757q4jd5jycrej2vtyf7ru53qu5csfrztqdjcdqr42v4,ok,252894
76,bafybeiduuywtkogl3ievtirel5ubbsvfhszghbh6rywemsxefy6qkjpqfa,bafybeiduuywtkogl3ievtirel5ubbsvfhszghbh6rywemsxefy6qkjpqfa,ok,255566
77,bafybeielgfakgfvxiwxvpiutw33fso3krjgjml3q2wdy3yrcqva7ip774i,bafybeielgfakgfvxiwxvpiutw33fso3krjgjml3q2wdy3yrcqva7ip774i,ok,205446
78,bafybeihe5qw6nwvewh27nahtk453ektufynbfd3f5wmzpnf6zbxxl3kowa,bafybeihe5qw6nwvewh27nahtk453ektufynbfd3f5wmzpnf6zbxxl3kowa,ok,139765
79,bafybeid75vfurdzvucprglyga3j5kwsx2ca5nsbywiddyxrc3amx4hegha,bafybeid75vfurdzvucprglyga3j5kwsx2ca5nsbywiddyxrc3amx4hegha,ok,266146
80,bafybeihs6hwn7vqbncjqzxiqfoe4tgzak64f55cqx2y6iwzi4wezy4e7iq,bafybeihs6hwn7vqbncjqzxiqfoe4tgzak64f55cqx2y6iwzi4wezy4e7iq,ok,155274
81,bafybeihhczl6xyu4dfhbwtaslatsv5kt5n3oyjsqmc4obapkcuhjrzkkom,bafybeihhczl6xyu4dfhbwtaslatsv5kt5n3oyjsqmc4obapkcuhjrzkkom,ok,148616
82,bafybeiakiw5mu5eyhmzvblon7tn3gvpwg25cfqh3xjo3c7lgfbi45lmljy,bafybeiakiw5mu5eyhmzvblon7tn3gvpwg25cfqh3xjo3c7lgfbi45lmljy,ok,212057
83,bafybeiaxsoojpxtcqfhwnxnemen6tbdgomnunbihhgj2dbmzeaj7xeagui,bafybeiaxsoojpxtcqfhwnxnemen6tbdgomnunbihhgj2dbmzeaj7xeagui,ok,131692
84,bafybeie27hdvk6vipuz3dv6a3ftkxroqtju56sniv7z4m2p5syuwlhwziy,bafybeie27hdvk6vipuz3dv6a3ftkxroqtju56sniv7z4m2p5syuwlhwziy,ok,164313
85,bafybeihhlfkhxfuosnbvez6i6k2x2eir6bsawybhkx5nkbalf6hrkyniom,bafybeihhlfkhxfuosnbvez6i6k2x2eir6bsawybhkx5nkbalf6hrkyniom,ok,148114
86,bafybeihu65wbe7qq44eqwtepnve44shcrns2rsbmqjt4ybgziuvlwqp76q,bafybeihu65wbe7qq44eqwtepnve44shcrns2rsbmqjt4ybgziuvlwqp76q,ok,219811
87,bafybeiaq6yspsrzdk2ocb3bqlql45ph6tcfgb7u2t5flqxqqtlyrnei7em,bafybeiaq6yspsrzdk2ocb3bqlql45ph6tcfgb7u2t5flqxqqtlyrnei7em,ok,120690
88,bafybeihr3dpo4zxihc7soufrnorb4lx3n7pvd3pdhs3ljdeibjspcs65ui,bafybeihr3dpo4zxihc7soufrnorb4lx3n7pvd3pdhs3ljdeibjspcs65ui,ok,151305
89,bafybeidsf4fe2q2ve4lj3p66wb3j7mgsha573shofz4ynts5tcn3bma3oq,bafybeidsf4fe2q2ve4lj3p66wb3j7mgsha573shofz4ynts5tcn3bma3oq,ok,186881
90,bafybeiavrdj3sedhhwoaaftypgnj6kxmpwtpk7rsmlsprxmrxcllntsc2a,bafybeiavrdj3sedhhwoaaftypgnj6kxmpwtpk7rsmlsprxmrxcllntsc2a,ok,183475
91,bafybeie7uztjgafyomny64a3vjpdmlmiew6xeml3yhwrsuuw6xeoak2uhy,bafybeie7uztjgafyomny64a3vjpdmlmiew6xeml3yhwrsuuw6xeoak2uhy,ok,224911
92,bafybeigs3o7oh2cyq7esvgebymfxvrb63rodbxpc26w3xrt35xpavi2gjq,bafybeigs3o7oh2cyq7esvgebymfxvrb63rodbxpc26w3xrt35xpavi2gjq,ok,141532
93,bafybeidwdy2b7glw2minkpy37teszjmq6o37wegybbry3uan2enhlcpv54,bafybeidwdy2b7glw2minkpy37teszjmq6o37wegybbry3uan2enhlcpv54,ok,215467
94,bafybeic3fs5fyn6gafxjgly64furfzm43p3bjtpvfnjfkhl2vg4udi36oe,bafybeic3fs5fyn6gafxjgly64furfzm43p3bjtpvfnjfkhl2vg4udi36oe,ok,153070
95,bafybeib4exhnsuiun6rxmls4sistk7ewaejt47go6b7vzn37tc2jxirpg4,bafybeib4exhnsuiun6rxmls4sistk7ewaejt47go6b7vzn37tc2jxirpg4,ok,240078
96,bafybeidnbsmwuts4n7sf35bk7za6j4llxazru2gscqcjxxnthbo4eapifq,bafybeidnbsmwuts4n7sf35bk7za6j4llxazru2gscqcjxxnthbo4eapifq,ok,155925
97,bafybeigchqazkl5wxykimsfs6i2yj5urdv6cak2z4562wc4oxgfriyrr6u,bafybeigchqazkl5wxykimsfs6i2yj5urdv6cak2z4562wc4oxgfriyrr6u,ok,166806
98,bafybeia3342sxdnukk2ohhvtf7op5eflr3rjpukwhlp4bxo2uj54vj54xi,bafybeia3342sxdnukk2ohhvtf7op5eflr3rjpukwhlp4bxo2uj54vj54xi,ok,263483
99,bafybeiapkokdyhhf34rhvfyt2vjcnfrgyukzzc6bg4sguqjowyepf3jq4a,bafybeiapkokdyhhf34rhvfyt2vjcnfrgyukzzc6bg4sguqjowyepf3jq4a,ok,133851
100,bafybeih66fnjzmtmcgij2zwhqui4f7udqw2vtuk3adyyhx4hw3yf7qcu7i,bafybeih66fnjzmtmcgij2zwhqui4f7udqw2vtuk3adyyhx4hw3yf7qcu7i,ok,200898
101,bafybeifta5sn2ibthkkwk6p7rxf6vgv7qmtaulewzpfelhzak6dyr3fety,bafybeifta5sn2ibthkkwk6p7rxf6vgv7qmtaulewzpfelhzak6dyr3fety,ok,147882
102,bafybeif7nglbo4mlppo5sxqe6jbfbbpcblrs7seq4ngt37nhjsm7be5pb4,bafybeif7nglbo4mlppo5sxqe6jbfbbpcblrs7seq4ngt37nhjsm7be5pb4,ok,172750
103,bafybeiawqqs7hh2m4ydh5lnevmm5bcn6wz7hmxa3y3felmqtcitrsydcqa,bafybeiawqqs7hh2m4ydh5lnevmm5bcn6wz7hmxa3y3felmqtcitrsydcqa,ok,235573
104,bafybeiema4wkd6enhdik754akzx7pylfgijuzryjpn2m2hbjxzrombo7di,bafybeiema4wkd6enhdik754akzx7pylfgijuzryjpn2m2hbjxzrombo7di,ok,252860
105,bafybeietthphveftznjkt53uats3h5iibmlqr3xc75fq6jk5z2dpy2bj4e,bafybeietthphveftznjkt53uats3h5iibmlqr3xc75fq6jk5z2dpy2bj4e,ok,250913
106,bafybeibhqbgr3jeowt6gbtng4yxhdt4vj5cjyztug2rv3bvecufeu7u7em,bafybeibhqbgr3jeowt6gbtng4yxhdt4vj5cjyztug2rv3bvecufeu7u7em,ok,240835
107,bafybeia2cnbuqmy5b5r5x3psbkmt2sk5jdkojoyrdtq4qfkthfvuslkvz4,bafybeia2cnbuqmy5b5r5x3psbkmt2sk5jdkojoyrdtq4qfkthfvuslkvz4,ok,236391
108,bafybeiah4r5gc6sxzcvdv3jxjqmz4sp7gjjep35ajtt2dfbnqxp6so6ozi,bafybeiah4r5gc6sxzcvdv3jxjqmz4sp7gjjep35ajtt2dfbnqxp6so6ozi,ok,251130
109,bafybeifwzse2fvjmr5mhvchdpow3upxif5nvjiyrs4fffd6uobsi37kgiq,bafybeifwzse2fvjmr5mhvchdpow3upxif5nvjiyrs4fffd6uobsi37kgiq,ok,135224
110,bafybeig23kvusj7tj2r6viykx4dg22inaxfube7onqsvfn7lccz7dc2xp4,bafybeig23kvusj7tj2r6viykx4dg22inaxfube7onqsvfn7lccz7dc2xp4,ok,158624
111,bafybeigm4khhgq5e4fz3e3qjtzmc5qxoofnxtajdxsa5abtyucoaxhueza,bafybeigm4khhgq5e4fz3e3qjtzmc5qxoofnxtajdxsa5abtyucoaxhueza,ok,116310
112,bafybeibjutwtlszef7xtpkilbbrei5gnuvuzlpquortkky7msek5x66xyi,bafybeibjutwtlszef7xtpkilbbrei5gnuvuzlpquortkky7msek5x66xyi,ok,134054
113,bafybeiekgfxsuwgz6mnddieab4vztp53iwkhaxtqamfxpo23trap2ajtne,bafybeiekgfxsuwgz6mnddieab4vztp53iwkhaxtqamfxpo23trap2ajtne,ok,183592
114,bafybeidut75fyp774lx7jeizamxmqodzt2whguksltgrveigxpd3yrtjpa,bafybeidut75fyp774lx7jeizamxmqodzt2whguksltgrveigxpd3yrtjpa,ok,141560
115,bafybeihkiv4lu4cise7z3qxnqy2lvbakhhqgephm255r53cveljqe3bpti,bafybeihkiv4lu4cise7z3qxnqy2lvbakhhqgephm255r53cveljqe3bpti,ok,145287
116,bafybeihrs2scdq37y46krtp7jaldypizzyeabet56aarvfg4sx6uqxxrci,bafybeihrs2scdq37y46krtp7jaldypizzyeabet56aarvfg4sx6uqxxrci,ok,228846
117,bafybeib3hwudtpuucgtq3rj63jut6vfxrt2uhavcbb3v7v346tcyag5dwa,bafybeib3hwudtpuucgtq3rj63jut6vfxrt2uhavcbb3v7v346tcyag5dwa,ok,209197
118,bafybeigv6ulolu7ji2pdpz566f6osrzqnjvgz36nvv3j36kbnlqu272iam,bafybeigv6ulolu7ji2pdpz566f6osrzqnjvgz36nvv3j36kbnlqu272iam,ok,228231
119,bafybeibnujtowvlifqxd5v366dhhleci7zds5v4dluuxbwedfoypx7zida,bafybeibnujtowvlifqxd5v366dhhleci7zds5v4dluuxbwedfoypx7zida,ok,188065
120,bafybeigi6cgonywrqnt52dmio5indhrnn3hw33cpuz46grm7owv6u4qdka,bafybeigi6cgonywrqnt52dmio5indhrnn3hw33cpuz46grm7owv6u4qdka,ok,193253
121,bafybeiavap73tvdf2abg3gkamil7ijgwddfsfkkuoda7al7sgugjisxl7y,bafybeiavap73tvdf2abg3gkamil7ijgwddfsfkkuoda7al7sgugjisxl7y,ok,172304
122,bafybeigshcxht77vlbmo6pyh54jvydkkuqdcluns6alkjgk76utbh73t2y,bafybeigshcxht77vlbmo6pyh54jvydkkuqdcluns6alkjgk76utbh73t2y,ok,133129
123,bafybeidl22oigohcr364r4xeaekhfisinurhaxodbmfu2eb7erx6u2ro4a,bafybeidl22oigohcr364r4xeaekhfisinurhaxodbmfu2eb7erx6u2ro4a,ok,235576
124,bafybeig6jnrfnolc7icv46icjugxwqeieexei5nduhw7i2cdfchpbjjplq,bafybeig6jnrfnolc7icv46icjugxwqeieexei5nduhw7i2cdfchpbjjplq,ok,201921
125,bafybeieocpfsltq7dpxlpcvbllzgcsmn6ki5m5xgv56gxfdjjrk53rrrb4,bafybeieocpfsltq7dpxlpcvbllzgcsmn6ki5m5xgv56gxfdjjrk53rrrb4,ok,128038
126,bafybeib3ggsj5sprrbr2kysczf2bqa6iexyj7twksbktqm2gf2pdieux2q,bafybeib3ggsj5sprrbr2kysczf2bqa6iexyj7twksbktqm2gf2pdieux2q,ok,253449
127,bafybeihwvpav6rwray3mbs5e47t6ldcpytlhnz3mfvlj62sinqitwnbmmi,bafybeihwvpav6rwray3mbs5e47t6ldcpytlhnz3mfvlj62sinqitwnbmmi,ok,214778
128,bafybeib4p2cfyit4gjqillrwgjyxa46fbsnmzxngdtqkzwehh6wlboftdy,bafybeib4p2cfyit4gjqillrwgjyxa46fbsnmzxngdtqkzwehh6wlboftdy,ok,140250
129,bafybeiagbtn6svr2khvcs2wy23a7garkob3mac5rl52x2ezhgtslbvazgq,bafybeiagbtn6svr2khvcs2wy23a7garkob3mac5rl52x2ezhgtslbvazgq,ok,187546
130,bafybeiathipneainuveyz43jtla5lf2h6ciejz73hqellif3nlbilvp5n4,bafybeiathipneainuveyz43jtla5lf2h6ciejz73hqellif3nlbilvp5n4,ok,172361
131,bafybeiakkdps6ssll43m5cvrwsvc6l5ljuxmcokjic4lvucjk2i2cj6bwm,bafybeiakkdps6ssll43m5cvrwsvc6l5ljuxmcokjic4lvucjk2i2cj6bwm,ok,221087
132,bafybeibnjwlhyejiywg5vd5a5lxdulju3ewiuxtbl2oaef7jb2piplsv7q,bafybeibnjwlhyejiywg5vd5a5lxdulju3ewiuxtbl2oaef7jb2piplsv7q,ok,230709
133,bafybeifrs4fffrookfebhjxqsdpzsktymxbyjla4wntu7gxmsiqfofcueq,bafybeifrs4fffrookfebhjxqsdpzsktymxbyjla4wntu7gxmsiqfofcueq,ok,167761
134,bafybeibjxh6guish4i2mnzq75xiv5fltlmcp3soamilmkhv2jwkryadloq,bafybeibjxh6guish4i2mnzq75xiv5fltlmcp3soamilmkhv2jwkryadloq,ok,220888
135,bafybeibkzzuztxnkhv64rb4dpxym2tkjee4yrneik5dcc3zuxaj47umk7q,bafybeibkzzuztxnkhv64rb4dpxym2tkjee4yrneik5dcc3zuxaj47umk7q,ok,193854
136,bafybeidgvii2fg6od2vwuigua3jnhcumir4ssyyfhiguj2ciq2l7fyypxe,bafybeidgvii2fg6od2vwuigua3jnhcumir4ssyyfhiguj2ciq2l7fyypxe,ok,218706
137,bafybeiemtnkjqdsngv765pzty6cj2g2czjqouqcmc2rbua4gdetyvjv5bu,bafybeiemtnkjqdsngv765pzty6cj2g2czjqouqcmc2rbua4gdetyvjv5bu,ok,219389
138,bafybeic5uhp5duckwkyqba47yjhpyhq3z7ne6s24uxjamr2lpeum52yxsm,bafybeic5uhp5duckwkyqba47yjhpyhq3z7ne6s24uxjamr2lpeum52yxsm,ok,212711
139,bafybeib6z7av6qeybrky3rwyx2hp34fclxneyfns64bm3fcb4gopk763zm,bafybeib6z7av6qeybrky3rwyx2hp34fclxneyfns64bm3fcb4gopk763zm,ok,219411
140,bafybeietgfmhz6fsxvnzulxv6xtf42nzq6px6m6xbsc23766nxl5ayz5a4,bafybeietgfmhz6fsxvnzulxv6xtf42nzq6px6m6xbsc23766nxl5ayz5a4,ok,193547
141,bafybeia4rvzmyztus5wz672uoorebscsbaktlr4ygpwhdynfugj5melftq,bafybeia4rvzmyztus5wz672uoorebscsbaktlr4ygpwhdynfugj5melftq,ok,150884
142,bafybeiedh7s7ef6ndlwo7bgtjhe5ioakh64ccxukeehqfnj7eblmwweru4,bafybeiedh7s7ef6ndlwo7bgtjhe5ioakh64ccxukeehqfnj7eblmwweru4,ok,166481
143,bafybeihapsktu6iaroarwid33ofzvwqtkzkzlev3yo6xckux3gwwixsfku,bafybeihapsktu6iaroarwid33ofzvwqtkzkzlev3yo6xckux3gwwixsfku,ok,183149
144,bafybeigr2lxum7x3hk7lgbyssnafybpg4amtitmyce6xprhpqesnygzloi,bafybeigr2lxum7x3hk7lgbyssnafybpg4amtitmyce6xprhpqesnygzloi,ok,135581
145,bafybeifckzq3q7cvubgfcpndeoud6fgnilqr3rgowj4okv4lglsxznzv5e,bafybeifckzq3q7cvubgfcpndeoud6fgnilqr3rgowj4okv4lglsxznzv5e,ok,182456
146,bafybeigv7sbdelptetfpr6qd6bz4l5nmxl5bxs42va4g73xfotqdfgupvi,bafybeigv7sbdelptetfpr6qd6bz4l5nmxl5bxs42va4g73xfotqdfgupvi,ok,168068
147,bafybeibnwunaftb3dusx524ezp5j4cdilyzebvwdxrzpidamt4q7j6xi44,bafybeibnwunaftb3dusx524ezp5j4cdilyzebvwdxrzpidamt4q7j6xi44,ok,206892
148,bafybeicpsvk7e2fqdnn3qy6firksfcuosjodn23iwx37ds4dpthqqfloca,bafybeicpsvk7e2fqdnn3qy6firksfcuosjodn23iwx37ds4dpthqqfloca,ok,179764
149,bafybeid3hakwfkwjxedrhmoqbagdoxvybm2sf2kyoe6ugwuzkaj76cac2y,bafybeid3hakwfkwjxedrhmoqbagdoxvybm2sf2kyoe6ugwuzkaj76cac2y,ok,203383
150,bafybeigfkarwj63dvhfkv5af23lat4rkh4g36safeajw56w2b7hhjadxsm,bafybeigfkarwj63dvhfkv5af23lat4rkh4g36safeajw56w2b7hhjadxsm,ok,207613
151,bafybeiejokqvn4wyzpkdffouv2sinv3635ena67ygqm4v6szei7dmhtgdu,bafybeiejokqvn4wyzpkdffouv2sinv3635ena67ygqm4v6szei7dmhtgdu,ok,202828
152,bafybeie7qvpont2ybbzblok7aelfxj4ft7by4geiwdhub73iexafhflfly,bafybeie7qvpont2ybbzblok7aelfxj4ft7by4geiwdhub73iexafhflfly,ok,225338
153,bafybeiezh6actpq2fyymybalgn3jxjfxhojgwv5s2sq4b2beegnw7ifbpq,bafybeiezh6actpq2fyymybalgn3jxjfxhojgwv5s2sq4b2beegnw7ifbpq,ok,166467
154,bafybeibx4gh3ahwc6g6lhytvblltekd2fwrqoiv4wtnjlopydrjmbe2a4m,bafybeibx4gh3ahwc6g6lhytvblltekd2fwrqoiv4wtnjlopydrjmbe2a4m,ok,235809
155,bafybeid6kv6mbdbynkqzk3an2zmasqkurnh6gkics74iwtxsnr464vthum,bafybeid6kv6mbdbynkqzk3an2zmasqkurnh6gkics74iwtxsnr464vthum,ok,217120
156,bafybeich2ktn5etgda5yanxaj577lovbsbrkvbx2m6wp4zfvlfwihhvqsq,bafybeich2ktn5etgda5yanxaj577lovbsbrkvbx2m6wp4zfvlfwihhvqsq,ok,224858
157,bafybeigwwsaxaith5n5ldxumew7btkqrr3ylx332rt5cs3v3yxpuadubk4,bafybeigwwsaxaith5n5ldxumew7btkqrr3ylx332rt5cs3v3yxpuadubk4,ok,212822
158,bafybeihtdkvaulty4aua4i5pphxshrq2gyxnujt55tsgfsuh43dauajnby,bafybeihtdkvaulty4aua4i5pphxshrq2gyxnujt55tsgfsuh43dauajnby,ok,222479
159,bafybeiaqs3szaw42c7gtdxbtfhvdssldq2zlmi34nb4w5bdudyy5qw23fu,bafybeiaqs3szaw42c7gtdxbtfhvdssldq2zlmi34nb4w5bdudyy5qw23fu,ok,210235
160,bafybeiebkn43orovjoztkxwd24pr6m73obwyngnbhuaxn7l73mtmeqfbra,bafybeiebkn43orovjoztkxwd24pr6m73obwyngnbhuaxn7l73mtmeqfbra,ok,234971
161,bafybeibas5isdnltd7pqd3ldxi2zsrnrahtwsrmezoypguwf2hb2ihtcn4,bafybeibas5isdnltd7pqd3ldxi2zsrnrahtwsrmezoypguwf2hb2ihtcn4,ok,176541
162,bafybeiblbuovs3u7j53ovske4ir6zmxhifznlo6y2lbxqk56h7ynd5ifeq,bafybeiblbuovs3u7j53ovske4ir6zmxhifznlo6y2lbxqk56h7ynd5ifeq,ok,178251
163,bafybeihf7ilj2seep3peaq2a7o3wkycaaew22nwz6fhl2binccsfn2jjla,bafybeihf7ilj2seep3peaq2a7o3wkycaaew22nwz6fhl2binccsfn2jjla,ok,287464
164,bafybeien6wgcl7gedd6wss4fvndwabn2hnvsclofviqyogk6y2dvlwwwu4,bafybeien6wgcl7gedd6wss4fvndwabn2hnvsclofviqyogk6y2dvlwwwu4,ok,216629
165,bafybeiaawtzpxcfez5clvaouxtorkcxeveo5rsia262sdqc35whxygezxi,bafybeiaawtzpxcfez5clvaouxtorkcxeveo5rsia262sdqc35whxygezxi,ok,204011
166,bafybeig5lyjvm7h7acmxzadnxyw72mjqt7jtefviwpevbluijatalvy3uu,bafybeig5lyjvm7h7acmxzadnxyw72mjqt7jtefviwpevbluijatalvy3uu,ok,165222
167,bafybeid22hihwsvs3pl5psgv662vequf2r7ztrzxhgbbtydn7xyp6mmjeq,bafybeid22hihwsvs3pl5psgv662vequf2r7ztrzxhgbbtydn7xyp6mmjeq,ok,216071
168,bafybeiejmzqjl2wjyg3j4aahca4ilnrbk6yrcxmgnthnhdqrrl2icj4ny4,bafybeiejmzqjl2wjyg3j4aahca4ilnrbk6yrcxmgnthnhdqrrl2icj4ny4,ok,188663
169,bafybeiamvjgoklp36vme3ypsvb7ipwst3oo2jknxn75pdylixvpbf7acem,bafybeiamvjgoklp36vme3ypsvb7ipwst3oo2jknxn75pdylixvpbf7acem,ok,227624
170,bafybeiddoqwpzahrptwbc6kvwgdbaqxriw4ubaoqculo6tphhiglg5uede,bafybeiddoqwpzahrptwbc6kvwgdbaqxriw4ubaoqculo6tphhiglg5uede,ok,192252
171,bafybeifbbsbrontbltrtx463udvnekumuemseje3ennxarfeneqtxiy2iq,bafybeifbbsbrontbltrtx463udvnekumuemseje3ennxarfeneqtxiy2iq,ok,235734
172,bafybeihcxqjdoiz22qwcsarg7deci5h5bhc2joqeasrqb26naa52j4sknu,bafybeihcxqjdoiz22qwcsarg7deci5h5bhc2joqeasrqb26naa52j4sknu,ok,150708
173,bafybeicvg2md2qic5nbpi6rgx2pfz5mcpsrybap2yltsgz55nnbkly26sm,bafybeicvg2md2qic5nbpi6rgx2pfz5mcpsrybap2yltsgz55nnbkly26sm,ok,144817
174,bafybeihbuvcsowijdkqehzzkref2scixwg2l6uzcilqu2f6zhizduplile,bafybeihbuvcsowijdkqehzzkref2scixwg2l6uzcilqu2f6zhizduplile,ok,232803
175,bafybeigulvcwo46uzfcqeyqy6udoxf4zbw4653prl3grujjic6kajip57m,bafybeigulvcwo46uzfcqeyqy6udoxf4zbw4653prl3grujjic6kajip57m,ok,143727
176,bafybeihuicqc5dppblnr2ldejkn2yj3w7edkix6h7ayy57k27somwlw7dy,bafybeihuicqc5dppblnr2ldejkn2yj3w7edkix6h7ayy57k27somwlw7dy,ok,165630
177,bafybeih4spyl5oax3fzy72dveqzfpsbfj3p3ttejutkkldkltgz27lmcly,bafybeih4spyl5oax3fzy72dveqzfpsbfj3p3ttejutkkldkltgz27lmcly,ok,265902
178,bafybeiabvnhzmrvvgsrdeww6dasrzspsn4lyxiixtpfw7fk37y7sydacpy,bafybeiabvnhzmrvvgsrdeww6dasrzspsn4lyxiixtpfw7fk37y7sydacpy,ok,143782
179,bafybeieoofqm7rrfevceenxe5dwdscvekw63zraxg7jryepv22y65bt5ky,bafybeieoofqm7rrfevceenxe5dwdscvekw63zraxg7jryepv22y65bt5ky,ok,144426
180,bafybeidaoax4blasjpq6kflr6b7x2qqfycucuelaj56wx4xr527zucxqsu,bafybeidaoax4blasjpq6kflr6b7x2qqfycucuelaj56wx4xr527zucxqsu,ok,212152
181,bafybeiannkgmxkrwibd6jecdkll2ckxcx34og2dr5vujqox3qkds6k5ute,bafybeiannkgmxkrwibd6jecdkll2ckxcx34og2dr5vujqox3qkds6k5ute,ok,200014
182,bafybeibbjhx2evdblsh35eh3ddbjfibky6jvaonzoz62va3t2yzcxdpqty,bafybeibbjhx2evdblsh35eh3ddbjfibky6jvaonzoz62va3t2yzcxdpqty,ok,147013
183,bafybeiai66w3ybcmmay6trfy6pmypakjfkktyvfk7gnrmxerunphtzshv4,bafybeiai66w3ybcmmay6trfy6pmypakjfkktyvfk7gnrmxerunphtzshv4,ok,132599
184,bafybeifnlc5xr6w7c3yhg4pbdwvhzb6m2vnv4gny7mouwndjm4h5jxzque,bafybeifnlc5xr6w7c3yhg4pbdwvhzb6m2vnv4gny7mouwndjm4h5jxzque,ok,142829
185,bafybeihy4u4obutixcmun45p2t4xeaotfzx5hhp3qshkr6wpvd5qnc7rou,bafybeihy4u4obutixcmun45p2t4xeaotfzx5hhp3qshkr6wpvd5qnc7rou,ok,135240
186,bafybeicasbbrxmsa2r4u3z3jbahvpeettgw7jxnkgvcsppvkl22kfbgnae,bafybeicasbbrxmsa2r4u3z3jbahvpeettgw7jxnkgvcsppvkl22kfbgnae,ok,173888
187,bafybeidu3rdddzb2iqnxg567clybkh5aeuilcljrf2iml2ulvrtxwa2k5q,bafybeidu3rdddzb2iqnxg567clybkh5aeuilcljrf2iml2ulvrtxwa2k5q,ok,164393
188,bafybeiebcwv6yeahtkg23brzfdsns6asutb7f555t55kszq3g56gkhqp44,bafybeiebcwv6yeahtkg23brzfdsns6asutb7f555t55kszq3g56gkhqp44,ok,240550
189,bafybeibzm72k36johpal26rqnvlmyimy6hjoljdyeh2o7u4shh2vrr4ccq,bafybeibzm72k36johpal26rqnvlmyimy6hjoljdyeh2o7u4shh2vrr4ccq,ok,119950
190,bafybeiadwrw2r6s5hac4lc352og7jrary3gkgw5o4nbua6tn725x5vf7bi,bafybeiadwrw2r6s5hac4lc352og7jrary3gkgw5o4nbua6tn725x5vf7bi,ok,113694
191,bafybeicpy2szcrekbbk42ahoeysufbxqgnutpzgrkxl2ndk6w4xjkxt4ty,bafybeicpy2szcrekbbk42ahoeysufbxqgnutpzgrkxl2ndk6w4xjkxt4ty,ok,214743
192,bafybeigfhoyqbf2zncxcftpd7ni6es3xhk6zpkoybi4dpguynjx3j6k3je,bafybeigfhoyqbf2zncxcftpd7ni6es3xhk6zpkoybi4dpguynjx3j6k3je,ok,160510
193,bafybeic444lwxrka7ftn6cmvzjumzgoc2o65roi3ugyogo35x5jfntb55e,bafybeic444lwxrka7ftn6cmvzjumzgoc2o65roi3ugyogo35x5jfntb55e,ok,250467
194,bafybeihvsy3e447vgyegcmnb37uzl3d7d62tmmb7tgrrxei7ntdi3gsfpq,bafybeihvsy3e447vgyegcmnb37uzl3d7d62tmmb7tgrrxei7ntdi3gsfpq,ok,145390
195,bafybeihx6rtcek3tkphw7zy2v4kona6cl2zf37w5qcrm5temxamyoshpce,bafybeihx6rtcek3tkphw7zy2v4kona6cl2zf37w5qcrm5temxamyoshpce,ok,162588
196,bafybeibtke4xk3bn4fdbtlxqiuze2l5yu7t6ruu5bl5ozasqyvdjjlr52u,bafybeibtke4xk3bn4fdbtlxqiuze2l5yu7t6ruu5bl5ozasqyvdjjlr52u,ok,191914
197,bafybeie6di6izywhyow23yq5hxbzvo7bwr7jeuljrjwko4xxdtowdqkbvy,bafybeie6di6izywhyow23yq5hxbzvo7bwr7jeuljrjwko4xxdtowdqkbvy,ok,254024
198,bafybeies6qwxecdg67vfd7rkohobknb44lqjonbn2wtgbpagcz6dxbfmi4,bafybeies6qwxecdg67vfd7rkohobknb44lqjonbn2wtgbpagcz6dxbfmi4,ok,229501
199,bafybeihjzjirhvwlj4cqldppzdyszl65mesglvcnp5vfpzhltea6do7cyu,bafybeihjzjirhvwlj4cqldppzdyszl65mesglvcnp5vfpzhltea6do7cyu,ok,186185
200,bafybeihsxqhzpjhmrvdqosw63agqhpg2aps36at3ae6rekfrrdttunyuei,bafybeihsxqhzpjhmrvdqosw63agqhpg2aps36at3ae6rekfrrdttunyuei,ok,134938
201,bafybeiggzmu4odxypmy72bkfeds6fgd3vkmciqcjflri2mzbr47suhy7o4,bafybeiggzmu4odxypmy72bkfeds6fgd3vkmciqcjflri2mzbr47suhy7o4,ok,224098
202,bafybeievvneufdggtr7uryj4otd5zv6sodkhao73zqfwiyj7n7pdyp2dhe,bafybeievvneufdggtr7uryj4otd5zv6sodkhao73zqfwiyj7n7pdyp2dhe,ok,172537
203,bafybeialvrwzpxsg6bcpqetwnmcjcjjqf2t2hulsa5youfqa3qwylvwwry,bafybeialvrwzpxsg6bcpqetwnmcjcjjqf2t2hulsa5youfqa3qwylvwwry,ok,209581
204,bafybeigseoefvtmwwi6tvwaiwd6ohfzq4nqpzbrb6lwfze7qw77elvwd5q,bafybeigseoefvtmwwi6tvwaiwd6ohfzq4nqpzbrb6lwfze7qw77elvwd5q,ok,238184
205,bafybeiebdpxkkhvjauggjkfoqms6lr2v24xm6fcayjoodbe7novco2ncnm,bafybeiebdpxkkhvjauggjkfoqms6lr2v24xm6fcayjoodbe7novco2ncnm,ok,261389
206,bafybeife37bwdpx7nwg6fx5fewqk6szzquzjpy5svxi2s2v4twpbb567bu,bafybeife37bwdpx7nwg6fx5fewqk6szzquzjpy5svxi2s2v4twpbb567bu,ok,170883
207,bafybeicutbp4ajyq3dq74lffxqyu4qa6omq56blieboyjuedwrhb2lfl44,bafybeicutbp4ajyq3dq74lffxqyu4qa6omq56blieboyjuedwrhb2lfl44,ok,147577
208,bafybeia3elvqzxohy7xe7sku52zcl5ufzgvp7qgioumwolksvnvcxqjzae,bafybeia3elvqzxohy7xe7sku52zcl5ufzgvp7qgioumwolksvnvcxqjzae,ok,250657
209,bafybeiabsepyhn4mnrhyqtcpq737tudtwtqc3uhujwamzs7o3j25lv25wm,bafybeiabsepyhn4mnrhyqtcpq737tudtwtqc3uhujwamzs7o3j25lv25wm,ok,273911
210,bafybeieyzlmwavgy5yuotbzdobyt4bdklftjxxsbpqntamuzlofzh5nzbe,bafybeieyzlmwavgy5yuotbzdobyt4bdklftjxxsbpqntamuzlofzh5nzbe,ok,225693
211,bafybeiaqbl5q5b4zxibgbipxkev3egnakozm2dde7gtlrxci2ipsydzhly,bafybeiaqbl5q5b4zxibgbipxkev3egnakozm2dde7gtlrxci2ipsydzhly,ok,146513
212,bafybeifpxevps4acvvl63uqzv7cdhqfbs44p6zumrptgyiaqtkzwxtwkuy,bafybeifpxevps4acvvl63uqzv7cdhqfbs44p6zumrptgyiaqtkzwxtwkuy,ok,160012
213,bafybeiegb7u7acv743ymatnyie34vuphb3az5tf7mm6conih5vpechmjky,bafybeiegb7u7acv743ymatnyie34vuphb3az5tf7mm6conih5vpechmjky,ok,210842
214,bafybeidftsdjsytnrs3wtndkiucdo6tgyf2sivf6sp7bou42jsef2wyq6y,bafybeidftsdjsytnrs3wtndkiucdo6tgyf2sivf6sp7bou42jsef2wyq6y,ok,225714
215,bafybeifjofiopsc7l3klo5vdkbibsmk3dlfeamugpw5b64xk3uar6ul4ay,bafybeifjofiopsc7l3klo5vdkbibsmk3dlfeamugpw5b64xk3uar6ul4ay,ok,220031
216,bafybeidcioyrcb3oyfraiqyrx74bq7kbynozyjod2mhvgcnntvqbpjgjo4,bafybeidcioyrcb3oyfraiqyrx74bq7kbynozyjod2mhvgcnntvqbpjgjo4,ok,177139
217,bafybeiclcltiw3lbgglcvqiudkgeg5x6uh5l6z6qigba76j4hbke675aga,bafybeiclcltiw3lbgglcvqiudkgeg5x6uh5l6z6qigba76j4hbke675aga,ok,199286
218,bafybeiffiiyb45vqb4tzducklzgx5osjb74hs3cuqq4pgwcwd4y6jnh4fe,bafybeiffiiyb45vqb4tzducklzgx5osjb74hs3cuqq4pgwcwd4y6jnh4fe,ok,140232
219,bafybeicvrtu2szbxz5x574kgiskqatqg3utg7rludpsmavsmacxuuqxbya,bafybeicvrtu2szbxz5x574kgiskqatqg3utg7rludpsmavsmacxuuqxbya,ok,167069
220,bafybeiavrfwkyoogwudxjaehf4ixykpxd65le53v6ozmgjb2rakod4edae,bafybeiavrfwkyoogwudxjaehf4ixykpxd65le53v6ozmgjb2rakod4edae,ok,265062
221,bafybeieihma7oh3hfx5ed6rpdnqxrbrfoqjdysfxiqe7zq7b5cdroe7noa,bafybeieihma7oh3hfx5ed6rpdnqxrbrfoqjdysfxiqe7zq7b5cdroe7noa,ok,200970
222,bafybeifdzot4dxsntz2bwrmg2273xlw4k3s76leqw4pd3vruhu5saeawvm,bafybeifdzot4dxsntz2bwrmg2273xlw4k3s76leqw4pd3vruhu5saeawvm,ok,139960
223,bafybeic7avydlyaegzmozp5q3l2raer332uu3dzjg7cd34djq426qa4nqm,bafybeic7avydlyaegzmozp5q3l2raer332uu3dzjg7cd34djq426qa4nqm,ok,140459
224,bafybeidqkve3syfko5aibxaodiqindljbs4uzvjbc3tmfwb3aupvbqshd4,bafybeidqkve3syfko5aibxaodiqindljbs4uzvjbc3tmfwb3aupvbqshd4,ok,142807
225,bafybeihj3fwdqeqvhlvref4n7dlky3smagp5gnaluwog5k3ypif3xnt644,bafybeihj3fwdqeqvhlvref4n7dlky3smagp5gnaluwog5k3ypif3xnt644,ok,182941
226,bafybeiaz6po45uy7izuju5frmt35ypwx24ubduj25jmdkv5y7v54llr7gm,bafybeiaz6po45uy7izuju5frmt35ypwx24ubduj25jmdkv5y7v54llr7gm,ok,151065
227,bafybeiekq4mps6iwif3qtjxeflcegcbpcthxqfn4mfkht3j3evbxrgvfki,bafybeiekq4mps6iwif3qtjxeflcegcbpcthxqfn4mfkht3j3evbxrgvfki,ok,184248
228,bafybeid426unxnvn2zbslaififxepdfgxhcm2s3hcjjt4rypwjglwkxjkm,bafybeid426unxnvn2zbslaififxepdfgxhcm2s3hcjjt4rypwjglwkxjkm,ok,146245
229,bafybeig4orc7g2dywuzajckyrlxdjj4i7whe7p6o74urvpjv2nt6dxp5jm,bafybeig4orc7g2dywuzajckyrlxdjj4i7whe7p6o74urvpjv2nt6dxp5jm,ok,223453
230,bafybeieadtry5oust65oubxt5hxh3pvs2ptqdxltp2lg6ekll22wmv35o4,bafybeieadtry5oust65oubxt5hxh3pvs2ptqdxltp2lg6ekll22wmv35o4,ok,240600
231,bafybeib6bmpbj3vye4k2zrohm5k2adzf2aiorprg2bigkavmzj4qfij4ea,bafybeib6bmpbj3vye4k2zrohm5k2adzf2aiorprg2bigkavmzj4qfij4ea,ok,208736
232,bafybeihjt36bkak4t4rcu46ah7wvy7dyobi7t5rqqndvxthwabem3hf76e,bafybeihjt36bkak4t4rcu46ah7wvy7dyobi7t5rqqndvxthwabem3hf76e,ok,139374
233,bafybeigpmfmvroimw2lymxkjk4csge72nv6o7loax65xygj4vdtqtofu3q,bafybeigpmfmvroimw2lymxkjk4csge72nv6o7loax65xygj4vdtqtofu3q,ok,178569
234,bafybeid7va4p53e5a2jtvqedniqhraltfiy6pahdbofggovf6bci54ufxy,bafybeid7va4p53e5a2jtvqedniqhraltfiy6pahdbofggovf6bci54ufxy,ok,176195
235,bafybeibnhk37u7qyscp5dko7cjyvk72djtkuwelmqxnm4stcwf7ky7etze,bafybeibnhk37u7qyscp5dko7cjyvk72djtkuwelmqxnm4stcwf7ky7etze,ok,211677
236,bafybeiaqhuh5oesprun5q5al3xr6nmvzoe6onm7chqyeskcboxys75j6my,bafybeiaqhuh5oesprun5q5al3xr6nmvzoe6onm7chqyeskcboxys75j6my,ok,238816
237,bafybeigxyowbd7xurmvlklchxouidrxaiomjvpvyd5q4acoyadxzh4qira,bafybeigxyowbd7xurmvlklchxouidrxaiomjvpvyd5q4acoyadxzh4qira,ok,237755
238,bafybeibonbunkrexug72bcm6zzzmdc453o4or2pqk62tosa3yfjr2nevsi,bafybeibonbunkrexug72bcm6zzzmdc453o4or2pqk62tosa3yfjr2nevsi,ok,235293
239,bafybeigmepcsyfbuv3gcav4732ybja4qezbzaz5duz3sjwnazzulxbe7ge,bafybeigmepcsyfbuv3gcav4732ybja4qezbzaz5duz3sjwnazzulxbe7ge,ok,176785
240,bafybeibhulwt42akjiwtay652semtp5by3qqmnwiseqbrfmkzm5nvhwtbu,bafybeibhulwt42akjiwtay652semtp5by3qqmnwiseqbrfmkzm5nvhwtbu,ok,218188
241,bafybeibtnvo2kt6xqmeylisqm4h4n276rroiotfx5zjd6exbgok4wr2upi,bafybeibtnvo2kt6xqmeylisqm4h4n276rroiotfx5zjd6exbgok4wr2upi,ok,201426
242,bafybeieuuj5iydkifw5fqxawriwrtfb5klqfwxrgqrg6enh5l6cghqjinu,bafybeieuuj5iydkifw5fqxawriwrtfb5klqfwxrgqrg6enh5l6cghqjinu,ok,161627
243,bafybeiawsnmamewr6y3j5pnz5gybparclckgmazs3ony433rczyqvvbi5a,bafybeiawsnmamewr6y3j5pnz5gybparclckgmazs3ony433rczyqvvbi5a,ok,170049
244,bafybeidys2fijmqagrlhktt6dmujbzg4k2hr222q5hzoljevsqbsdhqfea,bafybeidys2fijmqagrlhktt6dmujbzg4k2hr222q5hzoljevsqbsdhqfea,ok,147973
245,bafybeicqcm6wozlbthaxqx2gztchgxpptwfv4247we5jd5jstwvhv67emm,bafybeicqcm6wozlbthaxqx2gztchgxpptwfv4247we5jd5jstwvhv67emm,ok,249951
246,bafybeie5qsurbrir4bq3ozc7w4za7ihrczdknhexomdhxqa3g3edl455jq,bafybeie5qsurbrir4bq3ozc7w4za7ihrczdknhexomdhxqa3g3edl455jq,ok,225065
247,bafybeignorpyt6xzknkehelm6jegil2ygajzm6uy3ftdxjc26f32dn3uai,bafybeignorpyt6xzknkehelm6jegil2ygajzm6uy3ftdxjc26f32dn3uai,ok,264481
248,bafybeigojucrykzpt2psc4lk63fo2lfeuczbpy55ve7y3somwuczwmfiyu,bafybeigojucrykzpt2psc4lk63fo2lfeuczbpy55ve7y3somwuczwmfiyu,ok,130607
249,bafybeiaeo25hpnakpudoxuhk7ouitmjkc62psdunqbdlcxqina72eln6de,bafybeiaeo25hpnakpudoxuhk7ouitmjkc62psdunqbdlcxqina72eln6de,ok,158539
250,bafybeihkv3fsskgmafymjyct54bxe7dl7fnxapkzg5j7btxtuwwyep63xy,bafybeihkv3fsskgmafymjyct54bxe7dl7fnxapkzg5j7btxtuwwyep63xy,ok,191063
251,bafybeihekavojhj4lnsfdrnl5ktmxg33nojhtlmwgjjfpyrejxkwpymv74,bafybeihekavojhj4lnsfdrnl5ktmxg33nojhtlmwgjjfpyrejxkwpymv74,ok,192841
252,bafybeihlpo4qoilljl2ren3a4pnwicyjvrbknm2s2vlmrxrnmhfuarppxq,bafybeihlpo4qoilljl2ren3a4pnwicyjvrbknm2s2vlmrxrnmhfuarppxq,ok,215939
253,bafybeieqfls5z23etvybu4cytjfiqt6y3paexd4mci3s6pergxnkwd7n5q,bafybeieqfls5z23etvybu4cytjfiqt6y3paexd4mci3s6pergxnkwd7n5q,ok,194992
254,bafybeie22ccq3ivn46mlo5ctawh5y46mr7kzdqmhrvcimb2e5tlqm3abpe,bafybeie22ccq3ivn46mlo5ctawh5y46mr7kzdqmhrvcimb2e5tlqm3abpe,ok,222157
255,bafybeihztspuwygmexfqwqhfopg4dxdsemq6t3vjujazxmiqgy6fl632ja,bafybeihztspuwygmexfqwqhfopg4dxdsemq6t3vjujazxmiqgy6fl632ja,ok,152926
256,bafybeiaiqt7lmbk62wzbgebaylmjggb75n3b3hg4rnngpfnbwm3jhyx7x4,bafybeiaiqt7lmbk62wzbgebaylmjggb75n3b3hg4rnngpfnbwm3jhyx7x4,ok,164588
257,bafybeib24yg6raz7lztiwp2bgrsgu2xzjladuowgzzruo2gdjtemiiijdu,bafybeib24yg6raz7lztiwp2bgrsgu2xzjladuowgzzruo2gdjtemiiijdu,ok,169424
258,bafybeiczhjet44yk7gkpyxzumokupb4hiskmddvqgyvfjroq3xxansu7xi,bafybeiczhjet44yk7gkpyxzumokupb4hiskmddvqgyvfjroq3xxansu7xi,ok,156459
259,bafybeid4jiadqehadgluuhcd4vx7maa6okxoy2e52llj7hffu6u5v5kfia,bafybeid4jiadqehadgluuhcd4vx7maa6okxoy2e52llj7hffu6u5v5kfia,ok,171710
260,bafybeiaale445mub6t5wi24i4gmvaqokqwswawvtoac4y2layh2seqtyzq,bafybeiaale445mub6t5wi24i4gmvaqokqwswawvtoac4y2layh2seqtyzq,ok,216557
261,bafybeid2vligupewtnmfkpkn5pm2dbps36xbjbdmb3shpgc3reqdpoozsy,bafybeid2vligupewtnmfkpkn5pm2dbps36xbjbdmb3shpgc3reqdpoozsy,ok,152394
262,bafybeidnsoftxizvos5rwxvwz7pf5ihulkxe26ae6dzitlbiicmtnslzga,bafybeidnsoftxizvos5rwxvwz7pf5ihulkxe26ae6dzitlbiicmtnslzga,ok,213837
263,bafybeic2ilf47qzkcrzkuepglkbg2osaokaffsffrgdc2it4dohsmrnsje,bafybeic2ilf47qzkcrzkuepglkbg2osaokaffsffrgdc2it4dohsmrnsje,ok,181019
264,bafybeia5x7uqkets3zy4ccicggezzanjsqszghhrspzehn6ocxkscn6msy,bafybeia5x7uqkets3zy4ccicggezzanjsqszghhrspzehn6ocxkscn6msy,ok,120090
265,bafybeigcx3qyskxiesxymphlnmrllrg4zm7x33wni5rkjwhyylehdcpidi,bafybeigcx3qyskxiesxymphlnmrllrg4zm7x33wni5rkjwhyylehdcpidi,ok,256139
266,bafybeiexkqrspshdxk5yirju3f32w2cjmvz4ogzbz5ehqyn6jdxidzjiue,bafybeiexkqrspshdxk5yirju3f32w2cjmvz4ogzbz5ehqyn6jdxidzjiue,ok,227613
267,bafybeiaoyldky2uvcykkda7ub7szcf3vj4z7f7xuqyf4hfo3gpthza2gky,bafybeiaoyldky2uvcykkda7ub7szcf3vj4z7f7xuqyf4hfo3gpthza2gky,ok,181395
268,bafybeihejuwsypoodxuobq23x62sve7qakiyjrqy4jf2am4l4fagu2ejr4,bafybeihejuwsypoodxuobq23x62sve7qakiyjrqy4jf2am4l4fagu2ejr4,ok,217800
269,bafybeih7pfsfbljidlzptegigge4tamrqhlxr6oefzuj4ddnlezhv53b5u,bafybeih7pfsfbljidlzptegigge4tamrqhlxr6oefzuj4ddnlezhv53b5u,ok,195027
270,bafybeigijf7h3xqyp53horvu3ozgne2sbrroaty6c5idhponpvsyv5ydsi,bafybeigijf7h3xqyp53horvu3ozgne2sbrroaty6c5idhponpvsyv5ydsi,ok,202206
271,bafybeidie3tmpnemyyfq6hyjeweiis3obdh76q6xtu2ltdhd5vnofxgb2a,bafybeidie3tmpnemyyfq6hyjeweiis3obdh76q6xtu2ltdhd5vnofxgb2a,ok,267322
272,bafybeiafoc4erzv2n7rijz24ruveuaii7dpx5wp5xspagisqw4negwyd3m,bafybeiafoc4erzv2n7rijz24ruveuaii7dpx5wp5xspagisqw4negwyd3m,ok,233305
273,bafybeifbt45smnxhv2hxgrnku5npgxsnqjswzu2pqty2mwtzcrlwosy4pi,bafybeifbt45smnxhv2hxgrnku5npgxsnqjswzu2pqty2mwtzcrlwosy4pi,ok,158205
274,bafybeie4ptdbxwd6inhux6rproqny4dzqmiedn7ftfjrfsmorrqsuv4djq,bafybeie4ptdbxwd6inhux6rproqny4dzqmiedn7ftfjrfsmorrqsuv4djq,ok,149238
275,bafybeidjuv64pt7uwtqlibrg7cvffvdihlrvo57xfl5ybqsofgfvs45e4i,bafybeidjuv64pt7uwtqlibrg7cvffvdihlrvo57xfl5ybqsofgfvs45e4i,ok,183129
276,bafybeicylawsuygjxwujiblaxphrmbh3ndyzj7x7si3r4mueuz2jbji3t4,bafybeicylawsuygjxwujiblaxphrmbh3ndyzj7x7si3r4mueuz2jbji3t4,ok,163515
277,bafybeibbnpdawbixgl3aplg2phyfpplk2ujtsa3ga5spx6yshninm6r32a,bafybeibbnpdawbixgl3aplg2phyfpplk2ujtsa3ga5spx6yshninm6r32a,ok,199667
278,bafybeie3vmefdunp7t6nxibiokxvynqmlsdv3wmc63cuaxgo5rkqldbcxy,bafybeie3vmefdunp7t6nxibiokxvynqmlsdv3wmc63cuaxgo5rkqldbcxy,ok,184091
279,bafybeihvmgn65t276f7pzor6u36hbcdyqyzhm5jotjsmr2ovh2bhdjxss4,bafybeihvmgn65t276f7pzor6u36hbcdyqyzhm5jotjsmr2ovh2bhdjxss4,ok,101581
280,bafybeifncr7buathsoaakq4eqpm4kcydrzeu723dxqwvlapfz3rrsymjju,bafybeifncr7buathsoaakq4eqpm4kcydrzeu723dxqwvlapfz3rrsymjju,ok,200891
281,bafybeift37usr5dtiwz4jwuiqskfmkx34pn2tvd7abid4bw47ykem7ozjq,bafybeift37usr5dtiwz4jwuiqskfmkx34pn2tvd7abid4bw47ykem7ozjq,ok,218366
282,bafybeighzuj244ngfkvvz2yg3qnwf6lggvxmkp5lr5dpnllufh5i4i7acy,bafybeighzuj244ngfkvvz2yg3qnwf6lggvxmkp5lr5dpnllufh5i4i7acy,ok,219004
283,bafybeibzlgtyidu64vsstvnnt2hnvqo6zbhoeot3dgz7ti634fzny7zsqy,bafybeibzlgtyidu64vsstvnnt2hnvqo6zbhoeot3dgz7ti634fzny7zsqy,ok,141578
284,bafybeif55phwjnr4uucvz5mj5jhuo3ip2py55avksuuj46gqktl4dali4i,bafybeif55phwjnr4uucvz5mj5jhuo3ip2py55avksuuj46gqktl4dali4i,ok,226573
285,bafybeig6fcpzaifi7bu4lcd3of5y6x4hplak2wqwhdfvjlygvwvcqu7q5u,bafybeig6fcpzaifi7bu4lcd3of5y6x4hplak2wqwhdfvjlygvwvcqu7q5u,ok,227396
286,bafybeifk75exfwbybwvq7mu52hu5jcdel7nwnoxznb5nlouasmydcqq5ya,bafybeifk75exfwbybwvq7mu52hu5jcdel7nwnoxznb5nlouasmydcqq5ya,ok,185433
287,bafybeifmixjozvkruydjgpca3wooqmgobu227eoy3vlg5qsaenunog6lbi,bafybeifmixjozvkruydjgpca3wooqmgobu227eoy3vlg5qsaenunog6lbi,ok,223591
288,bafybeihqggblnxdkgiqtpvxrhmmyobujtwowaj4mzwbpt2fhkytqer43su,bafybeihqggblnxdkgiqtpvxrhmmyobujtwowaj4mzwbpt2fhkytqer43su,ok,170600
289,bafybeicm67j4u6j7u4mv7zgknigdui3lyt35rahylvbjzwupm26jihyovi,bafybeicm67j4u6j7u4mv7zgknigdui3lyt35rahylvbjzwupm26jihyovi,ok,126759
290,bafybeig4zg2uk7irl7ldjhxahsh2jhlgt7pbsk3gijiuehyp6xyhlclbuu,bafybeig4zg2uk7irl7ldjhxahsh2jhlgt7pbsk3gijiuehyp6xyhlclbuu,ok,205436
291,bafybeig2yepwnh6aqnoqm7uua2vmn62hnokmvmrzzc7tgo73rnmsawu67a,bafybeig2yepwnh6aqnoqm7uua2vmn62hnokmvmrzzc7tgo73rnmsawu67a,ok,220901
292,bafybeicsb577saj37izcxmtgi6ji6whypiuw2edanrbxie4vkm2jmm2g4i,bafybeicsb577saj37izcxmtgi6ji6whypiuw2edanrbxie4vkm2jmm2g4i,ok,168745
293,bafybeifd6xtg6fczdetf7fnos36rjzjg6ziys2mxleawpunebb34jerqzq,bafybeifd6xtg6fczdetf7fnos36rjzjg6ziys2mxleawpunebb34jerqzq,ok,168255
294,bafybeib5ylg2ujpnotfhfbt23kjurn5zeghx2ild2orhzgc2zqel7eroqq,bafybeib5ylg2ujpnotfhfbt23kjurn5zeghx2ild2orhzgc2zqel7eroqq,ok,143217
295,bafybeig5zbrznxy4i6bs4ynleqtdrofbedhl246nyp66hkiwlom6gbfri4,bafybeig5zbrznxy4i6bs4ynleqtdrofbedhl246nyp66hkiwlom6gbfri4,ok,163915
296,bafybeignangpz7np3e2ntgcgbjcgwd3j4fvgal6xvm5rx45omoefl4ber4,bafybeignangpz7np3e2ntgcgbjcgwd3j4fvgal6xvm5rx45omoefl4ber4,ok,228272
297,bafybeiavnxir2dl3frm3nhrwdfs7yjo2ustmam2wvpgfxjzfcvvalhrrkq,bafybeiavnxir2dl3frm3nhrwdfs7yjo2ustmam2wvpgfxjzfcvvalhrrkq,ok,214242
298,bafybeihclvld3hudwt57agbxiysrzb6ehj5wqkwcatd7wolcfh3qv76gfu,bafybeihclvld3hudwt57agbxiysrzb6ehj5wqkwcatd7wolcfh3qv76gfu,ok,153805
299,bafybeiaqmeaanz3uck3idbo44xeijk4daovjj77cuahryadhxalamhf4va,bafybeiaqmeaanz3uck3idbo44xeijk4daovjj77cuahryadhxalamhf4va,ok,138719
300,bafybeiajsyi6qbquvltyvsdmw2o6rn3i2x6coyg3ivs2alplbjl2qz2mrm,bafybeiajsyi6qbquvltyvsdmw2o6rn3i2x6coyg3ivs2alplbjl2qz2mrm,ok,181541
301,bafybeicqsnmslsy3r4xyd7lqkahut73eip7hxk5okgkysuruy6r4g7mmwy,bafybeicqsnmslsy3r4xyd7lqkahut73eip7hxk5okgkysuruy6r4g7mmwy,ok,181163
302,bafybeiewvkko7oylzwq5msdm4jipyafcpvjmmw7tec2tuhhepucpzukz5q,bafybeiewvkko7oylzwq5msdm4jipyafcpvjmmw7tec2tuhhepucpzukz5q,ok,185205
303,bafybeichh6hyxjsxknnpc3pnzo53k74i22lcavqft5ii43gdcltwiudb24,bafybeichh6hyxjsxknnpc3pnzo53k74i22lcavqft5ii43gdcltwiudb24,ok,149598
304,bafybeigs7pwjyc7ip7agdkjx5oteiiumynbhby4ywcp3qwoa2xge5hunei,bafybeigs7pwjyc7ip7agdkjx5oteiiumynbhby4ywcp3qwoa2xge5hunei,ok,208589
305,bafybeick2xpuoaitn744j2iasglful3eaxbu52onzvn2bfwrvicwzoaexm,bafybeick2xpuoaitn744j2iasglful3eaxbu52onzvn2bfwrvicwzoaexm,ok,176933
306,bafybeicehuidq4zkqynzzllczf5cq4gpvy3koseweg6flwehgbmgghiudm,bafybeicehuidq4zkqynzzllczf5cq4gpvy3koseweg6flwehgbmgghiudm,ok,157377
307,bafybeicrp5llxv5of7bk354y3snmjeoexw2l5wmnr2fbjdkj5yvkgvxymy,bafybeicrp5llxv5of7bk354y3snmjeoexw2l5wmnr2fbjdkj5yvkgvxymy,ok,132361
308,bafybeicspywf5mdibjvppme7paq66gqhlvfdqpkog43qhr6652hjmur5wa,bafybeicspywf5mdibjvppme7paq66gqhlvfdqpkog43qhr6652hjmur5wa,ok,193303
309,bafybeigljnywzkzqympeccjyydfhbcvpgbsknszsadmgfwhaula6f6mb6a,bafybeigljnywzkzqympeccjyydfhbcvpgbsknszsadmgfwhaula6f6mb6a,ok,198897
310,bafybeigt7s2wgsr5r2lb2k26kvmdfniuvpyobd4jpnh7q3rc4muq7kfusu,bafybeigt7s2wgsr5r2lb2k26kvmdfniuvpyobd4jpnh7q3rc4muq7kfusu,ok,199627
311,bafybeieo2szcy4nhodzg4xx25b2qjwcaqkrehpytjutesgwiky5sez5jku,bafybeieo2szcy4nhodzg4xx25b2qjwcaqkrehpytjutesgwiky5sez5jku,ok,155963
312,bafybeico7nqj4s63mqboedthvmd4pjt6oyvjw4slsedfgekulvuwoozdua,bafybeico7nqj4s63mqboedthvmd4pjt6oyvjw4slsedfgekulvuwoozdua,ok,148387
313,bafybeieo7hh32idat54lyvqyolrzgvjw77lxnsk23h3s2x3snbv4ppzo4e,bafybeieo7hh32idat54lyvqyolrzgvjw77lxnsk23h3s2x3snbv4ppzo4e,ok,190479
314,bafybeiaucrian2dl3feukfcybtitywrevd35pisbk3nz3uk4kjvgit4wtq,bafybeiaucrian2dl3feukfcybtitywrevd35pisbk3nz3uk4kjvgit4wtq,ok,185609
315,bafybeifu4v753vhiroytf2b2lnrzcr2ifuate7zw6mkshpsb4e3utbtije,bafybeifu4v753vhiroytf2b2lnrzcr2ifuate7zw6mkshpsb4e3utbtije,ok,241884
316,bafybeicbo4qfg3febeyhzjooj367muiv5z2uro5m2gpeg74gopakvxkkhy,bafybeicbo4qfg3febeyhzjooj367muiv5z2uro5m2gpeg74gopakvxkkhy,ok,188054
317,bafybeibnccjb4pwbka2s5ysyvcfja5624xpkddxt2vq73demxlarbnqilq,bafybeibnccjb4pwbka2s5ysyvcfja5624xpkddxt2vq73demxlarbnqilq,ok,152708
318,bafybeighylphhxhd6lcpz6m4laqeu2bafcwn3juar3die4do6xaqnwvwsa,bafybeighylphhxhd6lcpz6m4laqeu2bafcwn3juar3die4do6xaqnwvwsa,ok,160596
319,bafybeidmsbrq2s4eyknz3ei7pq3j4lkfsdlndsenivykxpyu36txgvvmyy,bafybeidmsbrq2s4eyknz3ei7pq3j4lkfsdlndsenivykxpyu36txgvvmyy,ok,258280
320,bafybeidms6vroi2abdzgfvhbef6oadxszaklivhgpbkgfh5pymka46uu54,bafybeidms6vroi2abdzgfvhbef6oadxszaklivhgpbkgfh5pymka46uu54,ok,194542
321,bafybeicizsod45uun3vrbnkry7wj7txegfo5uslkaugu4dmbpqtic7kdc4,bafybeicizsod45uun3vrbnkry7wj7txegfo5uslkaugu4dmbpqtic7kdc4,ok,123253
322,bafybeibgjvhcvzefovou7amdwrvfeyjxedsyttwynrbrjbyrkxgtl235xi,bafybeibgjvhcvzefovou7amdwrvfeyjxedsyttwynrbrjbyrkxgtl235xi,ok,195330
323,bafybeifv262nlsxw7bhcefrijamczcms7xoepksogw3vwppgoginyc5sou,bafybeifv262nlsxw7bhcefrijamczcms7xoepksogw3vwppgoginyc5sou,ok,182549
324,bafybeics3gxmkbvmujhrq4nj5llcx4vbczriljtfqmaqpulxfvarpig2mm,bafybeics3gxmkbvmujhrq4nj5llcx4vbczriljtfqmaqpulxfvarpig2mm,ok,144753
325,bafybeidqltxsfqz3q4dhneoiqiyvhwnt6awctbwt3n47yd4k3iffwrudw4,bafybeidqltxsfqz3q4dhneoiqiyvhwnt6awctbwt3n47yd4k3iffwrudw4,ok,161683
326,bafybeibpbajsjm2ysyae4man7bkb5smvvsecps73txubwtog6nth3oqz7y,bafybeibpbajsjm2ysyae4man7bkb5smvvsecps73txubwtog6nth3oqz7y,ok,138336
327,bafybeibnarjlfpfx7o4nheejtf3bfgndghoqa76vxqu73m4gwicc7m2jyu,bafybeibnarjlfpfx7o4nheejtf3bfgndghoqa76vxqu73m4gwicc7m2jyu,ok,185629
328,bafybeigicjpbuihiyu4fjdnac4bg5fq5naxuo5jb7nc4df7bjtgtprqtqy,bafybeigicjpbuihiyu4fjdnac4bg5fq5naxuo5jb7nc4df7bjtgtprqtqy,ok,183348
329,bafybeiffthzcmlyy2d2crsijsn7zvake65apkfouye6xrat5mul5733j6a,bafybeiffthzcmlyy2d2crsijsn7zvake65apkfouye6xrat5mul5733j6a,ok,211194
330,bafybeibjkcx6gbeuwlutsh4dq6ps7p4donh3n5qhfcpdecpwa37ugqjazq,bafybeibjkcx6gbeuwlutsh4dq6ps7p4donh3n5qhfcpdecpwa37ugqjazq,ok,243834
331,bafybeibgq6rdvpxk7cmay4azw2tiihvtpiulicyhtfrs65w47ruio22kbe,bafybeibgq6rdvpxk7cmay4azw2tiihvtpiulicyhtfrs65w47ruio22kbe,ok,185564
332,bafybeidxb3udtkifuahngzpst3id2o24qu4k7uwkaqjeuogodysn6crizy,bafybeidxb3udtkifuahngzpst3id2o24qu4k7uwkaqjeuogodysn6crizy,ok,193530
333,bafybeieepzhjxn3rolklaxdqxhib5ynnh3mog5gmdocvmhl7rgne72pgra,bafybeieepzhjxn3rolklaxdqxhib5ynnh3mog5gmdocvmhl7rgne72pgra,ok,214664
334,bafybeie642wy6hgrzfow6ylxztt2cfq6ul2r62e6du26be3ob3ugkuqgcy,bafybeie642wy6hgrzfow6ylxztt2cfq6ul2r62e6du26be3ob3ugkuqgcy,ok,170727
335,bafybeicf2u7diskv27aalttrnosk4lwotoravgjpwb5qhnklj5drsd4i5m,bafybeicf2u7diskv27aalttrnosk4lwotoravgjpwb5qhnklj5drsd4i5m,ok,140597
336,bafybeie2lqwitrk24nu4tsrixapt34nxc5zvpvqzm7dw4jpmulaztmyfz4,bafybeie2lqwitrk24nu4tsrixapt34nxc5zvpvqzm7dw4jpmulaztmyfz4,ok,213649
337,bafybeifrlsj7aah5hvweeszej5moqciqc7u74xssugdpcmvrnf3w3ixfvy,bafybeifrlsj7aah5hvweeszej5moqciqc7u74xssugdpcmvrnf3w3ixfvy,ok,129294
338,bafybeidfjveqokpghevp3lywz3ppo7sske44rhtcamnw5ozvrxareqwkvq,bafybeidfjveqokpghevp3lywz3ppo7sske44rhtcamnw5ozvrxareqwkvq,ok,168105
339,bafybeib24tku3z4rwnpfofaegfiictsa2bxnrzbi74hblllmdttkfbgxtu,bafybeib24tku3z4rwnpfofaegfiictsa2bxnrzbi74hblllmdttkfbgxtu,ok,176977
340,bafybeib24mg5q3g6sev26han3ipjilrc2vokyf5zdarbki45xkwt66sezy,bafybeib24mg5q3g6sev26han3ipjilrc2vokyf5zdarbki45xkwt66sezy,ok,216286
341,bafybeiejlf3ldj67nvyrs2srgjmesj73ytqcng6ma52tlrllns6w5y3eda,bafybeiejlf3ldj67nvyrs2srgjmesj73ytqcng6ma52tlrllns6w5y3eda,ok,161723
342,bafybeigs5eighari7q5hjddxharwqkvr7atc4ga5kiebtmqap66i2br6rq,bafybeigs5eighari7q5hjddxharwqkvr7atc4ga5kiebtmqap66i2br6rq,ok,204661
343,bafybeibkxe3fkszyx5ib36sh2ts3kv2hqyvaz5quw3jchncwvvjvkuqp6q,bafybeibkxe3fkszyx5ib36sh2ts3kv2hqyvaz5quw3jchncwvvjvkuqp6q,ok,228511
344,bafybeigmnxfdyde44gmiy2m3ycm33t6lfarrqog6ekiznpey4ylh4jhgsy,bafybeigmnxfdyde44gmiy2m3ycm33t6lfarrqog6ekiznpey4ylh4jhgsy,ok,222157
345,bafybeicr4udrnc5xwr4mq6mc4mzlhxqtmgk6iboigrtirfb24cxcfljstu,bafybeicr4udrnc5xwr4mq6mc4mzlhxqtmgk6iboigrtirfb24cxcfljstu,ok,155996
346,bafybeihernfok4qibw5nw4awmem6fw3hf2rpenrgd6lhqg24lic6wzaym4,bafybeihernfok4qibw5nw4awmem6fw3hf2rpenrgd6lhqg24lic6wzaym4,ok,216440
347,bafybeiegp2ku27cvgk3clukfdq2hdcubpfhfyyh4joviq2ogs6un6n2xqm,bafybeiegp2ku27cvgk3clukfdq2hdcubpfhfyyh4joviq2ogs6un6n2xqm,ok,221964
348,bafybeidfz3q5zulezwtkihjina3gxlap4uyurgp5e4b6uxa24gwqforsbi,bafybeidfz3q5zulezwtkihjina3gxlap4uyurgp5e4b6uxa24gwqforsbi,ok,134694
349,bafybeifczgprbuyyk33czzbwmc4iux3cpauttdfi5kckqvge3tsgruxol4,bafybeifczgprbuyyk33czzbwmc4iux3cpauttdfi5kckqvge3tsgruxol4,ok,137847
350,bafybeighurv26emoszmsift44ux5ldjnd7su5tmoocxxxt4bousnad6rp4,bafybeighurv26emoszmsift44ux5ldjnd7su5tmoocxxxt4bousnad6rp4,ok,163043
351,bafybeidfm7ce3qwzotqkzohzsg4rcmcyzouk7efizeixgwarmgiu4hqjua,bafybeidfm7ce3qwzotqkzohzsg4rcmcyzouk7efizeixgwarmgiu4hqjua,ok,152225
352,bafybeihiyeqs6peh3yrspcm5bdemea6sou4bvdp5ygy4ksmhwdhmixzt2u,bafybeihiyeqs6peh3yrspcm5bdemea6sou4bvdp5ygy4ksmhwdhmixzt2u,ok,141976
353,bafybeifckdpvh4ncy2w73ovsyfuvv43rexjd7l2nyukg3rwfzs7yv4wm3q,bafybeifckdpvh4ncy2w73ovsyfuvv43rexjd7l2nyukg3rwfzs7yv4wm3q,ok,215798
354,bafybeibkve5mfvjjcf5uocvgmuclym3ehpzo5ci3uhpdqgct5oc53yj3py,bafybeibkve5mfvjjcf5uocvgmuclym3ehpzo5ci3uhpdqgct5oc53yj3py,ok,223713
355,bafybeiavwdpb6szvaw4ilraeix4x4so4wyekfzob7u2fyohnoda42z2mg4,bafybeiavwdpb6szvaw4ilraeix4x4so4wyekfzob7u2fyohnoda42z2mg4,ok,214898
356,bafybeidcslkfm35ufr23xfqxdy6ib2lex2xaqfxvhzqzt5m3xpntjh52za,bafybeidcslkfm35ufr23xfqxdy6ib2lex2xaqfxvhzqzt5m3xpntjh52za,ok,180568
357,bafybeibs4dch4wlttu7442hmcg4t53w3sogc5m55mtpar7zjc374rf6gl4,bafybeihd3zwdepwd4ufoxsnsv2kuh44lwi5l3dv7xahurhgjxcyeakgih4,MISMATCH,199819
358,bafybeic7ac6vqr4yxc4amouz5qv7vlj6yrqnn3fo3dcq4e5yemtl2kpjwe,bafybeic7ac6vqr4yxc4amouz5qv7vlj6yrqnn3fo3dcq4e5yemtl2kpjwe,ok,198924
359,bafybeihrjaktjh3dt62fsiivnr4buhnhbnsjunwgwdlru336g3h3tbzjhe,bafybeihrjaktjh3dt62fsiivnr4buhnhbnsjunwgwdlru336g3h3tbzjhe,ok,195299
360,bafybeihjknw4e3janri3ikwlxhi6azlmmi6uoz3opsbyuflmnfpfazfnxi,bafybeihjknw4e3janri3ikwlxhi6azlmmi6uoz3opsbyuflmnfpfazfnxi,ok,197744
361,bafybeie7bqrz2gabvb4v6wdmuabwqmugxs5br2iyyelb7bxjrh6vgrhtsu,bafybeie7bqrz2gabvb4v6wdmuabwqmugxs5br2iyyelb7bxjrh6vgrhtsu,ok,234307
362,bafybeigoy7u422z57tbdq63vdyyydkw3wwdpfqc3egfohvtolalm24ey4m,bafybeigoy7u422z57tbdq63vdyyydkw3wwdpfqc3egfohvtolalm24ey4m,ok,235551
363,bafybeiggiw3tu7wrtwcitxrevklyekl2wv2y47nbnmqg3ssbwqvdydxwjq,bafybeiggiw3tu7wrtwcitxrevklyekl2wv2y47nbnmqg3ssbwqvdydxwjq,ok,169024
364,bafybeieol52hlp2dnzhljv6sg3cik4aplkm2otebzyhtyuwx5adcja3hou,bafybeieol52hlp2dnzhljv6sg3cik4aplkm2otebzyhtyuwx5adcja3hou,ok,215626
365,bafybeictazo33kgng52vaeqbklfjqc5vft3px7tu4tqqz5hgf5duuz5g3a,bafybeictazo33kgng52vaeqbklfjqc5vft3px7tu4tqqz5hgf5duuz5g3a,ok,149984
366,bafybeidpejxvlsk7m3ysywqyt3cihy3v7qb5e7bbfobffmd3nu7vyuo2rq,bafybeidpejxvlsk7m3ysywqyt3cihy3v7qb5e7bbfobffmd3nu7vyuo2rq,ok,237199
367,bafybeigbr7gzureygls56orxknrrggorgvedtnfo57hn27qnlrfgcnoyn4,bafybeigbr7gzureygls56orxknrrggorgvedtnfo57hn27qnlrfgcnoyn4,ok,230286
368,bafybeicbzljnxjwdtvbhpro45io7ajhqjip5zyam3eo44ybuy4dmspdmbi,bafybeicbzljnxjwdtvbhpro45io7ajhqjip5zyam3eo44ybuy4dmspdmbi,ok,218393
369,bafybeihdce4sw5nductetqwwa274vn5ntct3ucwjerbudqk7sctbqxpney,bafybeihdce4sw5nductetqwwa274vn5ntct3ucwjerbudqk7sctbqxpney,ok,154103
370,bafybeia7nqzmezbmfrtub2ydvh3maitp4776pbo6ymharkp6v3siwdgtyy,bafybeia7nqzmezbmfrtub2ydvh3maitp4776pbo6ymharkp6v3siwdgtyy,ok,225313
371,bafybeihdumfhasb25e3jlwv3ybmmmwh3jui2liqksjmo4es7ccjdecktgu,bafybeihdumfhasb25e3jlwv3ybmmmwh3jui2liqksjmo4es7ccjdecktgu,ok,255766
372,bafybeieswd76zi6hnvmc6ns6mffdqrho7dxbixfpwidmonh7i5objqxbqu,bafybeieswd76zi6hnvmc6ns6mffdqrho7dxbixfpwidmonh7i5objqxbqu,ok,170012
373,bafybeictp6fr3klp4kmt67cvfp6k2n3adpakpn4johkk2avsdjiked2iyi,bafybeictp6fr3klp4kmt67cvfp6k2n3adpakpn4johkk2avsdjiked2iyi,ok,122124
374,bafybeicxnvkqvoyjuao6tpj3znt5jshqj6n235ap37m5354pu7qohuk7qu,bafybeicxnvkqvoyjuao6tpj3znt5jshqj6n235ap37m5354pu7qohuk7qu,ok,169303
375,bafybeicdiflfymzpy5rfovui2zpnun2smrw3ysdw7n3duoy3jf55n6hppe,bafybeicdiflfymzpy5rfovui2zpnun2smrw3ysdw7n3duoy3jf55n6hppe,ok,193156
376,bafybeiemltq5q7ruo63643yilbchn5emiksda25khbu6eiqxrk5nvgqlrq,bafybeiemltq5q7ruo63643yilbchn5emiksda25khbu6eiqxrk5nvgqlrq,ok,226638
377,bafybeighfwf6f35arhexntpvwfiu3ruiurusxynmkolzv2kykt5mvbjb2i,bafybeighfwf6f35arhexntpvwfiu3ruiurusxynmkolzv2kykt5mvbjb2i,ok,223721
378,bafybeietypngdbkdu7ds6tum2vr7slfwbnvguadhdan5f27ibk7gsylfvm,bafybeietypngdbkdu7ds6tum2vr7slfwbnvguadhdan5f27ibk7gsylfvm,ok,138549
379,bafybeigxj6wuqkn52dtwopp6pzmnqu5utogi3j2q4powfrdvqo4itc4vga,bafybeigxj6wuqkn52dtwopp6pzmnqu5utogi3j2q4powfrdvqo4itc4vga,ok,237894
380,bafybeid4ysh6xdtftt3r3v6gunqiibh3rkghzrtflnqmzgfdtdnf4uzi4u,bafybeid4ysh6xdtftt3r3v6gunqiibh3rkghzrtflnqmzgfdtdnf4uzi4u,ok,165334
381,bafybeiajsj66a5n7mqejk57z67mldzqifqr7lrnfkbwbzvjlhgskjrpnx4,bafybeiajsj66a5n7mqejk57z67mldzqifqr7lrnfkbwbzvjlhgskjrpnx4,ok,221181
382,bafybeifikdifqlhzh2u25mcw5ya6t25cwuk6bmuwivlmy6wlywtbxnz3nu,bafybeifikdifqlhzh2u25mcw5ya6t25cwuk6bmuwivlmy6wlywtbxnz3nu,ok,250257
383,bafybeih3c3lx54zhlaknosnt734zkg2mdjnrq5cpgxgyus2t5pbxv3agxm,bafybeih3c3lx54zhlaknosnt734zkg2mdjnrq5cpgxgyus2t5pbxv3agxm,ok,178504
384,bafybeiejuijduh2qcirjy6jle75xz6hrgnhksizt46munh2lrdvxg6m2je,bafybeiejuijduh2qcirjy6jle75xz6hrgnhksizt46munh2lrdvxg6m2je,ok,138697
385,bafybeihlpb4cn2nokckbu5brghxdomyt2h35krialgg3vhdm22ke63qxmm,bafybeihlpb4cn2nokckbu5brghxdomyt2h35krialgg3vhdm22ke63qxmm,ok,239084
386,bafybeifl47ic4sinqh7dur2wohg7a6xkcgmbuf75sexgf2iyvpnseg7biu,bafybeifl47ic4sinqh7dur2wohg7a6xkcgmbuf75sexgf2iyvpnseg7biu,ok,141006
387,bafybeiazbz6llz56yujqtndr4nn6oqeuv4dk6r346bjsr7rqlhwfr7jtne,bafybeiazbz6llz56yujqtndr4nn6oqeuv4dk6r346bjsr7rqlhwfr7jtne,ok,189664
388,bafybeiet5wjxwlhua6agxpnzhq47yxze5osnnr4dq5jv4656wsk64fci5y,bafybeiet5wjxwlhua6agxpnzhq47yxze5osnnr4dq5jv4656wsk64fci5y,ok,159130
389,bafybeifbrzbdzx4qkoodacgwfxe7tgwtzgu3ydsqsclqipczwilu4l7qqa,bafybeifbrzbdzx4qkoodacgwfxe7tgwtzgu3ydsqsclqipczwilu4l7qqa,ok,164123
390,bafybeigbu4a26ups6wwiaeinr2mh527btawgtohmqcuisce64ziqw3qcvq,bafybeigbu4a26ups6wwiaeinr2mh527btawgtohmqcuisce64ziqw3qcvq,ok,214518
391,bafybeiey6vihqlytg2ymhvxe5u562dzxzoblt5g262yo6cksen2ni3hcca,bafybeiey6vihqlytg2ymhvxe5u562dzxzoblt5g262yo6cksen2ni3hcca,ok,125831
392,bafybeidc7ksu5gfhnt452s243ejuzc3mdna5uhupsxe3tssf4gnm3vq7uq,bafybeidc7ksu5gfhnt452s243ejuzc3mdna5uhupsxe3tssf4gnm3vq7uq,ok,205887
393,bafybeigci2tuswcnoifmojuv7tujahziqolyrxaw73ddmlkckwtxyotav4,bafybeigci2tuswcnoifmojuv7tujahziqolyrxaw73ddmlkckwtxyotav4,ok,152662
394,bafybeieuajbi47lg74k4a6z4cbry5fozg3s7sslrzhsjtyiao4byrcariy,bafybeieuajbi47lg74k4a6z4cbry5fozg3s7sslrzhsjtyiao4byrcariy,ok,146456
395,bafybeihgs76iglud2yocjq77k3ktkgutnkildgnqwbmxkrkhpfuzkotwha,bafybeihgs76iglud2yocjq77k3ktkgutnkildgnqwbmxkrkhpfuzkotwha,ok,145944
396,bafybeifvi6lpfcqhtred3knrubmtqtuxcxtaip2e4qblt66sd7dktt6idm,bafybeifvi6lpfcqhtred3knrubmtqtuxcxtaip2e4qblt66sd7dktt6idm,ok,149511
397,bafybeieral4pvbeptzmiozmoyn4xzditjbfgxaxwsklv5tjp6mz3xn5jua,bafybeieral4pvbeptzmiozmoyn4xzditjbfgxaxwsklv5tjp6mz3xn5jua,ok,124867
398,bafybeigoq54ebb5mmjoyuf57stmj236kl274l36sfa4ej2xksjoyous6vy,bafybeigoq54ebb5mmjoyuf57stmj236kl274l36sfa4ej2xksjoyous6vy,ok,193237
399,bafybeia2cus2ydf3piyr5bj224t33gnjuwub3mpbwjnltkxafrm2565exm,bafybeia2cus2ydf3piyr5bj224t33gnjuwub3mpbwjnltkxafrm2565exm,ok,247298
400,bafybeif2saqyewikxcwc7ybq7na7rkegrv22q2fnwaxpxhwr7frnyojzlu,bafybeif2saqyewikxcwc7ybq7na7rkegrv22q2fnwaxpxhwr7frnyojzlu,ok,108752
401,bafybeidito6fm2pvfrh7vpwr6kyradstgz5xfzyxilosqg6vqh6yhxyy6e,bafybeidito6fm2pvfrh7vpwr6kyradstgz5xfzyxilosqg6vqh6yhxyy6e,ok,203158
402,bafybeifavnpkwci4ttomuupfd3dijrmysq3g7k5jou3ggdoggguy5ubpt4,bafybeifavnpkwci4ttomuupfd3dijrmysq3g7k5jou3ggdoggguy5ubpt4,ok,191748
403,bafybeifnaeby2nht7iohe3mcei6y4emrcfbtpg6je624vkxnf2wozfzphi,bafybeifnaeby2nht7iohe3mcei6y4emrcfbtpg6je624vkxnf2wozfzphi,ok,244640
404,bafybeiaig3ry42jqnualxwp3ghmifgt6codgzxs56bcogufe5p4cqqdcl4,bafybeiaig3ry42jqnualxwp3ghmifgt6codgzxs56bcogufe5p4cqqdcl4,ok,186372
405,bafybeicec66k2nfnb56bshdnsmr5ozx4pahoriej5xmmyprzvlypccy3si,bafybeicec66k2nfnb56bshdnsmr5ozx4pahoriej5xmmyprzvlypccy3si,ok,220446
406,bafybeifk2cxj4xgxtnqunwdcwqxxwdme4idcwwf2pfu5aajufizxowzxcq,bafybeifk2cxj4xgxtnqunwdcwqxxwdme4idcwwf2pfu5aajufizxowzxcq,ok,208909
407,bafybeihkp6vj3nqmz4vishi6kh6vitc5xqalvdabi7jx327ff374pb7uiy,bafybeihkp6vj3nqmz4vishi6kh6vitc5xqalvdabi7jx327ff374pb7uiy,ok,115949
408,bafybeiaedll3ok5ehljgmt7jefmyisucjuvwhynvhgaza4ao4mesxao75q,bafybeiaedll3ok5ehljgmt7jefmyisucjuvwhynvhgaza4ao4mesxao75q,ok,261929
409,bafybeigeibubfhka55qloj3qlpfaefrgcqxlncfo2zmg5u34sbrbvrd5c4,bafybeigeibubfhka55qloj3qlpfaefrgcqxlncfo2zmg5u34sbrbvrd5c4,ok,208884
410,bafybeigoag3zjzkj5iuun4kok7ldbofxs2hqovy752ecc7dkqwzxot2mmy,bafybeigoag3zjzkj5iuun4kok7ldbofxs2hqovy752ecc7dkqwzxot2mmy,ok,179206
411,bafybeibn6ao4hia7hmeluuuskasrbt6t43rg5uvlxi3ptnhgbgkuc3dz7i,bafybeibn6ao4hia7hmeluuuskasrbt6t43rg5uvlxi3ptnhgbgkuc3dz7i,ok,138097
412,bafybeibx7i7mpi66ck2j2yvuteyag3fvzia6ggbgagn4hogydaz7cfhrue,bafybeibx7i7mpi66ck2j2yvuteyag3fvzia6ggbgagn4hogydaz7cfhrue,ok,139246
413,bafybeig7pc6lhq3vecqchhqv57uvyv3awo2qjpjvu6ldnhyqz3cvfbsp6a,bafybeig7pc6lhq3vecqchhqv57uvyv3awo2qjpjvu6ldnhyqz3cvfbsp6a,ok,266223
414,bafybeicd4m5s4yewyqdiatj4febqwkzpbwjwuii7ghyt7yi6zdfnrsripq,bafybeicd4m5s4yewyqdiatj4febqwkzpbwjwuii7ghyt7yi6zdfnrsripq,ok,210680
415,bafybeiglkwtyptjwcns5m4lx7jsk2ezimnpnovfmwhwogt4pw3fsxusvfm,bafybeiglkwtyptjwcns5m4lx7jsk2ezimnpnovfmwhwogt4pw3fsxusvfm,ok,166896
416,bafybeievvmdhl6gxnanl7cwur3y4jq5cvsc45df6p6l3f5qhsynnz65qua,bafybeievvmdhl6gxnanl7cwur3y4jq5cvsc45df6p6l3f5qhsynnz65qua,ok,192156
417,bafybeiaiojqfi76fil772q2vrlyw4uaj3x6wsq4c3csjw2g6vaikrrkgxe,bafybeiaiojqfi76fil772q2vrlyw4uaj3x6wsq4c3csjw2g6vaikrrkgxe,ok,191799
418,bafybeie2gra7ktb4ipuj3gs7ypnh3ek3u6kk2643mcm7r7kchjjf4cvcuu,bafybeie2gra7ktb4ipuj3gs7ypnh3ek3u6kk2643mcm7r7kchjjf4cvcuu,ok,168708
419,bafybeia4w3vl32gkmqswjuaomyonublpsdu4d7q5gtmoat2b6zk7a6k57y,bafybeia4w3vl32gkmqswjuaomyonublpsdu4d7q5gtmoat2b6zk7a6k57y,ok,195951
420,bafybeifwastppqad73uvqgzjcak6n3mwf44c5rungnyof2h2fkx4sx5bze,bafybeifwastppqad73uvqgzjcak6n3mwf44c5rungnyof2h2fkx4sx5bze,ok,248085
421,bafybeibfpbk5kjxu2xdsczzkb3anhngd7l52ac7jf4xeady6kjvkyba6sm,bafybeibfpbk5kjxu2xdsczzkb3anhngd7l52ac7jf4xeady6kjvkyba6sm,ok,160860
422,bafybeigliy3fhhrs2wiwyyn67aw4axppg3aphp7bupfosxum3p7bts5hye,bafybeigliy3fhhrs2wiwyyn67aw4axppg3aphp7bupfosxum3p7bts5hye,ok,156490
423,bafybeibuad3x5v35bwxoznnpunh5d5dtayktvjqli3x5zdxcmy7gpa4lqu,bafybeibuad3x5v35bwxoznnpunh5d5dtayktvjqli3x5zdxcmy7gpa4lqu,ok,223816
424,bafybeicmtmenkhyljvhgqcnsbqfgrk42faboy3rcde5znxxz2ecm4klalq,bafybeicmtmenkhyljvhgqcnsbqfgrk42faboy3rcde5znxxz2ecm4klalq,ok,219928
425,bafybeifglxwstscaq6u5fixdxxagjtb3klj2i4esov5zu7inflx43on6x4,bafybeifglxwstscaq6u5fixdxxagjtb3klj2i4esov5zu7inflx43on6x4,ok,138857
426,bafybeig722usojacu24f2lndtloeeizoc7cvua2ic2ckzbx5n6ofn3lskq,bafybeig722usojacu24f2lndtloeeizoc7cvua2ic2ckzbx5n6ofn3lskq,ok,126252
427,bafybeifpat3dh6xgemmauz52fegf7snypo3l26fkpl5ko2gmbeqere7tnq,bafybeifpat3dh6xgemmauz52fegf7snypo3l26fkpl5ko2gmbeqere7tnq,ok,113402
428,bafybeib2bmwobq276taankecvrmqvceugcmjhrppr4odtjgbidfroeh6iy,bafybeib2bmwobq276taankecvrmqvceugcmjhrppr4odtjgbidfroeh6iy,ok,162233
429,bafybeiabum5nmycqakwf6ssetlbw2lhc47xnd4aivhvmw6sqkarzbhqrb4,bafybeiabum5nmycqakwf6ssetlbw2lhc47xnd4aivhvmw6sqkarzbhqrb4,ok,226647
430,bafybeibn5ripbqeu6qpdvqadk3n2w7r4sd5xfc3c6xludbpemz33cnocau,bafybeibn5ripbqeu6qpdvqadk3n2w7r4sd5xfc3c6xludbpemz33cnocau,ok,132494
431,bafybeig2frtgf5fr22hbk5eodq7oohrezhy3yb4ihegbrgjzwdbwubalte,bafybeig2frtgf5fr22hbk5eodq7oohrezhy3yb4ihegbrgjzwdbwubalte,ok,206664
432,bafybeid4siugehokcnh3k6hhtxczy4c44imi5gtnz6grgm57c2s3aimila,bafybeid4siugehokcnh3k6hhtxczy4c44imi5gtnz6grgm57c2s3aimila,ok,202872
433,bafybeicciermnbstzsx7cefgcfnc6yokk3dqijrm4jylotcugmzz6q3kvm,bafybeicciermnbstzsx7cefgcfnc6yokk3dqijrm4jylotcugmzz6q3kvm,ok,271853
434,bafybeid3eiopha4nvqnanszsxn4yw3vt4xtq4p4r4i4w4tqxokac5yuwja,bafybeid3eiopha4nvqnanszsxn4yw3vt4xtq4p4r4i4w4tqxokac5yuwja,ok,140531
435,bafybeihmoci5cfs6h2an7wqmefkkpdiumnqzbvcwpnqfdyebizb2arbluu,bafybeihmoci5cfs6h2an7wqmefkkpdiumnqzbvcwpnqfdyebizb2arbluu,ok,232597
436,bafybeihbku67zqt324o72z6geieavhzty62ktnre7kpwhxmvkn5kuxdvra,bafybeihbku67zqt324o72z6geieavhzty62ktnre7kpwhxmvkn5kuxdvra,ok,158733
437,bafybeiasieoyy6vffeehxzj452ia5wsup3zzjo7b2xz25cu4z4zeliahdy,bafybeiasieoyy6vffeehxzj452ia5wsup3zzjo7b2xz25cu4z4zeliahdy,ok,240577
438,bafybeicibfpkivhqld5r4bf2yh4fqbrtrlkclmxbswtf7xvjf7wfan7siy,bafybeicibfpkivhqld5r4bf2yh4fqbrtrlkclmxbswtf7xvjf7wfan7siy,ok,158616
439,bafybeie7f4zrhc7baylalycuzvkbgy3fldq2szp7kknsizi3a5dziey3ji,bafybeie7f4zrhc7baylalycuzvkbgy3fldq2szp7kknsizi3a5dziey3ji,ok,238870
440,bafybeiftvvv7z2v3oeafghbivi2tz5kiho5yrqpggxscwv7vmjqtfu5rzm,bafybeiftvvv7z2v3oeafghbivi2tz5kiho5yrqpggxscwv7vmjqtfu5rzm,ok,219221
441,bafybeib6a2srg5swxtneiqjwbbvq7xggcdyjb5e3cxxifjnr5aj7glxeiu,bafybeib6a2srg5swxtneiqjwbbvq7xggcdyjb5e3cxxifjnr5aj7glxeiu,ok,135505
442,bafybeifps2ufrei3d4zne5gr7zitsxygcxqd2mltqgcrx2y2j2sjcuiygy,bafybeifps2ufrei3d4zne5gr7zitsxygcxqd2mltqgcrx2y2j2sjcuiygy,ok,279458
443,bafybeic65vm7s4bki2mkne2vdvmw7noaovf3jtz7bopbuucxsrnvtejqsi,bafybeic65vm7s4bki2mkne2vdvmw7noaovf3jtz7bopbuucxsrnvtejqsi,ok,175738
444,bafybeienmnvyzzc4mj6bfz2epnwxrczuirthzayznt4eufwvauwkoq6usu,bafybeienmnvyzzc4mj6bfz2epnwxrczuirthzayznt4eufwvauwkoq6usu,ok,205691
445,bafybeibwkr7i23trxoxvruoakvchkd5ajq4ecofwnihmb4kee67uethwsu,bafybeibwkr7i23trxoxvruoakvchkd5ajq4ecofwnihmb4kee67uethwsu,ok,155806
446,bafybeihsgphmy754aqjpwh6u4rzpgb2blvtui655sdck6sgozwlq4aup2u,bafybeihsgphmy754aqjpwh6u4rzpgb2blvtui655sdck6sgozwlq4aup2u,ok,130718
447,bafybeidu4vfd3zwgkltcob5lv4lcpahh74kzplusocgax3dzpdaffia56i,bafybeidu4vfd3zwgkltcob5lv4lcpahh74kzplusocgax3dzpdaffia56i,ok,231168
448,bafybeieh2232o7sl4avt7p4rwrka3lief2dzguabsyr5ob6o3ttza6vpcy,bafybeieh2232o7sl4avt7p4rwrka3lief2dzguabsyr5ob6o3ttza6vpcy,ok,169404
449,bafybeielq4nqdds432hx3bfe3rrvlepw7pluigvyl7jamd6r4znqxlwa2q,bafybeielq4nqdds432hx3bfe3rrvlepw7pluigvyl7jamd6r4znqxlwa2q,ok,255388
450,bafybeidxfmguge3h5bwvocvmkmr6hvtjnukm4fbvzhoyqtfeksks7k3htu,bafybeidxfmguge3h5bwvocvmkmr6hvtjnukm4fbvzhoyqtfeksks7k3htu,ok,177846
451,bafybeicqzf5ocpmgoyoo4pbhuznlnn7crqa3mkjsfvo5vhwfca5hkqvddu,bafybeicqzf5ocpmgoyoo4pbhuznlnn7crqa3mkjsfvo5vhwfca5hkqvddu,ok,161404
452,bafybeicsls6wyweqkwzkfqtm4umupgr26don5lwhjloupohlpdlm6lysru,bafybeicsls6wyweqkwzkfqtm4umupgr26don5lwhjloupohlpdlm6lysru,ok,157753
453,bafybeiadf3ocd2nuwwxzduqjva2k6kk4sdixr4hi5oiv37p73md7lmw7lq,bafybeiadf3ocd2nuwwxzduqjva2k6kk4sdixr4hi5oiv37p73md7lmw7lq,ok,149597
454,bafybeibkkb6zhqn47te2ma3sy57mph6odu4uf3rhyek4q55moymix5bwci,bafybeibkkb6zhqn47te2ma3sy57mph6odu4uf3rhyek4q55moymix5bwci,ok,224322
455,bafybeicj325ljcd3avvomdlc2dtplsrksh7exzdu4tiyi5xmbmazf4adea,bafybeicj325ljcd3avvomdlc2dtplsrksh7exzdu4tiyi5xmbmazf4adea,ok,105513
456,bafybeib3uzb5q7nbtyx7wnbkbq6mqa5gumyhl4cpl7w62x3fpnavsq76ha,bafybeib3uzb5q7nbtyx7wnbkbq6mqa5gumyhl4cpl7w62x3fpnavsq76ha,ok,194387
457,bafybeihpov5f6f6k7osex323yf3qy2esg5nspdoyjqynrx7uggeg7umomm,bafybeihpov5f6f6k7osex323yf3qy2esg5nspdoyjqynrx7uggeg7umomm,ok,148814
458,bafybeib5k2dvrsvnhdwnlycx7ipm6rayeialvls3fbvwmgtazw62de2l3u,bafybeib5k2dvrsvnhdwnlycx7ipm6rayeialvls3fbvwmgtazw62de2l3u,ok,143203
459,bafybeidimhdfeauxydoq3mjwb77upkrtklx6sww4q2qb2k3v5y2bzil2ji,bafybeidimhdfeauxydoq3mjwb77upkrtklx6sww4q2qb2k3v5y2bzil2ji,ok,168430
460,bafybeiawgte72pfybxdqgekollxj6ewv7eehz53sxrykrmkdacekblnofy,bafybeiawgte72pfybxdqgekollxj6ewv7eehz53sxrykrmkdacekblnofy,ok,206097
461,bafybeidh5g74dgi7ucdcudkpmrpphnpokowazqvc4ghvudzenx2b7ffqjm,bafybeidh5g74dgi7ucdcudkpmrpphnpokowazqvc4ghvudzenx2b7ffqjm,ok,178907
462,bafybeihlkhdnzfxnuzywoudwkoleqrs7ozwtc2aqxw7slfmr2mqkdit4um,bafybeihlkhdnzfxnuzywoudwkoleqrs7ozwtc2aqxw7slfmr2mqkdit4um,ok,166052
463,bafybeidpuwnjulvrbjwkbxeicez54apjy3klhu722rtb22fb4fka2qmvha,bafybeidpuwnjulvrbjwkbxeicez54apjy3klhu722rtb22fb4fka2qmvha,ok,140543
464,bafybeid5gc4vjti5nht6i65hetmpwkcotthq3gig4to7jg4xikg7vrrpce,bafybeid5gc4vjti5nht6i65hetmpwkcotthq3gig4to7jg4xikg7vrrpce,ok,192894
465,bafybeihuavkpf6ojvgeww72kyvpxslzb5im72keatpwhudi2nzggjy7jgi,bafybeihuavkpf6ojvgeww72kyvpxslzb5im72keatpwhudi2nzggjy7jgi,ok,258306
466,bafybeidvh6ywpvvq3rrgclcozpkuidkolrehb7p6k5z46limsezyb2adje,bafybeidvh6ywpvvq3rrgclcozpkuidkolrehb7p6k5z46limsezyb2adje,ok,239795
467,bafybeiatpn7wc3n457xtbdjtkh7edklerxo756rjxzpd3iffhhd2mgnzui,bafybeiatpn7wc3n457xtbdjtkh7edklerxo756rjxzpd3iffhhd2mgnzui,ok,199748
468,bafybeiecfdsk66ofyesuau6vt6gig5jzhbdted4hlauoqcvckkicj3jjya,bafybeiecfdsk66ofyesuau6vt6gig5jzhbdted4hlauoqcvckkicj3jjya,ok,235874
469,bafybeifjzcdw2jttamt7zyqspoaoqwhzaehmfyq2ss2ofhd7nojlsb5rla,bafybeifjzcdw2jttamt7zyqspoaoqwhzaehmfyq2ss2ofhd7nojlsb5rla,ok,189566
470,bafybeifd2g3cf2jsl5apmlwualshuohu7edsvf3k4ozfl23ofcfqa6d3ua,bafybeifd2g3cf2jsl5apmlwualshuohu7edsvf3k4ozfl23ofcfqa6d3ua,ok,172500
471,bafybeiaah4vql7o7sap522vymy7thrllneanaeoideiqwhtcpxa5rvgo4q,bafybeiaah4vql7o7sap522vymy7thrllneanaeoideiqwhtcpxa5rvgo4q,ok,145964
472,bafybeifbxm3cnefglmiyewkzzghbjwtftixf36cbgawx576yrhbaiij5qi,bafybeifbxm3cnefglmiyewkzzghbjwtftixf36cbgawx576yrhbaiij5qi,ok,231738
473,bafybeihdolblq66tylaqh2q3rferumu2sq3dxfuuj6b4c2jgnfzrjbw3tu,bafybeihdolblq66tylaqh2q3rferumu2sq3dxfuuj6b4c2jgnfzrjbw3tu,ok,114596
474,bafybeidgfenyts7dttozq5pxsb2j2an4u2urnqcqchjdy6zv57cderuuyu,bafybeidgfenyts7dttozq5pxsb2j2an4u2urnqcqchjdy6zv57cderuuyu,ok,202523
475,bafybeiga2v5dvqsws47vtdxkgqs57gwou5iztli63xefzokietmfhbxbvm,bafybeiga2v5dvqsws47vtdxkgqs57gwou5iztli63xefzokietmfhbxbvm,ok,155281
476,bafybeigoirvqzz6aqvxkuycnictvualit6fusfiziecwnj7f4nmkmytoii,bafybeigoirvqzz6aqvxkuycnictvualit6fusfiziecwnj7f4nmkmytoii,ok,172948
477,bafybeih2izgtfcshxvkrtmxi7rtw523mv7pz6hsm4756xvexuchqkyg5ty,bafybeih2izgtfcshxvkrtmxi7rtw523mv7pz6hsm4756xvexuchqkyg5ty,ok,186060
478,bafybeic2stcxh25hy6kddhyfp2gtt6yjybsb45n3nwpcwwopqhkw3dxs6m,bafybeic2stcxh25hy6kddhyfp2gtt6yjybsb45n3nwpcwwopqhkw3dxs6m,ok,221019
479,bafybeibwprz73moqe2kmo7ayiws42w6tbovf7tdieemtsiafvxzvstbihy,bafybeibwprz73moqe2kmo7ayiws42w6tbovf7tdieemtsiafvxzvstbihy,ok,161385
480,bafybeig7zirkupceuj5rynnqroh5hqwqigjwb75hgunafto6dot5d3dcy4,bafybeig7zirkupceuj5rynnqroh5hqwqigjwb75hgunafto6dot5d3dcy4,ok,248938
481,bafybeiaqs35nv7tdk4qolklk7m5cttkvcteo2rbaog4lb23jqz7mgy45dq,bafybeiaqs35nv7tdk4qolklk7m5cttkvcteo2rbaog4lb23jqz7mgy45dq,ok,223894
482,bafybeiacximeqjtq55ri5d4lcw2srysptarmyhmf3uadagjf7ixryu3owi,bafybeiacximeqjtq55ri5d4lcw2srysptarmyhmf3uadagjf7ixryu3owi,ok,169368
483,bafybeiftmpgbtbezoxaxthaj3lkup36ffe7cgkmlku4bepc3rbxf7rd4ni,bafybeiftmpgbtbezoxaxthaj3lkup36ffe7cgkmlku4bepc3rbxf7rd4ni,ok,153103
484,bafybeihgd6zqavx7josctqepd2kvyw5xkpxk6w23un2xjy2do7zgnuxu2i,bafybeihgd6zqavx7josctqepd2kvyw5xkpxk6w23un2xjy2do7zgnuxu2i,ok,155604
485,bafybeiahmznvl5dtna2bk2n3axahgns44i2c5vhkbkrhs77qf5vrwc6caq,bafybeiahmznvl5dtna2bk2n3axahgns44i2c5vhkbkrhs77qf5vrwc6caq,ok,166215
486,bafybeieeldgbaayhvxol4lf4f3xtvjg7vrm7twgrah233cdra3vy63b36y,bafybeieeldgbaayhvxol4lf4f3xtvjg7vrm7twgrah233cdra3vy63b36y,ok,157403
487,bafybeiantozs7eypjpqqsy2zyluptcwrre3spdqxnvbdm5tlnmtpoqk6bm,bafybeiantozs7eypjpqqsy2zyluptcwrre3spdqxnvbdm5tlnmtpoqk6bm,ok,198322
488,bafybeiaqelv7dw4o25rhzselkspgu6rjriplmyoysvovcr43lwatlhm6ie,bafybeiaqelv7dw4o25rhzselkspgu6rjriplmyoysvovcr43lwatlhm6ie,ok,190262
489,bafybeigwos24akv7awkgyovqdcdapbk47a3ekg6vkjpe43v53oljbvfpie,bafybeigwos24akv7awkgyovqdcdapbk47a3ekg6vkjpe43v53oljbvfpie,ok,142328
490,bafybeiguxj3l5x3r5r3vdfnt2o2lmfmnpbdngnnzeg4jkvnza6tj5jshqe,bafybeiguxj3l5x3r5r3vdfnt2o2lmfmnpbdngnnzeg4jkvnza6tj5jshqe,ok,154101
491,bafybeiddas6lskzxhvugzplavqaaibnycykkt35idyuy4salu3f6a5cxai,bafybeiddas6lskzxhvugzplavqaaibnycykkt35idyuy4salu3f6a5cxai,ok,205742
492,bafybeigijbm3vhjmh4pmatay6723ivein65nobptlyfdktsgxp4umzzc7e,bafybeigijbm3vhjmh4pmatay6723ivein65nobptlyfdktsgxp4umzzc7e,ok,159379
493,bafybeiaejzb2nerxbkfqdep5kg4baub6gb3ydt4d5pxcov6nbcp6q4u64q,bafybeiaejzb2nerxbkfqdep5kg4baub6gb3ydt4d5pxcov6nbcp6q4u64q,ok,168909
494,bafybeienavljvjm73uru4wwqd7sjqsy63eb5j33tqjxae7l5abmzbyecw4,bafybeienavljvjm73uru4wwqd7sjqsy63eb5j33tqjxae7l5abmzbyecw4,ok,165919
495,bafybeicmfb3o6zvcqvuoxlagd3nbfi63bcmwis2u6c33yyippaedv7xbzy,bafybeicmfb3o6zvcqvuoxlagd3nbfi63bcmwis2u6c33yyippaedv7xbzy,ok,163364
496,bafybeiexnaqapbwwyscfzctbjh6bhyexsrpfn63gc6uu7s7rnqzh2za3y4,bafybeiexnaqapbwwyscfzctbjh6bhyexsrpfn63gc6uu7s7rnqzh2za3y4,ok,234620
497,bafybeiac7qkzigcybkwo2tc7mv2fb3tsefwwp67wj4btusfn6yu5v3oba4,bafybeiac7qkzigcybkwo2tc7mv2fb3tsefwwp67wj4btusfn6yu5v3oba4,ok,133151
498,bafybeic4tnpd2lndc53wpysounbgqnnnfhlciqbpyybzso4cbqoyc55cn4,bafybeic4tnpd2lndc53wpysounbgqnnnfhlciqbpyybzso4cbqoyc55cn4,ok,162226
499,bafybeic4n35fm4dyf3iygomsuvmxlr5ewt5fd5whhver4iywwkoc5alzwy,bafybeic4n35fm4dyf3iygomsuvmxlr5ewt5fd5whhver4iywwkoc5alzwy,ok,210573
500,bafybeiaxx4z77wnhhnnr2zjvypgdxcax24gykrzcn7653ervq67gifyf2y,bafybeiaxx4z77wnhhnnr2zjvypgdxcax24gykrzcn7653ervq67gifyf2y,ok,247227
501,bafybeifbvykjzicjq34x5dkclodrrybt34dwakufeb3i2atvajavg7cwwi,bafybeifbvykjzicjq34x5dkclodrrybt34dwakufeb3i2atvajavg7cwwi,ok,172585
502,bafybeidu6pmxoh3uji73mecsh4zaime4gmknnrcicu7a734omgbkjpz2xe,bafybeidu6pmxoh3uji73mecsh4zaime4gmknnrcicu7a734omgbkjpz2xe,ok,158060
503,bafybeiazmrzygtedjt3fq5n2mdrfpmyfu3jyiyuxudu3aoao5dwg45cc5q,bafybeiazmrzygtedjt3fq5n2mdrfpmyfu3jyiyuxudu3aoao5dwg45cc5q,ok,165968
504,bafybeibj4rb2l6vz5v6lrkm6iatopdahsiewlwoafylibchhyt64ubk7qu,bafybeibj4rb2l6vz5v6lrkm6iatopdahsiewlwoafylibchhyt64ubk7qu,ok,150486
505,bafybeibg62ly5c7el3u76gfeihjntdbz3hfineuqjvpux4jys6zzvv3kl4,bafybeibg62ly5c7el3u76gfeihjntdbz3hfineuqjvpux4jys6zzvv3kl4,ok,219133
506,bafybeia3cgzrrlkprxizmz2kdoouftmzfx2mbvxxq5j2bhoholstmw7sae,bafybeia3cgzrrlkprxizmz2kdoouftmzfx2mbvxxq5j2bhoholstmw7sae,ok,176662
507,bafybeigesafcrfoh56ynk5hhd5pgffaums5qcclh65m7bmj7f4cnseu4gi,bafybeigesafcrfoh56ynk5hhd5pgffaums5qcclh65m7bmj7f4cnseu4gi,ok,262567
508,bafybeibhvr2wlve65jzr4ont2o6xmjcojhuegakknet3dxjhmfa7wasrde,bafybeibhvr2wlve65jzr4ont2o6xmjcojhuegakknet3dxjhmfa7wasrde,ok,140566
509,bafybeid5wmlflyywsyxwcvjx74j7pl7v73xoivew62dorqayeh7pxh66pa,bafybeid5wmlflyywsyxwcvjx74j7pl7v73xoivew62dorqayeh7pxh66pa,ok,215211
510,bafybeicbvcqlxazm4gz3tx7ginfm5vaoumtzfpp57jtb7xsdzpiakfncle,bafybeicbvcqlxazm4gz3tx7ginfm5vaoumtzfpp57jtb7xsdzpiakfncle,ok,177610
511,bafybeiaapyw2jow6ywce7ythl7nto7eozfaevm3gf2ojjdv5fro3jfqzh4,bafybeiaapyw2jow6ywce7ythl7nto7eozfaevm3gf2ojjdv5fro3jfqzh4,ok,276490
512,bafybeid23oa2qtbznd4yu3l5lai6gnc2soh7rq6q3horaisg772ii22piq,bafybeid23oa2qtbznd4yu3l5lai6gnc2soh7rq6q3horaisg772ii22piq,ok,225854
513,bafybeighl2f52sstblgmxf6t3gpqaqm45loiza7nhwrrbikbvajwddk7lu,bafybeighl2f52sstblgmxf6t3gpqaqm45loiza7nhwrrbikbvajwddk7lu,ok,180161
514,bafybeiarm6x3nkw52d64a3gdq66l6v2fc7z3xoxs4uxiczgoti3uy3dlt4,bafybeiarm6x3nkw52d64a3gdq66l6v2fc7z3xoxs4uxiczgoti3uy3dlt4,ok,225550
515,bafybeidfhtcf2rxwt737xge6zbhw5gl7nus7tc3pdu2tmjuk6ng3pbaqwm,bafybeidfhtcf2rxwt737xge6zbhw5gl7nus7tc3pdu2tmjuk6ng3pbaqwm,ok,174270
516,bafybeihpsmok26vaowiolncoxzkpxcflzvataz3mtuo4muvfcha5h7zqde,bafybeihpsmok26vaowiolncoxzkpxcflzvataz3mtuo4muvfcha5h7zqde,ok,183103
517,bafybeihw4s25gbs3ya4wn6m2gtmd4tcakaw4alzcunlaai76rhumqbkqlu,bafybeihw4s25gbs3ya4wn6m2gtmd4tcakaw4alzcunlaai76rhumqbkqlu,ok,182760
518,bafybeibmdzf2zoz7hvwvqu4ys3lcp4tu565dtxt2ygstenqchn2ibzla7i,bafybeibmdzf2zoz7hvwvqu4ys3lcp4tu565dtxt2ygstenqchn2ibzla7i,ok,194960
519,bafybeicrlo53h6ifdqhkoxxj4krvguokydl3mldobv2kj44s4bv57fohji,bafybeicrlo53h6ifdqhkoxxj4krvguokydl3mldobv2kj44s4bv57fohji,ok,152623
520,bafybeias5r6vilyl2ymggaiqv3ytbinxq6pkfdcp6jkzny46r4q7f7qku4,bafybeias5r6vilyl2ymggaiqv3ytbinxq6pkfdcp6jkzny46r4q7f7qku4,ok,158956
521,bafybeia3izatimz56wpfuubfm645gooebafdqxdnkburm3h44qdu7kn4fa,bafybeia3izatimz56wpfuubfm645gooebafdqxdnkburm3h44qdu7kn4fa,ok,167408
522,bafybeidvo6j24t6t333fsilroadol5n6ilzr6cojc5ifxs6k6wp64rh474,bafybeidvo6j24t6t333fsilroadol5n6ilzr6cojc5ifxs6k6wp64rh474,ok,135471
523,bafybeifnqw7x5vabmlfrqu33hhrgfi3lpsbfozhr75xci5rpjz6keq3q2a,bafybeifnqw7x5vabmlfrqu33hhrgfi3lpsbfozhr75xci5rpjz6keq3q2a,ok,230647
524,bafybeihrebp46ozsddpondilxitqfmhx6kwkmx2bswxuujrbnlhcxfb3n4,bafybeihrebp46ozsddpondilxitqfmhx6kwkmx2bswxuujrbnlhcxfb3n4,ok,183895
525,bafybeib7my6mzyxlapxdvibdwph2wac62cmwim4ylzlv3vwzpqesfao36e,bafybeib7my6mzyxlapxdvibdwph2wac62cmwim4ylzlv3vwzpqesfao36e,ok,139136
526,bafybeiaukdvw5p5tsvy4issujihjafw36te3ep4xhztswvaanegwfkh5ya,bafybeiaukdvw5p5tsvy4issujihjafw36te3ep4xhztswvaanegwfkh5ya,ok,245676
527,bafybeihlkqyy3f4725o7xljcb3azalt5pt2mnng6mmzxckf2gdqdvbxj3y,bafybeihlkqyy3f4725o7xljcb3azalt5pt2mnng6mmzxckf2gdqdvbxj3y,ok,142593
528,bafybeidlk226ynbnqhomedfihg7odeoyrduhog7kku6bsyikvyvfhiklki,bafybeidlk226ynbnqhomedfihg7odeoyrduhog7kku6bsyikvyvfhiklki,ok,144591
529,bafybeifuxsm6wh3tahfim5kik6vpn2247lpjpnnywfqtwc27u32yavnvpu,bafybeifuxsm6wh3tahfim5kik6vpn2247lpjpnnywfqtwc27u32yavnvpu,ok,172982
530,bafybeib2opb2xbj3oj26kp7s2eps4jwzrof3n5mzk4unjtehenomdgt6mu,bafybeib2opb2xbj3oj26kp7s2eps4jwzrof3n5mzk4unjtehenomdgt6mu,ok,166940
531,bafybeierahf6ojqup7pfjt3icnrlpvlh76vg5tedyl22bxp4mrpzxrf3qe,bafybeierahf6ojqup7pfjt3icnrlpvlh76vg5tedyl22bxp4mrpzxrf3qe,ok,250827
532,bafybeicmchfoe6anmlj5f5f4ylnirapqgizanqgxkgiaqqdde2uq4d7cmq,bafybeicmchfoe6anmlj5f5f4ylnirapqgizanqgxkgiaqqdde2uq4d7cmq,ok,138222
533,bafybeibqek44q5xogwpfif7s4woy64f2eyjxq4h33yskb2hz3ffb6ripsq,bafybeibqek44q5xogwpfif7s4woy64f2eyjxq4h33yskb2hz3ffb6ripsq,ok,252905
534,bafybeibk6c5v7mtnxp757st4etbrg3pku3hc27f77nhts5ltkoved2ldum,bafybeibk6c5v7mtnxp757st4etbrg3pku3hc27f77nhts5ltkoved2ldum,ok,142018
535,bafybeibhx5piibualwcxohyyuzkzbolqenkbu5j7p3khdn3wfeoy7fvqge,bafybeibhx5piibualwcxohyyuzkzbolqenkbu5j7p3khdn3wfeoy7fvqge,ok,151751
536,bafybeif2pcuhqqsclfcon3vihulq2agbw55tukdg44bcoszp2am6umcqta,bafybeif2pcuhqqsclfcon3vihulq2agbw55tukdg44bcoszp2am6umcqta,ok,142076
537,bafybeiatygshgm43syvhgbnh36e2hepfmozqejtsnqg6skcnadtfqolkh4,bafybeiatygshgm43syvhgbnh36e2hepfmozqejtsnqg6skcnadtfqolkh4,ok,195378
538,bafybeifav6vqhlui7rcwclobbhbelpr6t4lcsp6c6zyduzk6gyrx46fq5u,bafybeifav6vqhlui7rcwclobbhbelpr6t4lcsp6c6zyduzk6gyrx46fq5u,ok,128900
539,bafybeiek2p7apt64zmrktzzcwucifwlldyrdoskeqaophjvnl7ix52ohny,bafybeiek2p7apt64zmrktzzcwucifwlldyrdoskeqaophjvnl7ix52ohny,ok,224624
540,bafybeidzsn5m2vwaajgaw3w2z5oi3oruwtjw7nfxavt5n3uazcwh44sdoe,bafybeidzsn5m2vwaajgaw3w2z5oi3oruwtjw7nfxavt5n3uazcwh44sdoe,ok,121762
541,bafybeibuksoq7dftbqtfqncgll2toz4w2wcvjdon26eyenoebyydt557ca,bafybeibuksoq7dftbqtfqncgll2toz4w2wcvjdon26eyenoebyydt557ca,ok,239630
542,bafybeif4l3smd2atb3rq5vzsr2bmgh5af653f6s7nlxhiumqqmkktgzfoi,bafybeif4l3smd2atb3rq5vzsr2bmgh5af653f6s7nlxhiumqqmkktgzfoi,ok,124779
543,bafybeibm46myijfklgqmzyixnf5kc274swod7iqpueyimtktiww3o3fxym,bafybeibm46myijfklgqmzyixnf5kc274swod7iqpueyimtktiww3o3fxym,ok,191222
544,bafybeihxx6thh4lvjqtfdj76be223646snyubcm32gn7pa7lfnwz6blq4m,bafybeihxx6thh4lvjqtfdj76be223646snyubcm32gn7pa7lfnwz6blq4m,ok,154893
545,bafybeidzcfre3yg62gw2bsfwjrt3wzm4jdnx73neno6xzpj333m4rh3ola,bafybeidzcfre3yg62gw2bsfwjrt3wzm4jdnx73neno6xzpj333m4rh3ola,ok,272262
546,bafybeiai2ktj7d4layvcbmizbh7gpkfdzw6a52h2ur7sj57vo6cp4hk6gi,bafybeiai2ktj7d4layvcbmizbh7gpkfdzw6a52h2ur7sj57vo6cp4hk6gi,ok,236153
547,bafybeibpv2ydnzb5rdik5mz2wfiafsfabfq4u3e5d6srkpja22323k3pxa,bafybeibpv2ydnzb5rdik5mz2wfiafsfabfq4u3e5d6srkpja22323k3pxa,ok,141054
548,bafybeiaesnyh2wdcwny3hcajdxi6l7gqf5fcaflb5nyxrc7ismvm2upu6y,bafybeiaesnyh2wdcwny3hcajdxi6l7gqf5fcaflb5nyxrc7ismvm2upu6y,ok,169518
549,bafybeibgallub34u3rlvw7bqwh777c2u67lkaqipjojxzepjxvm7izviey,bafybeibgallub34u3rlvw7bqwh777c2u67lkaqipjojxzepjxvm7izviey,ok,194058
550,bafybeifu2ie54bi3633jrezteyuuce7p6jbfpxpljtmjeclxtrevlycoyq,bafybeifu2ie54bi3633jrezteyuuce7p6jbfpxpljtmjeclxtrevlycoyq,ok,212535
551,bafybeieakdgjnm54ftf5e6bou3jdwhjhvjhpc6cjojoolwe6mbbjqg36e4,bafybeieakdgjnm54ftf5e6bou3jdwhjhvjhpc6cjojoolwe6mbbjqg36e4,ok,169471
552,bafybeiau65nrsc2deno2q52bt63d6kfmeybtbgikxadqeajtlbuummohjm,bafybeiau65nrsc2deno2q52bt63d6kfmeybtbgikxadqeajtlbuummohjm,ok,207711
553,bafybeiapcih26smfma3cr5gqqw25s3rxs6wwqkcdv3p7tbtq2scuros5b4,bafybeiapcih26smfma3cr5gqqw25s3rxs6wwqkcdv3p7tbtq2scuros5b4,ok,220516
554,bafybeihzrratoilz2f2o4jcfofj2phtgraw36xdhtnt3lo4zxtf2jgluwq,bafybeihzrratoilz2f2o4jcfofj2phtgraw36xdhtnt3lo4zxtf2jgluwq,ok,202259
555,bafybeias5ffjrhibwcvoldzfskcdpinidwslztthdeidfem6i26wtifdba,bafybeias5ffjrhibwcvoldzfskcdpinidwslztthdeidfem6i26wtifdba,ok,138493
556,bafybeif4j2altpwm4sl6kgalpiy6glicllka5fsnnh3sphuswc52kim3yu,bafybeif4j2altpwm4sl6kgalpiy6glicllka5fsnnh3sphuswc52kim3yu,ok,210890
557,bafybeidezybidnjch7inweafnn5axch6a6nfx5yfb2xvjgy55ualeagu74,bafybeidezybidnjch7inweafnn5axch6a6nfx5yfb2xvjgy55ualeagu74,ok,228658
558,bafybeigegcrd64tqhdw4v5r7es6hy6nrg63zp7pjdac2haqfr3qminmvoy,bafybeigegcrd64tqhdw4v5r7es6hy6nrg63zp7pjdac2haqfr3qminmvoy,ok,187226
559,bafybeif55wppgakgm2tohvg3md6lpeizxnxnoiz7qtxrj4p772x6wqqy7u,bafybeif55wppgakgm2tohvg3md6lpeizxnxnoiz7qtxrj4p772x6wqqy7u,ok,137437
560,bafybeigaxxfisf3uubavppor7u6yodtnmebvvbanzx5w6nz6hjhglrwvkq,bafybeigaxxfisf3uubavppor7u6yodtnmebvvbanzx5w6nz6hjhglrwvkq,ok,205441
561,bafybeibm262wmhjor2v6bo6ag4b3shclviks6v4ngbx5c4gv7jgl67qk4u,bafybeibm262wmhjor2v6bo6ag4b3shclviks6v4ngbx5c4gv7jgl67qk4u,ok,135381
562,bafybeid3x6e2vry755il3wvin5g43kxv57bl2lasawjafr66pi2mu33skq,bafybeid3x6e2vry755il3wvin5g43kxv57bl2lasawjafr66pi2mu33skq,ok,159265
563,bafybeicli5377cwtxpvqavv2ws5xxcbeguw7uxtfecbogcb6ecra6ldivm,bafybeicli5377cwtxpvqavv2ws5xxcbeguw7uxtfecbogcb6ecra6ldivm,ok,183452
564,bafybeia4qxx2nkf23zz4dvgilh25q77vvfovzzgrk7hs24kqop6ycwvlmi,bafybeia4qxx2nkf23zz4dvgilh25q77vvfovzzgrk7hs24kqop6ycwvlmi,ok,135424
565,bafybeibbphvcay2xehpqzjcwvwhpoobl3tbbrox4n2wlgsrtxq67chxa5i,bafybeibbphvcay2xehpqzjcwvwhpoobl3tbbrox4n2wlgsrtxq67chxa5i,ok,198203
566,bafybeihw55v5a3fy665bsou7wxycywonkk7f4jimjzd3b4sfud5bz6x2xa,bafybeihw55v5a3fy665bsou7wxycywonkk7f4jimjzd3b4sfud5bz6x2xa,ok,181086
567,bafybeigg3logucrkgfqlajqqatvv4e4r4ruempiuuvwguut2hqmcpcrd34,bafybeigg3logucrkgfqlajqqatvv4e4r4ruempiuuvwguut2hqmcpcrd34,ok,134462
568,bafybeif5v7ewfhh5tam7dkbvkcfarvbxytsdxnjdihbwfgd3qtd4trg3wm,bafybeif5v7ewfhh5tam7dkbvkcfarvbxytsdxnjdihbwfgd3qtd4trg3wm,ok,203131
569,bafybeida53dib2jepve3x3jlbyys3foazdgcjc6tyi5ilx72dtsu4z2v6e,bafybeida53dib2jepve3x3jlbyys3foazdgcjc6tyi5ilx72dtsu4z2v6e,ok,246415
570,bafybeihqed2u5lxkachehefkmy3scazqk35atuxtc2t4b7z6u2iggad7ve,bafybeihqed2u5lxkachehefkmy3scazqk35atuxtc2t4b7z6u2iggad7ve,ok,174753
571,bafybeifef4kja7vsbfjve22yleekl4hvmnd7ntvmwvojh6mspaia3ugkky,bafybeifef4kja7vsbfjve22yleekl4hvmnd7ntvmwvojh6mspaia3ugkky,ok,243733
572,bafybeidbk3or7yqwklg62nfpmi7bkf4d6zk4dghtwqtrsw5zwwlnojaxyq,bafybeidbk3or7yqwklg62nfpmi7bkf4d6zk4dghtwqtrsw5zwwlnojaxyq,ok,222427
573,bafybeihevokx54okei3atlm4hbtm32yfx5vuhk6q6stjytsjmoc6py2egy,bafybeihevokx54okei3atlm4hbtm32yfx5vuhk6q6stjytsjmoc6py2egy,ok,164658
574,bafybeidqm64hmt2e4fl6v3wk64y46pwjwdhnsd7erfqnnuptuaczmgryuu,bafybeidqm64hmt2e4fl6v3wk64y46pwjwdhnsd7erfqnnuptuaczmgryuu,ok,225414
575,bafybeibs7keqsu2aie3ajbaailln4hick4qm7pqj6ye3ngjegz5lphkd2e,bafybeibs7keqsu2aie3ajbaailln4hick4qm7pqj6ye3ngjegz5lphkd2e,ok,214187
576,bafybeigxiulmzvgcez4vfcmzkfcqzenldk2emcae7dry4i5yim6za4zhjq,bafybeigxiulmzvgcez4vfcmzkfcqzenldk2emcae7dry4i5yim6za4zhjq,ok,244623
577,bafybeiahh4ejx5juzp5iyenzqz4wytmwgiwnk3vpqircrcsxinktiwistq,bafybeiahh4ejx5juzp5iyenzqz4wytmwgiwnk3vpqircrcsxinktiwistq,ok,206605
578,bafybeiamnp6vfakfus4wsvfzwvkcml5cajiieenzyqsfczm3w6wto4sgxi,bafybeiamnp6vfakfus4wsvfzwvkcml5cajiieenzyqsfczm3w6wto4sgxi,ok,153800
579,bafybeieibgozcuvkfdckexxst2lkzipvrpk7772ssm56dr757bt5si3n4y,bafybeieibgozcuvkfdckexxst2lkzipvrpk7772ssm56dr757bt5si3n4y,ok,192176
580,bafybeifsr4kbnuj2bqjq4nky3epdar5pj3ajal33hksvmdgglmhq4qfk3y,bafybeifsr4kbnuj2bqjq4nky3epdar5pj3ajal33hksvmdgglmhq4qfk3y,ok,212337
581,bafybeic7moa2n5soxzpodebwn6af3un57ssvhqdvjy3mwjpmay357jhpji,bafybeic7moa2n5soxzpodebwn6af3un57ssvhqdvjy3mwjpmay357jhpji,ok,158650
582,bafybeigb6hnkdfa4ywqigtqedp5ivbwoqphwsz7cnllpcyqte6sj7iuj4y,bafybeigb6hnkdfa4ywqigtqedp5ivbwoqphwsz7cnllpcyqte6sj7iuj4y,ok,122952
583,bafybeiaostopgeafxbpdtkythpl2nsf3onmduhu43tz7z3l6c5doqjra34,bafybeiaostopgeafxbpdtkythpl2nsf3onmduhu43tz7z3l6c5doqjra34,ok,232799
584,bafybeifgstbv6w4itmbyrl7tmdouupd6g3jnjcwlcldwnhxw7sidaf3vym,bafybeifgstbv6w4itmbyrl7tmdouupd6g3jnjcwlcldwnhxw7sidaf3vym,ok,147810
585,bafybeigmbfrzqx7eov7pdhro4ws7jhz4o3bn3bq7665h5zwup3m6t7t4ma,bafybeigmbfrzqx7eov7pdhro4ws7jhz4o3bn3bq7665h5zwup3m6t7t4ma,ok,148042
586,bafybeifmj6ztkebaexdov5fqb4lba35f554zelyvzpqwsopncnhxkaoeve,bafybeifmj6ztkebaexdov5fqb4lba35f554zelyvzpqwsopncnhxkaoeve,ok,194961
587,bafybeier26dl6psdp4vmaner5zoptliv7ouzinot43dnk5x3tfcg2cezvi,bafybeier26dl6psdp4vmaner5zoptliv7ouzinot43dnk5x3tfcg2cezvi,ok,211655
588,bafybeifjg5krncjn5fulg7monjomt7h4o42xstmftv3aot7uvqamicuqly,bafybeifjg5krncjn5fulg7monjomt7h4o42xstmftv3aot7uvqamicuqly,ok,148317
589,bafybeicxcp7xqyt725lvtsmjfvs7nkyqtigbl76hvshdvaikyrkk7wzs2m,bafybeicxcp7xqyt725lvtsmjfvs7nkyqtigbl76hvshdvaikyrkk7wzs2m,ok,205608
590,bafybeih3l2sa2q3pnftcc2oafom7tom42olvjt2ajyywmmb4offuvwrwv4,bafybeih3l2sa2q3pnftcc2oafom7tom42olvjt2ajyywmmb4offuvwrwv4,ok,261941
591,bafybeihqnwlhjmqi7ldiacxcvdjwul7bx3ekw6xm5lwy7x4bmrul5kllbm,bafybeihqnwlhjmqi7ldiacxcvdjwul7bx3ekw6xm5lwy7x4bmrul5kllbm,ok,201175
592,bafybeifw5xdmzepfxlf76fchmd7fduf424bb5l6d4yk5zy52tiapxalhae,bafybeifw5xdmzepfxlf76fchmd7fduf424bb5l6d4yk5zy52tiapxalhae,ok,187748
593,bafybeifhzsxteu2yywuplug36b2smknojrfcicjjk3tcgd5ba5t43bhqzu,bafybeifhzsxteu2yywuplug36b2smknojrfcicjjk3tcgd5ba5t43bhqzu,ok,222179
594,bafybeibxk4d6r6ywx4vb2vfj3s3nozx25i7pazzzbule3zed5iwcgguesy,bafybeibxk4d6r6ywx4vb2vfj3s3nozx25i7pazzzbule3zed5iwcgguesy,ok,180294
595,bafybeihnava2izhxe5dkvnapdasaiwrbncbv6dlyb5yuznfake2zssqonq,bafybeihnava2izhxe5dkvnapdasaiwrbncbv6dlyb5yuznfake2zssqonq,ok,144646
596,bafybeihvixfnvmxhdr2n3olo53glywgcacwbnxna2jox4pto3garh67fba,bafybeihvixfnvmxhdr2n3olo53glywgcacwbnxna2jox4pto3garh67fba,ok,148752
597,bafybeie4siepiodgdsscznireztrqoshkypokvjxqnuhcfdpo2445xnpai,bafybeie4siepiodgdsscznireztrqoshkypokvjxqnuhcfdpo2445xnpai,ok,270199
598,bafybeidz6clk65yi6nv3dethbw2wjic6w3ldixw665xlgqanfuv2j5afni,bafybeidz6clk65yi6nv3dethbw2wjic6w3ldixw665xlgqanfuv2j5afni,ok,238541
599,bafybeibdvabbyv5tpqnlomv4njzalgy3n7yyl62swxuwbi2gub72s67kky,bafybeibdvabbyv5tpqnlomv4njzalgy3n7yyl62swxuwbi2gub72s67kky,ok,148420
600,bafybeidffntnemah2card7ag6jexvivxphu5cgqesupahtxt2z4xijt4gm,bafybeidffntnemah2card7ag6jexvivxphu5cgqesupahtxt2z4xijt4gm,ok,187988
601,bafybeiawkd2uxb2qk7g3hvvsdagtjhdnjkay6kted32uswmxc6n6o36uye,bafybeiawkd2uxb2qk7g3hvvsdagtjhdnjkay6kted32uswmxc6n6o36uye,ok,132851
602,bafybeid2coy3bq6vvcieydlnxynk6mkaflmeg2bz2q4ksohe2akyrj474e,bafybeid2coy3bq6vvcieydlnxynk6mkaflmeg2bz2q4ksohe2akyrj474e,ok,202323
603,bafybeig32qcpvu6pfl6el4vhk6cv2uxovhw7fopv7euquv4gnjppmwmoqa,bafybeig32qcpvu6pfl6el4vhk6cv2uxovhw7fopv7euquv4gnjppmwmoqa,ok,174408
604,bafybeigtj5nyltqwo2zs3u6adw4tk2gvd32yvggmts7qsggeli7hvf2rqe,bafybeigtj5nyltqwo2zs3u6adw4tk2gvd32yvggmts7qsggeli7hvf2rqe,ok,223593
605,bafybeicnj7wvbpcb2mhem62xnoi5m4vhtecjyc3ckm6xsssrxhcwppvzqq,bafybeicnj7wvbpcb2mhem62xnoi5m4vhtecjyc3ckm6xsssrxhcwppvzqq,ok,237847
606,bafybeidwsaxlvaxsd7qzm5conkix3giwkmmnpppmeeyatlhwgdd2bu5wxu,bafybeidwsaxlvaxsd7qzm5conkix3giwkmmnpppmeeyatlhwgdd2bu5wxu,ok,212708
607,bafybeiav5wbasmphkfee7ooaolyrrsfhdqqumvnhgmz5ejrb426kzvpksa,bafybeiav5wbasmphkfee7ooaolyrrsfhdqqumvnhgmz5ejrb426kzvpksa,ok,195116
608,bafybeibatrkem7dmqxq5r5qmfej6sr7xuiqba6rq6i7f4yh4idxtbadnuu,bafybeibatrkem7dmqxq5r5qmfej6sr7xuiqba6rq6i7f4yh4idxtbadnuu,ok,112146
609,bafybeicvdzz5w3faymnvkddk5w72y4yiywbn25ghgy2uhvfd6bflmhbjsa,bafybeicvdzz5w3faymnvkddk5w72y4yiywbn25ghgy2uhvfd6bflmhbjsa,ok,213356
610,bafybeihw6je6g4si72c7avhtlpjiy6iwhdxfwmpuox2a4a7cl5gub4h7vi,bafybeihw6je6g4si72c7avhtlpjiy6iwhdxfwmpuox2a4a7cl5gub4h7vi,ok,178896
611,bafybeietwrnnx3fkdvdqgijngxk53ifnicopr2eixvppvbdg4bxk4xlpqu,bafybeietwrnnx3fkdvdqgijngxk53ifnicopr2eixvppvbdg4bxk4xlpqu,ok,131898
612,bafybeigrianlevdbelv4c5bu4p3vfc7ihlmbi6urefjih3davwdajuo23m,bafybeigrianlevdbelv4c5bu4p3vfc7ihlmbi6urefjih3davwdajuo23m,ok,207290
613,bafybeig5z4uftodfgczbomtuvxa2rjp5nfvjmhbs5v7qpir4vmwzwframi,bafybeig5z4uftodfgczbomtuvxa2rjp5nfvjmhbs5v7qpir4vmwzwframi,ok,193406
614,bafybeic3lwzl7pyvwwhxowlqc7h5jtmnm2552pnzf7uhyd3u4d2x7zhae4,bafybeic3lwzl7pyvwwhxowlqc7h5jtmnm2552pnzf7uhyd3u4d2x7zhae4,ok,164299
615,bafybeiahd65znxkxwdlrgjck4rrravjdst6uijm2i7ptwastdtiudmpnxu,bafybeiahd65znxkxwdlrgjck4rrravjdst6uijm2i7ptwastdtiudmpnxu,ok,161471
616,bafybeiexwo34zrro2a3nh6pytlhffnwzqfl5dfcjiduelkylsrv6gxpzci,bafybeiexwo34zrro2a3nh6pytlhffnwzqfl5dfcjiduelkylsrv6gxpzci,ok,173526
617,bafybeidrum4gfof3kijthrqlvovpoammik4jaxo2qbxe3fkiwltb6myof4,bafybeidrum4gfof3kijthrqlvovpoammik4jaxo2qbxe3fkiwltb6myof4,ok,171815
618,bafybeiatubrxlfmohap7dwjpcnfqzcahi63wam4ecoqlfdalm3xx4hkbrm,bafybeiatubrxlfmohap7dwjpcnfqzcahi63wam4ecoqlfdalm3xx4hkbrm,ok,172996
619,bafybeicgc6dpn7z77c3zw4ol4yx6lb6v4clellkpgy2tt233ikdpuz5kle,bafybeicgc6dpn7z77c3zw4ol4yx6lb6v4clellkpgy2tt233ikdpuz5kle,ok,185109
620,bafybeihbah4iq27leigvqbqzeuhp6nwru662azpi5nlk6o4lvmsqd7xdge,bafybeihbah4iq27leigvqbqzeuhp6nwru662azpi5nlk6o4lvmsqd7xdge,ok,160940
621,bafybeid3zr6ayugi4u76vrb6p2gblntrzoodjqv5w4p34tvrxnwy4fo6ea,bafybeid3zr6ayugi4u76vrb6p2gblntrzoodjqv5w4p34tvrxnwy4fo6ea,ok,172021
622,bafybeibh3hmmbr6jyfhooxtbhe6xrtngjculbiyn67pkln2uabsqs36hhq,bafybeibh3hmmbr6jyfhooxtbhe6xrtngjculbiyn67pkln2uabsqs36hhq,ok,184338
623,bafybeiekxxjq3leiplzui2d22jtdfhuei7kjngva6u3qtp7s6hjl5c3jt4,bafybeiekxxjq3leiplzui2d22jtdfhuei7kjngva6u3qtp7s6hjl5c3jt4,ok,191996
624,bafybeiae3uthxhmozudtmecj3mgnmtukzzapcw7kaiuemb46nezlo47dwy,bafybeiae3uthxhmozudtmecj3mgnmtukzzapcw7kaiuemb46nezlo47dwy,ok,169232
625,bafybeihtfpofjg7vofutbovs6rk3kicueevzatvioqxe2d5lvlyc434cb4,bafybeihtfpofjg7vofutbovs6rk3kicueevzatvioqxe2d5lvlyc434cb4,ok,218370
626,bafybeiepndbrxokif7eppespjpzzjkgwnjouh6jo4ktqjtvd7ote2gdn2y,bafybeiepndbrxokif7eppespjpzzjkgwnjouh6jo4ktqjtvd7ote2gdn2y,ok,135806
627,bafybeibevfaiecpneq6ua3uwhmygi74dl5umw52xeoqnteddeguliotana,bafybeibevfaiecpneq6ua3uwhmygi74dl5umw52xeoqnteddeguliotana,ok,225240
628,bafybeidp7htmbyymexa3peyimpyfpeicoer42myiqew44vjl4xr3tbyhc4,bafybeidp7htmbyymexa3peyimpyfpeicoer42myiqew44vjl4xr3tbyhc4,ok,283659
629,bafybeidw5jgfpu33ehazvhafka4xb4kh6o7levwdtuukgab36bs22uoy4e,bafybeidw5jgfpu33ehazvhafka4xb4kh6o7levwdtuukgab36bs22uoy4e,ok,212761
630,bafybeibislhpmnhmpvhxa5yrg4cngxy534auijd55t5bofebvehme5d3am,bafybeibislhpmnhmpvhxa5yrg4cngxy534auijd55t5bofebvehme5d3am,ok,163497
631,bafybeidoavld5wq3oau4i6vig56mpkegrzavlsdzdzhiuowkd6oa263bru,bafybeidoavld5wq3oau4i6vig56mpkegrzavlsdzdzhiuowkd6oa263bru,ok,196363
632,bafybeigdnww33j2kro4q4joqnnuaw5wlixq2ojtqgbxnmreasgdz6fw52u,bafybeigdnww33j2kro4q4joqnnuaw5wlixq2ojtqgbxnmreasgdz6fw52u,ok,223568
633,bafybeihj5btdomulblrcrkzgcmxuxaapl7tbzshtg2u32tza2gqfakzmvy,bafybeihj5btdomulblrcrkzgcmxuxaapl7tbzshtg2u32tza2gqfakzmvy,ok,198297
634,bafybeidpoxaclxnjiuxviz6xf4tbu3ewtmfl6hnv226iphvebqzzflhqem,bafybeidpoxaclxnjiuxviz6xf4tbu3ewtmfl6hnv226iphvebqzzflhqem,ok,129171
635,bafybeibxze5h7ixmanw36blaihf3emaxxvbbxekxbr56bw4qzjplus3lky,bafybeibxze5h7ixmanw36blaihf3emaxxvbbxekxbr56bw4qzjplus3lky,ok,157166
636,bafybeiewevrzox762xtvxpejgh4457s6hs43vkm5wmlxaui4f52ptwbgse,bafybeiewevrzox762xtvxpejgh4457s6hs43vkm5wmlxaui4f52ptwbgse,ok,256103
637,bafybeidzk6ihqtsfazxu3pdfl3hlenk7l34h4wwnod2o5mksrsklrybpma,bafybeidzk6ihqtsfazxu3pdfl3hlenk7l34h4wwnod2o5mksrsklrybpma,ok,211314
638,bafybeicvqvwsyzotadhe3t5t6xaf2oec3vzmxxy3zqzgdwl5556f4vrskq,bafybeicvqvwsyzotadhe3t5t6xaf2oec3vzmxxy3zqzgdwl5556f4vrskq,ok,173002
639,bafybeierk5nozj6l7kaubyosbl5hi6e4r7hsuv3tzu76mziegchwway34q,bafybeierk5nozj6l7kaubyosbl5hi6e4r7hsuv3tzu76mziegchwway34q,ok,132564
640,bafybeig4mkcm6i5jb2yrbmtlkr7ssv7e7rilc2vtnr4sd72nbo66zczlky,bafybeig4mkcm6i5jb2yrbmtlkr7ssv7e7rilc2vtnr4sd72nbo66zczlky,ok,226752
641,bafybeieqadn4zya2hmejfi3aimrs3uippx5w5feg5sj2l3zvzfbw22h7hu,bafybeieqadn4zya2hmejfi3aimrs3uippx5w5feg5sj2l3zvzfbw22h7hu,ok,182802
642,bafybeibiwitxc53pmup6r2jrit2g4rtj4sazsmadi35kjwwudeeyu6zsgm,bafybeibiwitxc53pmup6r2jrit2g4rtj4sazsmadi35kjwwudeeyu6zsgm,ok,232501
643,bafybeielsivyhmmmrkqijr4veofvrpj7awm4bs4p3nofadzcnigcvsnjei,bafybeielsivyhmmmrkqijr4veofvrpj7awm4bs4p3nofadzcnigcvsnjei,ok,174685
644,bafybeiftwewf7edejw5y46mk5ypy7vltlcon5pdhrzhtxttgm4zdxor6o4,bafybeiftwewf7edejw5y46mk5ypy7vltlcon5pdhrzhtxttgm4zdxor6o4,ok,208956
645,bafybeihjd6jvloo5yudnk7rvzn4e35htxabrhpfyiytogmbvaie7dbzdo4,bafybeihjd6jvloo5yudnk7rvzn4e35htxabrhpfyiytogmbvaie7dbzdo4,ok,234997
646,bafybeidx7xhhmrzr4l6roa2o3jhycaxvylo2t3aodtzxuwjcjyz6fvzziy,bafybeihmcar2hifhn72ameak5hgkrivgjp36qfrzt75tppzbnpxjlh5xyq,MISMATCH,175608
647,bafybeid2op7sxvjnmw2ob6ptnlwf4ywye7c4ufksvb2t42sa2r7woicvbq,bafybeid2op7sxvjnmw2ob6ptnlwf4ywye7c4ufksvb2t42sa2r7woicvbq,ok,209806
648,bafybeiaknk3wrywpyml6axv2indaf2qh7yuet7xzy77ufsp6eal7qpbtyq,bafybeiaknk3wrywpyml6axv2indaf2qh7yuet7xzy77ufsp6eal7qpbtyq,ok,154854
649,bafybeidps2nawk5soa57nwa5mzmbdbp2cnogrsl7drjd4bwyqnev3o2c64,bafybeidps2nawk5soa57nwa5mzmbdbp2cnogrsl7drjd4bwyqnev3o2c64,ok,250028
650,bafybeic7cdl27tzy5yiu4euyaizyf7zvrsoxnzbqojhyevicks4lkqxq4e,bafybeic7cdl27tzy5yiu4euyaizyf7zvrsoxnzbqojhyevicks4lkqxq4e,ok,140167
651,bafybeicejdnk5wafu2iuxm36ngexfudist5bqnhvy2jeb4s232ggzezdgm,bafybeicejdnk5wafu2iuxm36ngexfudist5bqnhvy2jeb4s232ggzezdgm,ok,178381
652,bafybeibbjv3uzor4iqodho6r6ijjbfj43o3qqkj4jtlmt3k4ku6nwuwdu4,bafybeibbjv3uzor4iqodho6r6ijjbfj43o3qqkj4jtlmt3k4ku6nwuwdu4,ok,150522
653,bafybeig6k2ghmb4raftffv4irsjl6464r4kmu6trpv5mqdtlje6oliw4w4,bafybeig6k2ghmb4raftffv4irsjl6464r4kmu6trpv5mqdtlje6oliw4w4,ok,128120
654,bafybeihv66n3wkwsn3ptd4ua2e66fvdqerjhraxwjbuddeb5up35xtidke,bafybeihv66n3wkwsn3ptd4ua2e66fvdqerjhraxwjbuddeb5up35xtidke,ok,161167
655,bafybeid5ojicgjyxtviawvqfmqml2wtmbkgfircpvq4cepbyillso2wn4q,bafybeid5ojicgjyxtviawvqfmqml2wtmbkgfircpvq4cepbyillso2wn4q,ok,242086
656,bafybeic3q2wugn3eliqsbs44xfkhmphpi2u67yjdht3hi5gki7gog2lsvi,bafybeic3q2wugn3eliqsbs44xfkhmphpi2u67yjdht3hi5gki7gog2lsvi,ok,167113
657,bafybeigjv65spng5hs7ead6ly6i3zvz6hq4r3lgcza4xwwydkkxpr3b34m,bafybeigjv65spng5hs7ead6ly6i3zvz6hq4r3lgcza4xwwydkkxpr3b34m,ok,183839
658,bafybeidhkjou4rgsjskkr33h3d3y3rcaqjx2avhxuw4tb7xf5ryeeixcge,bafybeidhkjou4rgsjskkr33h3d3y3rcaqjx2avhxuw4tb7xf5ryeeixcge,ok,165800
659,bafybeiadflins7pyd64msvnixr7asv25ajayzvajxhzntzzryyythyoeiq,bafybeiadflins7pyd64msvnixr7asv25ajayzvajxhzntzzryyythyoeiq,ok,175380
660,bafybeiakjzmkhwl5kbwofaeyuhit73ad3ofhmx3q24af3wfnjhzerpgzde,bafybeiakjzmkhwl5kbwofaeyuhit73ad3ofhmx3q24af3wfnjhzerpgzde,ok,216118
661,bafybeicxgimwpe3i3gprd7d6b7xb7hqngcy4usnuccbyujj7qqu5gncnqa,bafybeicxgimwpe3i3gprd7d6b7xb7hqngcy4usnuccbyujj7qqu5gncnqa,ok,153090
662,bafybeibkdoavzlcqq4xmdhsaun5ewcmsveknmt72e4zbmffxm63d6b4ffq,bafybeibkdoavzlcqq4xmdhsaun5ewcmsveknmt72e4zbmffxm63d6b4ffq,ok,178120
663,bafybeiebvl3ywizssvegcumm3upcudfkgpaex5tjjwmvpif5iycphb74nm,bafybeiebvl3ywizssvegcumm3upcudfkgpaex5tjjwmvpif5iycphb74nm,ok,172718
664,bafybeigv2o7e7eekye56gqlwawvg6felc6dozlc3vkf6k7drpntaek57mq,bafybeigv2o7e7eekye56gqlwawvg6felc6dozlc3vkf6k7drpntaek57mq,ok,132975
665,bafybeichy74uwejtvppx2insmejtwinqfyl2bhjcxn6222e5xc6gvswycu,bafybeichy74uwejtvppx2insmejtwinqfyl2bhjcxn6222e5xc6gvswycu,ok,210325
666,bafybeifl73oogmqilbcbhwpxodbvoidiwzcta35dom6mtgqw3z3ixzryim,bafybeifl73oogmqilbcbhwpxodbvoidiwzcta35dom6mtgqw3z3ixzryim,ok,156694
667,bafybeigmndjj2xqeii7j5jnn2uzeretzseu6iz6fbswetqga5mq2gfbeei,bafybeigmndjj2xqeii7j5jnn2uzeretzseu6iz6fbswetqga5mq2gfbeei,ok,129047
668,bafybeib4d2ajs37qvkjpi2wa3x5hfxatugddxezcmfj33tsrwbskrlfw6e,bafybeib4d2ajs37qvkjpi2wa3x5hfxatugddxezcmfj33tsrwbskrlfw6e,ok,189276
669,bafybeihlzgevf7e4lry4tob54eehugxsudepofo5oshtbdrxtbb7c3cxnu,bafybeihlzgevf7e4lry4tob54eehugxsudepofo5oshtbdrxtbb7c3cxnu,ok,151108
670,bafybeie36ryotrmmkz3itytl5rsdefwya5xkwapzcq7fj345rgmoraruby,bafybeie36ryotrmmkz3itytl5rsdefwya5xkwapzcq7fj345rgmoraruby,ok,164396
671,bafybeidv4pogajru7wpcoiyc42subqf7jppltcr6cnzj2n75jmt7xadtcm,bafybeidv4pogajru7wpcoiyc42subqf7jppltcr6cnzj2n75jmt7xadtcm,ok,130884
672,bafybeidrxd4wska6uich4rz37vwyyygfpsbwagv2gzwayt7lwvkhxfwtfi,bafybeidrxd4wska6uich4rz37vwyyygfpsbwagv2gzwayt7lwvkhxfwtfi,ok,169943
673,bafybeih7sqlqxkpny3u6ujqxcud2aohx56v5n3i4rq7qast5wqepiaipcy,bafybeih7sqlqxkpny3u6ujqxcud2aohx56v5n3i4rq7qast5wqepiaipcy,ok,274529
674,bafybeig3ya5pbhnmxtajzeyoq523niycb6gc3kjr5sursbqjsojmuafrxe,bafybeig3ya5pbhnmxtajzeyoq523niycb6gc3kjr5sursbqjsojmuafrxe,ok,220309
675,bafybeifdormeipbki4my7spwhzbv4v5jwozl4kxwe46xsapdhp5u4nizmq,bafybeifdormeipbki4my7spwhzbv4v5jwozl4kxwe46xsapdhp5u4nizmq,ok,154017
676,bafybeibmtoeoa36f7vw4hpqfwk3htisemmad5llxr5f5c3hfucynstjhi4,bafybeibmtoeoa36f7vw4hpqfwk3htisemmad5llxr5f5c3hfucynstjhi4,ok,208350
677,bafybeihezoycutlk27xobn4whmegwqcrzflt2kgllcab7wuiqe7xst6owe,bafybeihezoycutlk27xobn4whmegwqcrzflt2kgllcab7wuiqe7xst6owe,ok,216963
678,bafybeifuav5l2lfkyg26ucx5syfvh5o2snw5fxjjvrc6lpwtcxjtoxtyx4,bafybeifuav5l2lfkyg26ucx5syfvh5o2snw5fxjjvrc6lpwtcxjtoxtyx4,ok,217778
679,bafybeifq5wro5jdvbzny75rnpn4n4ertgzt7yynzkctxyxr2fseojur5g4,bafybeifq5wro5jdvbzny75rnpn4n4ertgzt7yynzkctxyxr2fseojur5g4,ok,139356
680,bafybeifbjsfgm6a2zqqc3wlrszrfomthsehhshn7wbq5wtbz5jhczsjhsa,bafybeifbjsfgm6a2zqqc3wlrszrfomthsehhshn7wbq5wtbz5jhczsjhsa,ok,179711
681,bafybeiczrnye4erwrucxfhbd6yhjajwg2fyvfjg3ja6hnxidnl7dtjpwiy,bafybeiczrnye4erwrucxfhbd6yhjajwg2fyvfjg3ja6hnxidnl7dtjpwiy,ok,158057
682,bafybeigpq6rqhv3lgsgxt236sg3lr3hvale4gbvshzcehhfv2su2tljxuq,bafybeigpq6rqhv3lgsgxt236sg3lr3hvale4gbvshzcehhfv2su2tljxuq,ok,222351
683,bafybeidw5hsu4ibi36xtk2hvnoqnnx5uiabcqrhqmvkjecj2y7ghe2hwtu,bafybeidw5hsu4ibi36xtk2hvnoqnnx5uiabcqrhqmvkjecj2y7ghe2hwtu,ok,176953
684,bafybeifwnwwichp6rk4vgjvm33ukqwktvnfwqjm2vggtc4lzjyfg7d3qy4,bafybeifwnwwichp6rk4vgjvm33ukqwktvnfwqjm2vggtc4lzjyfg7d3qy4,ok,180670
685,bafybeicjhbwjlysav2ubhu62coz2qe64ylrbwkgcct7372zeobipyibzli,bafybeicjhbwjlysav2ubhu62coz2qe64ylrbwkgcct7372zeobipyibzli,ok,258324
686,bafybeihsripgdnd2v4vo3aetyqvmw26kr2xwgprcd6b5tpsgjfndil4xbi,bafybeihsripgdnd2v4vo3aetyqvmw26kr2xwgprcd6b5tpsgjfndil4xbi,ok,120083
687,bafybeiegl57kvupvj356lmd5c36soc273frnnvzxo257bsnf5m4mriklku,bafybeiegl57kvupvj356lmd5c36soc273frnnvzxo257bsnf5m4mriklku,ok,217899
688,bafybeifwikvj72b5c5hjhvelcafckfgf7rspkipfbwqd6sqcqij4dls4iu,bafybeifwikvj72b5c5hjhvelcafckfgf7rspkipfbwqd6sqcqij4dls4iu,ok,166354
689,bafybeicyjopnqrxmv23n76je2kti6y2ilyleihimnoxye5ck62qllasdmm,bafybeicyjopnqrxmv23n76je2kti6y2ilyleihimnoxye5ck62qllasdmm,ok,249618
690,bafybeid53tnxrto5lmgt3v464kgecl4mmtoc5fvny736is3pf4br23ad4u,bafybeid53tnxrto5lmgt3v464kgecl4mmtoc5fvny736is3pf4br23ad4u,ok,186028
691,bafybeifxsqkcs3fwenoe6pnmcxkswmfvj7x3q746xqqnl7dn5ujqiklezi,bafybeifxsqkcs3fwenoe6pnmcxkswmfvj7x3q746xqqnl7dn5ujqiklezi,ok,137935
692,bafybeiajjwkqi4wkhwlf4xuvgoin37tvvtb5m3ikwo2w4zi7po4zep5vuq,bafybeiajjwkqi4wkhwlf4xuvgoin37tvvtb5m3ikwo2w4zi7po4zep5vuq,ok,139656
693,bafybeibokrjc6pp6yisaumoo3jhpkw5matpqv6ikbqotiwq3bpwyebtazi,bafybeibokrjc6pp6yisaumoo3jhpkw5matpqv6ikbqotiwq3bpwyebtazi,ok,234756
694,bafybeifthyco27t5e2674w6p43a25rrlh6qo7k7crhs5crujtb3c3u2bvm,bafybeifthyco27t5e2674w6p43a25rrlh6qo7k7crhs5crujtb3c3u2bvm,ok,140820
695,bafybeid7s4jtdc22hfvxu3i3slafyjtcnecbyf73q3sdehbyil3vkne6fy,bafybeid7s4jtdc22hfvxu3i3slafyjtcnecbyf73q3sdehbyil3vkne6fy,ok,197655
696,bafybeic4jl56a5xdzvuvonqqxzwcwq62chj4lzg44pjs25r4axz7ya7kke,bafybeic4jl56a5xdzvuvonqqxzwcwq62chj4lzg44pjs25r4axz7ya7kke,ok,192700
697,bafybeibhia3zlgkrhr5pwhyedb4fklhnccuyxn2zr43ucpee3afp6k52im,bafybeibhia3zlgkrhr5pwhyedb4fklhnccuyxn2zr43ucpee3afp6k52im,ok,244825
698,bafybeif2si6ep26kwob3cfxhesut6yuoygxrg47nzizbtrzcxbcjseuwya,bafybeif2si6ep26kwob3cfxhesut6yuoygxrg47nzizbtrzcxbcjseuwya,ok,139885
699,bafybeidmiz346jbcpkb3frlrvg7k7vhdtozyvnnhjkaqtodfkuwjk42ija,bafybeidmiz346jbcpkb3frlrvg7k7vhdtozyvnnhjkaqtodfkuwjk42ija,ok,249832
700,bafybeifgbqjs4iq6fiizjcdcxirqmsxig4nz4lpnckjdv3ylizlltbp2bm,bafybeifgbqjs4iq6fiizjcdcxirqmsxig4nz4lpnckjdv3ylizlltbp2bm,ok,216856
701,bafybeih6ktyswsldaf4ai4ctmyegm3rav6pydeziqt5djeglvv5663xchy,bafybeih6ktyswsldaf4ai4ctmyegm3rav6pydeziqt5djeglvv5663xchy,ok,179226
702,bafybeiciwycpa6hlyguvj5g76kie4znvyqdglzp65jjmnvhbsoes62uf2a,bafybeiciwycpa6hlyguvj5g76kie4znvyqdglzp65jjmnvhbsoes62uf2a,ok,172170
703,bafybeid465px54uvxxsmnoufdc2lybcuf7ud73bcjtdihcbcuiuoou2y7q,bafybeid465px54uvxxsmnoufdc2lybcuf7ud73bcjtdihcbcuiuoou2y7q,ok,219359
704,bafybeihlmpz6ldzkwivxnytdydut53i6ffqbs7m2yongbhov2rqdzek6me,bafybeihlmpz6ldzkwivxnytdydut53i6ffqbs7m2yongbhov2rqdzek6me,ok,220750
705,bafybeighfe4ybqo234z7lrbtzuv6yesnyyirt4he44l4pq5y6gf4l3gl4y,bafybeighfe4ybqo234z7lrbtzuv6yesnyyirt4he44l4pq5y6gf4l3gl4y,ok,254559
706,bafybeifnbhlpdpzfxgqaaoyxyhgzh46rsyc2rhfa76emguna37mkya5qua,bafybeifnbhlpdpzfxgqaaoyxyhgzh46rsyc2rhfa76emguna37mkya5qua,ok,163543
707,bafybeifboevyznen3ey3a5kjz5hhoabwrgi6jw2noozdtpmnfbev6qtzwi,bafybeifboevyznen3ey3a5kjz5hhoabwrgi6jw2noozdtpmnfbev6qtzwi,ok,146530
708,bafybeidf76uwrmfjpydfuadnnilbxfxfs3aks6mibgi2kn7xsf2vof7a7u,bafybeidf76uwrmfjpydfuadnnilbxfxfs3aks6mibgi2kn7xsf2vof7a7u,ok,259783
709,bafybeidwho2o4uzudyyhlzzmd4hcpxodinkevz3se5pzm5nwhaer7gzqhi,bafybeidwho2o4uzudyyhlzzmd4hcpxodinkevz3se5pzm5nwhaer7gzqhi,ok,230478
710,bafybeia2dp7fnarqpysct7ujmrhb47l2vrt74uieqq3s64afan32o2wbrq,bafybeia2dp7fnarqpysct7ujmrhb47l2vrt74uieqq3s64afan32o2wbrq,ok,250013
711,bafybeigvwnqe4wig6i3sk5hz3myjfqgdyxz3jlhyln3dosenz2upm7mlsa,bafybeigvwnqe4wig6i3sk5hz3myjfqgdyxz3jlhyln3dosenz2upm7mlsa,ok,181288
712,bafybeihisojbker5do6d5tbpwmlezwalzsqifnuigpdyn67hqnn7u2iew4,bafybeihisojbker5do6d5tbpwmlezwalzsqifnuigpdyn67hqnn7u2iew4,ok,206301
713,bafybeifiboogwhrxzcgwx5osc6lu6zqmpixc5pdufrnqagn5zpkz4djehy,bafybeifiboogwhrxzcgwx5osc6lu6zqmpixc5pdufrnqagn5zpkz4djehy,ok,166314
714,bafybeidltin2hqgm7ijdkohba7mbxwxwexkcqto735net4m5zpmb2zmbnm,bafybeidltin2hqgm7ijdkohba7mbxwxwexkcqto735net4m5zpmb2zmbnm,ok,214922
715,bafybeic5fcmx654prps6nhmuayzu73jtkjwzj2gf7k3xtdbgiwfopdubbq,bafybeic5fcmx654prps6nhmuayzu73jtkjwzj2gf7k3xtdbgiwfopdubbq,ok,254700
716,bafybeibaul36ingswrv3rjmsmpbjouaillak7yn5bckib2jmdo3sxwee2q,bafybeibaul36ingswrv3rjmsmpbjouaillak7yn5bckib2jmdo3sxwee2q,ok,139603
717,bafybeiezhbkhafjcvl55afawgkq2tkrgbgxcdrl62tboisw6mcaqk4iine,bafybeiezhbkhafjcvl55afawgkq2tkrgbgxcdrl62tboisw6mcaqk4iine,ok,204714
718,bafybeiaiybcgto32san5jahveswxu2ay6kmxa247kqdul62u7jimknzicy,bafybeiaiybcgto32san5jahveswxu2ay6kmxa247kqdul62u7jimknzicy,ok,177376
719,bafybeih7owo4jq2phfzgzr57a2sjs3cemv5gpmaefynffljzas6islj6xi,bafybeih7owo4jq2phfzgzr57a2sjs3cemv5gpmaefynffljzas6islj6xi,ok,228602
720,bafybeiengwlwchuxsapdxru57g5y5eawflt6n2sn4ctwjfyd7t4fho2cca,bafybeiengwlwchuxsapdxru57g5y5eawflt6n2sn4ctwjfyd7t4fho2cca,ok,179374
721,bafybeigtatrsx66ndnr4q5ucdfveds7l2mvdta5zxco6qjgijym2ilsrxe,bafybeigtatrsx66ndnr4q5ucdfveds7l2mvdta5zxco6qjgijym2ilsrxe,ok,137604
722,bafybeic67lw3f4g42vglvpiph5x3gy5q4zklkcil6yvhijgoop33lbc4ja,bafybeic67lw3f4g42vglvpiph5x3gy5q4zklkcil6yvhijgoop33lbc4ja,ok,242097
723,bafybeiblaqqg75ehsekgrllgkn25i3iz5xe2drqordd5avd34aw7kflxzu,bafybeiblaqqg75ehsekgrllgkn25i3iz5xe2drqordd5avd34aw7kflxzu,ok,254867
724,bafybeig4snr6hinh6aqv5lrbinqn543y6jwf6qsbnmvtofchuowz3xopoa,bafybeig4snr6hinh6aqv5lrbinqn543y6jwf6qsbnmvtofchuowz3xopoa,ok,161970
725,bafybeif33sktd6kdbsy5ha755nnagongz4fwg45ww6mnqrqd7gnwydqk6a,bafybeif33sktd6kdbsy5ha755nnagongz4fwg45ww6mnqrqd7gnwydqk6a,ok,163625
726,bafybeibmh2i6n7sydobjwk7x4d2b2rfzhsfzpawa3alrhckrg36h4h4z6e,bafybeibmh2i6n7sydobjwk7x4d2b2rfzhsfzpawa3alrhckrg36h4h4z6e,ok,242044
727,bafybeibkmxa7qmp5nryn3axqyqzricvrh7ttevjq5mpfawigkhtwu5wiq4,bafybeibkmxa7qmp5nryn3axqyqzricvrh7ttevjq5mpfawigkhtwu5wiq4,ok,235561
728,bafybeiebm4n3yesqcuqqd7e5yw7wnlp7sho3vt76tdywf7tdc5chuiywcm,bafybeiebm4n3yesqcuqqd7e5yw7wnlp7sho3vt76tdywf7tdc5chuiywcm,ok,252179
729,bafybeicpafva6z2nm2drrvr7ipmqo4o2cbzvs2ruwvq2mi2ikogy5qs75u,bafybeicpafva6z2nm2drrvr7ipmqo4o2cbzvs2ruwvq2mi2ikogy5qs75u,ok,143298
730,bafybeibgdilky35ieqrxzoxntzspy5ay3dyqzndlreganilyl2twdp552i,bafybeibgdilky35ieqrxzoxntzspy5ay3dyqzndlreganilyl2twdp552i,ok,173113
731,bafybeic7fya6xh7qnebaewxmkwseas5zubxv5okkksacbdtai5rs3xpwgm,bafybeic7fya6xh7qnebaewxmkwseas5zubxv5okkksacbdtai5rs3xpwgm,ok,218520
732,bafybeido7odae3mrolohiqfyaz7d54oik4ep3ro3skhtgmxow657wiiiha,bafybeido7odae3mrolohiqfyaz7d54oik4ep3ro3skhtgmxow657wiiiha,ok,208994
733,bafybeiaiavf7hcuiju66d4d6ct4g3sher5qtqv2xflul3u45mpgj6xuknu,bafybeiaiavf7hcuiju66d4d6ct4g3sher5qtqv2xflul3u45mpgj6xuknu,ok,202676
734,bafybeibxhmzlt552yl7wg6vps7xw5j7qbdn2nryzz7zo66i3qb4yddcriy,bafybeibxhmzlt552yl7wg6vps7xw5j7qbdn2nryzz7zo66i3qb4yddcriy,ok,180935
735,bafybeidqdphilgtv3tvbcife3s74ouhllchoaf5cx2uxlkbki34if5kehi,bafybeidqdphilgtv3tvbcife3s74ouhllchoaf5cx2uxlkbki34if5kehi,ok,229055
736,bafybeib55f2wygkozyp2uz7c7dfsvfs3evfdlm3jyyj5yptk7vs36a5y7q,bafybeib55f2wygkozyp2uz7c7dfsvfs3evfdlm3jyyj5yptk7vs36a5y7q,ok,139196
737,bafybeihizm6bejkj7j24e6kmqm4qpenshytz723x5rzp36xihj52dg7lpu,bafybeihizm6bejkj7j24e6kmqm4qpenshytz723x5rzp36xihj52dg7lpu,ok,222182
738,bafybeibxb4vgsd3mccb7j7zxiyuig6ppl5sxhpb75slbx2wrcu3ij5knbq,bafybeibxb4vgsd3mccb7j7zxiyuig6ppl5sxhpb75slbx2wrcu3ij5knbq,ok,226374
739,bafybeihv4rytlzxpv76w4oej2qmzc7sp36z5vllxvq7t2bbeosrnqpthza,bafybeihv4rytlzxpv76w4oej2qmzc7sp36z5vllxvq7t2bbeosrnqpthza,ok,206161
740,bafybeihkzbapkels2sxh7zy77vqgvohkzvd7sugwisheorok4ou5rkx7xa,bafybeihkzbapkels2sxh7zy77vqgvohkzvd7sugwisheorok4ou5rkx7xa,ok,194589
741,bafybeifkio45gogwhw5y7hgndwkh233tlmsyfads5dgv6ikt4xwy2oe7jm,bafybeifkio45gogwhw5y7hgndwkh233tlmsyfads5dgv6ikt4xwy2oe7jm,ok,144739
742,bafybeifrlhazsjiujhsw4gjfpggvrc3cbfxxqc2b744cr72hnpflri74z4,bafybeifrlhazsjiujhsw4gjfpggvrc3cbfxxqc2b744cr72hnpflri74z4,ok,132512
743,bafybeieoklr3p7eg4qq3sv5rt6vfvlfouzdxcsmdu47mr4jkkaaxxyknkq,bafybeieoklr3p7eg4qq3sv5rt6vfvlfouzdxcsmdu47mr4jkkaaxxyknkq,ok,164820
744,bafybeiea7bkm4gg7zahpd7fk3xjfei2kiutwltwavhbeaj2cubtxrx7qte,bafybeiea7bkm4gg7zahpd7fk3xjfei2kiutwltwavhbeaj2cubtxrx7qte,ok,149613
745,bafybeiei5pwkoy43nozgnxkqxj6ruovkzrfptrrgga363qvxnwycfwpwye,bafybeiei5pwkoy43nozgnxkqxj6ruovkzrfptrrgga363qvxnwycfwpwye,ok,224172
746,bafybeia4h3fgnj7fptpik2s4oc34dzgzy5eebqr62hzmj6khmn3l67e5ze,bafybeia4h3fgnj7fptpik2s4oc34dzgzy5eebqr62hzmj6khmn3l67e5ze,ok,202181
747,bafybeidy3posp7bmawvalret54ze63gaqge7nu3fescs256pooumccrybq,bafybeidy3posp7bmawvalret54ze63gaqge7nu3fescs256pooumccrybq,ok,200216
748,bafybeihkhoao3lmyxt3o7jhhpluwtozifzbmuevpqdfhy4udsab7k2kiym,bafybeihkhoao3lmyxt3o7jhhpluwtozifzbmuevpqdfhy4udsab7k2kiym,ok,145980
749,bafybeieql7kd7vdebinqmev3h5qgmcqbdp5r3t6uspqcbvxweoudcvenym,bafybeieql7kd7vdebinqmev3h5qgmcqbdp5r3t6uspqcbvxweoudcvenym,ok,153450
750,bafybeihvdhawpftrgxngioqdgghyrnjauoht5yyaepmrjhv2biqvpaqiki,bafybeihvdhawpftrgxngioqdgghyrnjauoht5yyaepmrjhv2biqvpaqiki,ok,166989
751,bafybeighdpubslf73bfwmoyng6xf46gtwl7go2pkk4kyulc44empnmuxty,bafybeighdpubslf73bfwmoyng6xf46gtwl7go2pkk4kyulc44empnmuxty,ok,199987
752,bafybeiglypog2mrvbwsm5twy5wt5fbd7w276xi3zrzy3mdvttcc65j4iam,bafybeiglypog2mrvbwsm5twy5wt5fbd7w276xi3zrzy3mdvttcc65j4iam,ok,288911
753,bafybeigsiu6u4irylym4yivdfm6u2ymfyy6ufzgqyzkk5hh4lt7k5eerf4,bafybeigsiu6u4irylym4yivdfm6u2ymfyy6ufzgqyzkk5hh4lt7k5eerf4,ok,160638
754,bafybeievjx2d2pren7f6kxsi4gdunh4xlets5ivkui7f6kq5vqq23ave6q,bafybeievjx2d2pren7f6kxsi4gdunh4xlets5ivkui7f6kq5vqq23ave6q,ok,114887
755,bafybeicc7m34eebm2izte2fkkkbjo2uwk2o3bpyrmrkcswijglnqmmslu4,bafybeicc7m34eebm2izte2fkkkbjo2uwk2o3bpyrmrkcswijglnqmmslu4,ok,212506
756,bafybeif5b7etmosedgkaerahko2cx4k7qu4wbvtdigiacvdiw7smqvnejq,bafybeif5b7etmosedgkaerahko2cx4k7qu4wbvtdigiacvdiw7smqvnejq,ok,192482
757,bafybeifsxjqd5bru3vhfbhl6lctwmt6fccc56yn43ba5wxsuiqvg2na5pa,bafybeifsxjqd5bru3vhfbhl6lctwmt6fccc56yn43ba5wxsuiqvg2na5pa,ok,164517
758,bafybeihtyortm2ct5qe4ge7k44f4mt25pnvbm4xlg54aucmkgrmdw432ey,bafybeihtyortm2ct5qe4ge7k44f4mt25pnvbm4xlg54aucmkgrmdw432ey,ok,262787
759,bafybeihyrj6w7ye5guhosjsprrmiyifnk72ntmugtw6uqza7kagsi4rofq,bafybeihyrj6w7ye5guhosjsprrmiyifnk72ntmugtw6uqza7kagsi4rofq,ok,178261
760,bafybeibikc2uf2i427bdpfpm66lvhbjltyzomp5fhsui4fayzy34gqyuce,bafybeibikc2uf2i427bdpfpm66lvhbjltyzomp5fhsui4fayzy34gqyuce,ok,239823
761,bafybeid7zmqicozzxbmy6xq6hfsmxplqzukefj46qqxyey5pd6sigytznq,bafybeid7zmqicozzxbmy6xq6hfsmxplqzukefj46qqxyey5pd6sigytznq,ok,134934
762,bafybeibof5viekwwgm3trpb74nqg7ee3atg5vio6ilj2znekrvps5el2si,bafybeibof5viekwwgm3trpb74nqg7ee3atg5vio6ilj2znekrvps5el2si,ok,206770
763,bafybeigp67wfrhwpfy3lzalibbzzdd4xgqge4ih6gdqlgf3nfqiq4lndmq,bafybeigp67wfrhwpfy3lzalibbzzdd4xgqge4ih6gdqlgf3nfqiq4lndmq,ok,144569
764,bafybeifj2ck6dp6n34iozse4ropdlmijl27r4a7znkkdxrvr3xumosrhfm,bafybeifj2ck6dp6n34iozse4ropdlmijl27r4a7znkkdxrvr3xumosrhfm,ok,261357
765,bafybeiccm5wwzjfltmuvivp3aw2dxnmsuedckb47nusdfj4ympdghuojae,bafybeiccm5wwzjfltmuvivp3aw2dxnmsuedckb47nusdfj4ympdghuojae,ok,228196
766,bafybeigmazdb5ftgn4jsg4o23nkwlkno3hhgldvpznmedidakcxaitf24y,bafybeigmazdb5ftgn4jsg4o23nkwlkno3hhgldvpznmedidakcxaitf24y,ok,221988
767,bafybeiamsvine43kw4yfynbyydzrjheqpbj3znmzuyj3q7pgotnmodk2ja,bafybeiamsvine43kw4yfynbyydzrjheqpbj3znmzuyj3q7pgotnmodk2ja,ok,138854
768,bafybeigtshyapn3bl7y3psxnrvwjvdbzomvgxa7uyxbyc2u4zy7z2n5eue,bafybeigtshyapn3bl7y3psxnrvwjvdbzomvgxa7uyxbyc2u4zy7z2n5eue,ok,185951
769,bafybeibz7rj467p4bwle3wixwct2tix5e3reyt2r56njwg2qhgb5i6woky,bafybeibz7rj467p4bwle3wixwct2tix5e3reyt2r56njwg2qhgb5i6woky,ok,220532
770,bafybeifzyg7xqm2g2nmxiqquok75i6farkcvfhbmoiaxxqmv6n4w6ufx3a,bafybeifzyg7xqm2g2nmxiqquok75i6farkcvfhbmoiaxxqmv6n4w6ufx3a,ok,220489
771,bafybeifzoht2l3cjntehc6hzeua2gsogqmr66tvkvwbn2lt5iejahxymai,bafybeifzoht2l3cjntehc6hzeua2gsogqmr66tvkvwbn2lt5iejahxymai,ok,185320
772,bafybeibdots24klgwvausr2fh52tv6pk3ycannijueg5kfdpmogcmq43e4,bafybeibdots24klgwvausr2fh52tv6pk3ycannijueg5kfdpmogcmq43e4,ok,199136
773,bafybeibg4ffjp73hgasusersxgt7ukwwuz4uxks2jmin7gn3ffpyp7t3nq,bafybeibg4ffjp73hgasusersxgt7ukwwuz4uxks2jmin7gn3ffpyp7t3nq,ok,160226
774,bafybeibkmvjltipikokfdoi74hbvg2pgs573ccjcozlm3ubdwi7lmcvcwu,bafybeibkmvjltipikokfdoi74hbvg2pgs573ccjcozlm3ubdwi7lmcvcwu,ok,168719
775,bafybeib3vn7sloy6ptpt2jzxikior7enelt6q5dekxx7ka2c3a3emfxffa,bafybeib3vn7sloy6ptpt2jzxikior7enelt6q5dekxx7ka2c3a3emfxffa,ok,186312
776,bafybeica6lniqdfinmcvprx3e25sjzab7aqv6pty6cmagij6f6s6ymeapy,bafybeica6lniqdfinmcvprx3e25sjzab7aqv6pty6cmagij6f6s6ymeapy,ok,144313
777,bafybeic4hdtwb5jozrslypzu3v77bbddkurwoerjdudbaqznoyzoqrxunm,bafybeic4hdtwb5jozrslypzu3v77bbddkurwoerjdudbaqznoyzoqrxunm,ok,237097
778,bafybeibwwampwvh5gq6jkq6gs7iakgwcsu7ua2vb5xhrhwnaz7x7ixcuzy,bafybeibwwampwvh5gq6jkq6gs7iakgwcsu7ua2vb5xhrhwnaz7x7ixcuzy,ok,141762
779,bafybeiey6frtzhtxwzxf6qpvhiandfaeagjivvezrk2grsszyuntrrl37m,bafybeiey6frtzhtxwzxf6qpvhiandfaeagjivvezrk2grsszyuntrrl37m,ok,228346
780,bafybeialygonjuwug5xjdbxtiq63bgirhbbdbn6v4tolp4cupwqda2uiw4,bafybeialygonjuwug5xjdbxtiq63bgirhbbdbn6v4tolp4cupwqda2uiw4,ok,233479
781,bafybeihuy6rkxsnyo3dg3xeu3gmxnsdhhd2hv3krlf3j3f5jl2r2ij6eoq,bafybeihuy6rkxsnyo3dg3xeu3gmxnsdhhd2hv3krlf3j3f5jl2r2ij6eoq,ok,152627
782,bafybeiaxpmci3xbs4lukoqc77wbo3wnz3gytse6ckdsm3gmrfukn7oe4dy,bafybeiaxpmci3xbs4lukoqc77wbo3wnz3gytse6ckdsm3gmrfukn7oe4dy,ok,215083
783,bafybeifxkg23w6ghvhgpoyknpocayoabpoy36hca6auotq2xfpueyqmtgm,bafybeifxkg23w6ghvhgpoyknpocayoabpoy36hca6auotq2xfpueyqmtgm,ok,137557
784,bafybeicpmnz7pf2iqf357myjbslydxe5w5ixziztpycpvvy2j6hsobem7e,bafybeicpmnz7pf2iqf357myjbslydxe5w5ixziztpycpvvy2j6hsobem7e,ok,251388
785,bafybeidvsjpxdybzejh42wn2v4egchvedy7h444pjxqahkp3fnlukeo6uq,bafybeidvsjpxdybzejh42wn2v4egchvedy7h444pjxqahkp3fnlukeo6uq,ok,141530
786,bafybeibxtvj2lz7qqlbeemrweyauypjw3m5c2adbv52pjcp7ubn5pyu7si,bafybeibxtvj2lz7qqlbeemrweyauypjw3m5c2adbv52pjcp7ubn5pyu7si,ok,271504
787,bafybeib2fajaw7at5exle3jhi4cc7piwtwp6llntoy2h6j6taxvc7oicei,bafybeib2fajaw7at5exle3jhi4cc7piwtwp6llntoy2h6j6taxvc7oicei,ok,223939
788,bafybeifutbpclfduyv2wda2iqipgs742yoya67xnjm5hi6ea46eucrlpsq,bafybeifutbpclfduyv2wda2iqipgs742yoya67xnjm5hi6ea46eucrlpsq,ok,189033
789,bafybeiayf2o2657yxz7il35vrnnznwkp36qwqckufvdxx3oyc5gptt5wli,bafybeiayf2o2657yxz7il35vrnnznwkp36qwqckufvdxx3oyc5gptt5wli,ok,183792
790,bafybeiby4tkspjrbko3rlufsnvnt33xohgd6jr3xqf44ktlteohpxltoji,bafybeiby4tkspjrbko3rlufsnvnt33xohgd6jr3xqf44ktlteohpxltoji,ok,213408
791,bafybeia7kihu2kytoxu65us7l47i53eb6frpnijuyaqpaziikzpzvnu3yi,bafybeia7kihu2kytoxu65us7l47i53eb6frpnijuyaqpaziikzpzvnu3yi,ok,216800
792,bafybeiareigeoh4vijhqlkb2gqpwd4uichbihgnpdyysnchfpbvnsf4k5e,bafybeiareigeoh4vijhqlkb2gqpwd4uichbihgnpdyysnchfpbvnsf4k5e,ok,164473
793,bafybeihuiolrqc3whrm4nlsg5gxuxmi3wfihwa2reqmek235zgwz2tzipq,bafybeict3buhfhxcl46fgtibi2uzorwllfgk3crwvbpnegrabuwrrfk3oi,MISMATCH,220263
794,bafybeie65u5x2s7gfol5fl365dgbfxv75g5jzlnvny2xgoce4kfwc5aw5i,bafybeie65u5x2s7gfol5fl365dgbfxv75g5jzlnvny2xgoce4kfwc5aw5i,ok,157570
795,bafybeibl3xvqhrdlabamzuppic7uwarz7fa6d7uqqi3k2itzpbmkw4c7bm,bafybeibl3xvqhrdlabamzuppic7uwarz7fa6d7uqqi3k2itzpbmkw4c7bm,ok,284615
796,bafybeibnd4ofp4plsacas3phjsiiv3vckfzrsjqpq34hvtecyijcxxjlye,bafybeibnd4ofp4plsacas3phjsiiv3vckfzrsjqpq34hvtecyijcxxjlye,ok,142707
797,bafybeifg2j3icldkwhj5cx5lq6dwt7xd6pg72taun22h3ccfyhtgatxcqq,bafybeifg2j3icldkwhj5cx5lq6dwt7xd6pg72taun22h3ccfyhtgatxcqq,ok,156686
798,bafybeifp53aoeuq4guuwaapj37h6tbouz7lsnlpq3tviorpvgwwwvpgivq,bafybeifp53aoeuq4guuwaapj37h6tbouz7lsnlpq3tviorpvgwwwvpgivq,ok,185071
799,bafybeia7bf67cy4z2oiqu3h7bnpcvus7ralsbbngwxhuxi6227looo4u44,bafybeia7bf67cy4z2oiqu3h7bnpcvus7ralsbbngwxhuxi6227looo4u44,ok,193164
800,bafybeih73hra7dowuldpyjcbgpvpuux6oao4bvnejtutuq32dvbmyvosxq,bafybeih73hra7dowuldpyjcbgpvpuux6oao4bvnejtutuq32dvbmyvosxq,ok,113460
801,bafybeia5guryadsvqsdziqjqwjf3a5jhughikb5mtpp6gjcrvltz33rgge,bafybeia5guryadsvqsdziqjqwjf3a5jhughikb5mtpp6gjcrvltz33rgge,ok,209284
802,bafybeiaqwcmkxrck76rolpyfah3vn2mcgxarypc53zxckxkfok4wnenlfm,bafybeiaqwcmkxrck76rolpyfah3vn2mcgxarypc53zxckxkfok4wnenlfm,ok,207296
803,bafybeifw7uikpjcj7hgyrpbv4ycfxudt3b24d5cftl5mobmls6ty2zbfsq,bafybeifw7uikpjcj7hgyrpbv4ycfxudt3b24d5cftl5mobmls6ty2zbfsq,ok,216953
804,bafybeifk3gl6twqfivtcblas53lbxhv5dn2gd6dvjxh3eaaiv2c7oi6oja,bafybeifk3gl6twqfivtcblas53lbxhv5dn2gd6dvjxh3eaaiv2c7oi6oja,ok,169955
805,bafybeihbugybv32e7u4jvnbvc72bc5mt7ofehvn3xdwk6gakvflyrwt6pu,bafybeihbugybv32e7u4jvnbvc72bc5mt7ofehvn3xdwk6gakvflyrwt6pu,ok,168711
806,bafybeidac7mqmfpssmc4lavrs6hivef5m7flty3om2tiutofeyuvpetlsi,bafybeidac7mqmfpssmc4lavrs6hivef5m7flty3om2tiutofeyuvpetlsi,ok,179873
807,bafybeifl2t6ipqccgvj7xau7rtkvymozoechxfztqqv2ykrudbgckml5ba,bafybeifl2t6ipqccgvj7xau7rtkvymozoechxfztqqv2ykrudbgckml5ba,ok,175567
808,bafybeibdnzrbdohewlm64ldlaqj6qbchdqp2cuys26jbfl55sbiaeo44tm,bafybeibdnzrbdohewlm64ldlaqj6qbchdqp2cuys26jbfl55sbiaeo44tm,ok,190532
809,bafybeib4o6qlrxxxtxrfwdsvjvxf2pn2uli63fxdad3dfqsd3twg5afmya,bafybeib4o6qlrxxxtxrfwdsvjvxf2pn2uli63fxdad3dfqsd3twg5afmya,ok,129569
810,bafybeie7jfp5j37gjwdpetvtw2u6odm5oojc7oubllhcoyeoskrwci6k5q,bafybeie7jfp5j37gjwdpetvtw2u6odm5oojc7oubllhcoyeoskrwci6k5q,ok,241959
811,bafybeifqvvewf6dlr5qhayguls7hyuzvu675aljc24uhlfghxq2igulvki,bafybeifqvvewf6dlr5qhayguls7hyuzvu675aljc24uhlfghxq2igulvki,ok,211208
812,bafybeidamenelyjdlgoyomeigsodkmk3inkc7r6mnh65hfcca6ydyeypde,bafybeidamenelyjdlgoyomeigsodkmk3inkc7r6mnh65hfcca6ydyeypde,ok,212110
813,bafybeievnzgggessby4xcll7ywhg4kqdo4exmk3vguuhpkrze63eo5bopa,bafybeievnzgggessby4xcll7ywhg4kqdo4exmk3vguuhpkrze63eo5bopa,ok,210880
814,bafybeieequhuktg32yte3jhjmrkadhwgz5fd2jaiejmgsulgccsh7vfave,bafybeieequhuktg32yte3jhjmrkadhwgz5fd2jaiejmgsulgccsh7vfave,ok,142594
815,bafybeid35v4gcq5zsecogv3nslhgeclqeoyma34emwch4bhn7epanj25rm,bafybeid35v4gcq5zsecogv3nslhgeclqeoyma34emwch4bhn7epanj25rm,ok,182895
816,bafybeialnphpxhivtaduwj3ib5srvtc4ns64btynsleyga2ebrrjsymhj4,bafybeialnphpxhivtaduwj3ib5srvtc4ns64btynsleyga2ebrrjsymhj4,ok,123091
817,bafybeigtsodz5vuqbq6gicn56zaaodt3x4jgnlyhlofjk4cawontwyeqpe,bafybeigtsodz5vuqbq6gicn56zaaodt3x4jgnlyhlofjk4cawontwyeqpe,ok,204663
818,bafybeibz5hzc63oueyrhhtfpvlcaqkulmfuiwtv6kddigaa7xw3x5nwegm,bafybeibz5hzc63oueyrhhtfpvlcaqkulmfuiwtv6kddigaa7xw3x5nwegm,ok,206642
819,bafybeicf7gpqfv53ifxzryizemjzqeni7ufyhkxoclhopeobmrc4wf2w5u,bafybeicf7gpqfv53ifxzryizemjzqeni7ufyhkxoclhopeobmrc4wf2w5u,ok,158984
820,bafybeihrn43yo5dqywxel54o7kdyk2iv3r7cxw3izqhjytegznzmmdgjvy,bafybeihrn43yo5dqywxel54o7kdyk2iv3r7cxw3izqhjytegznzmmdgjvy,ok,234982
821,bafybeihgavv64t6qpgpt4kuflqscvdh2gs4m2otgplsgfodt7fzplm4dzq,bafybeihgavv64t6qpgpt4kuflqscvdh2gs4m2otgplsgfodt7fzplm4dzq,ok,211806
822,bafybeidisptufmuu4c4dcqh76r7qie72ip7o3mhzta2wzwnoxpov4qft5u,bafybeidisptufmuu4c4dcqh76r7qie72ip7o3mhzta2wzwnoxpov4qft5u,ok,216323
823,bafybeiflkztnfs47kmbx27776f4nk7eeozozi4s3dg3pna5srte74qqbge,bafybeiflkztnfs47kmbx27776f4nk7eeozozi4s3dg3pna5srte74qqbge,ok,201376
824,bafybeicc7mkbshcgcj5tjvgoopxouk6nwf6lgbtn2u2hbyxb6l265ou7ta,bafybeicc7mkbshcgcj5tjvgoopxouk6nwf6lgbtn2u2hbyxb6l265ou7ta,ok,152072
825,bafybeicoj752u3mcw74paunptadovsclkxtqudquig2pqkgggn3jws4rti,bafybeicoj752u3mcw74paunptadovsclkxtqudquig2pqkgggn3jws4rti,ok,192293
826,bafybeiatajiiumydr2obgygklx2ppwyisqquigvrnkkfbjzezjxjr4ypwq,bafybeiatajiiumydr2obgygklx2ppwyisqquigvrnkkfbjzezjxjr4ypwq,ok,171564
827,bafybeig64azq5lrruizy253f5nms4xn5xawjs6lu24n2qedkhtukv4627a,bafybeig64azq5lrruizy253f5nms4xn5xawjs6lu24n2qedkhtukv4627a,ok,135275
828,bafybeiajxeean3hudaeaup6g646bq4agpnlbiw6wrrg3vlkijtoywpeyjq,bafybeiajxeean3hudaeaup6g646bq4agpnlbiw6wrrg3vlkijtoywpeyjq,ok,149517
829,bafybeig4w6sxb4gcze6n2gkldbeouan4zek5rznbscsxoi43boj6zzgby4,bafybeig4w6sxb4gcze6n2gkldbeouan4zek5rznbscsxoi43boj6zzgby4,ok,255346
830,bafybeifoch3okrclmd47iorhom7st5pvuhzifapgzwx5ddfmekym45e7ti,bafybeifoch3okrclmd47iorhom7st5pvuhzifapgzwx5ddfmekym45e7ti,ok,182054
831,bafybeielilav7wke4d66gpu6xkd2vtbgv5pqn7mnccaibimfx2fvb44jum,bafybeielilav7wke4d66gpu6xkd2vtbgv5pqn7mnccaibimfx2fvb44jum,ok,170998
832,bafybeieodeeerz53zxn7h23kowtzusvurtceh4wal242jd3mvefbfmrvtm,bafybeieodeeerz53zxn7h23kowtzusvurtceh4wal242jd3mvefbfmrvtm,ok,228166
833,bafybeigxy3kqope637t6ybmhjfayfktng7ydhlkdegc5mqhayqbrc32bw4,bafybeigxy3kqope637t6ybmhjfayfktng7ydhlkdegc5mqhayqbrc32bw4,ok,150038
834,bafybeib6laofdd7ct5t7nlyfug5u7e7yetotru3cprgzmxm5whl5wce66e,bafybeib6laofdd7ct5t7nlyfug5u7e7yetotru3cprgzmxm5whl5wce66e,ok,223275
835,bafybeifeogwpj6ndb43sznjgkgunvmracantfas5waaayqquiedk2i7jfy,bafybeifeogwpj6ndb43sznjgkgunvmracantfas5waaayqquiedk2i7jfy,ok,121030
836,bafybeihswvpjgkrgd3pcmufl2g6vzrksvz6ublhumm3nmki35aapwrslti,bafybeihswvpjgkrgd3pcmufl2g6vzrksvz6ublhumm3nmki35aapwrslti,ok,237592
837,bafybeig2kvvftrnlbcfpkuwgugas62q5gtgblcrtmkmrfmu7zt4r6ftkli,bafybeig2kvvftrnlbcfpkuwgugas62q5gtgblcrtmkmrfmu7zt4r6ftkli,ok,246326
838,bafybeifcfcze53kbfs26bq2fte5ug34kom5hevmiqjhpgeil4xmsjs676y,bafybeifcfcze53kbfs26bq2fte5ug34kom5hevmiqjhpgeil4xmsjs676y,ok,215386
839,bafybeibwgwrfgb2cmdakwffy4wabdkoccsatktc3clduiovty7hcustuda,bafybeibwgwrfgb2cmdakwffy4wabdkoccsatktc3clduiovty7hcustuda,ok,140251
840,bafybeia536bnioxucqqezfv5vs5zxxkf4vac3itczkctp4o7a3de74hljy,bafybeia536bnioxucqqezfv5vs5zxxkf4vac3itczkctp4o7a3de74hljy,ok,180998
841,bafybeihzdqq3rvgghwlwmcn2fmyqjgqisepfywnreyytbwmia5zvoj6nvq,bafybeihzdqq3rvgghwlwmcn2fmyqjgqisepfywnreyytbwmia5zvoj6nvq,ok,128703
842,bafybeibo7h6du62xmrfp5ntkgwlcdmzn6mlzcfa7ybpwb527io5d7xhace,bafybeibo7h6du62xmrfp5ntkgwlcdmzn6mlzcfa7ybpwb527io5d7xhace,ok,178627
843,bafybeifz2cfowid46ojjqk66rabfx656tcvnabsm23k26vwx3gkkl2blvq,bafybeifz2cfowid46ojjqk66rabfx656tcvnabsm23k26vwx3gkkl2blvq,ok,195479
844,bafybeigbhqy4wltofz7ialwt6hvogldemgpobr6dutopz5a6xdqdhjyxka,bafybeigbhqy4wltofz7ialwt6hvogldemgpobr6dutopz5a6xdqdhjyxka,ok,139228
845,bafybeih7fsil5c4dll7cxpeanndkofawtqs6vahjil6k2lrff5yzs3oyxi,bafybeih7fsil5c4dll7cxpeanndkofawtqs6vahjil6k2lrff5yzs3oyxi,ok,197753
846,bafybeie3qoneahuqukskho5uovsqbpd2ustf6mc6srbubutg6zwxo72k74,bafybeie3qoneahuqukskho5uovsqbpd2ustf6mc6srbubutg6zwxo72k74,ok,234738
847,bafybeifjma6d74mtilrr26dfflzco42o4fnhvyy4q6hwtx2w644uqllkqu,bafybeifjma6d74mtilrr26dfflzco42o4fnhvyy4q6hwtx2w644uqllkqu,ok,238797
848,bafybeiaagbr4e67274u25irg634efj6iutealjdtn33yea6wud3plawalm,bafybeiaagbr4e67274u25irg634efj6iutealjdtn33yea6wud3plawalm,ok,158036
849,bafybeihec3msgeebtzg466biyrvpqtthj65vhmhjevuubr54a4keeus62q,bafybeihec3msgeebtzg466biyrvpqtthj65vhmhjevuubr54a4keeus62q,ok,241874
850,bafybeih7znszmqifxsr34wgp3h2azh7qk2m7mpxod3vvfydadzjfbtoybi,bafybeih7znszmqifxsr34wgp3h2azh7qk2m7mpxod3vvfydadzjfbtoybi,ok,144500
851,bafybeiezjoz463iyjnrw7zjamj36mcnuu2kptucuow7xqabut45bnnq44e,bafybeiezjoz463iyjnrw7zjamj36mcnuu2kptucuow7xqabut45bnnq44e,ok,143319
852,bafybeickiw527ncdj4xlu6uumsmhvw776hlsvd3titykzzeuw3kwn7cshe,bafybeickiw527ncdj4xlu6uumsmhvw776hlsvd3titykzzeuw3kwn7cshe,ok,214324
853,bafybeiapr5bbloj6n32j7uxvrh2ijjux7kmocameao366g4dcvh2pzcawi,bafybeiapr5bbloj6n32j7uxvrh2ijjux7kmocameao366g4dcvh2pzcawi,ok,151819
854,bafybeiepxt4r5udvrhxcw7nbxpxzyl2c6wqkvwfgj5dfbg5x4yvgq2w6vm,bafybeiepxt4r5udvrhxcw7nbxpxzyl2c6wqkvwfgj5dfbg5x4yvgq2w6vm,ok,240094
855,bafybeicmflpdfzcv7aagftk5kgo7gx3s2xop6ui2v77qnmoic7mebn3sdy,bafybeicmflpdfzcv7aagftk5kgo7gx3s2xop6ui2v77qnmoic7mebn3sdy,ok,169978
856,bafybeifcvw2k3subtsyoxhag54k5fglqawtp366tdeefndsoclbdw3lh4q,bafybeifcvw2k3subtsyoxhag54k5fglqawtp366tdeefndsoclbdw3lh4q,ok,161761
857,bafybeiajavnirj5ol2llht5symx6wv4bpa2lvqidn7jcqu25qialcw6ziy,bafybeiajavnirj5ol2llht5symx6wv4bpa2lvqidn7jcqu25qialcw6ziy,ok,206381
858,bafybeidk5cc5gtnqffleffel2c75ubtedaagdqx2gxubuht4dlwompjnbu,bafybeidk5cc5gtnqffleffel2c75ubtedaagdqx2gxubuht4dlwompjnbu,ok,141740
859,bafybeih3fspto2q5xmqnklk7kqzcp3usxamhugqq6ixvlhnoq5qhagi4u4,bafybeih3fspto2q5xmqnklk7kqzcp3usxamhugqq6ixvlhnoq5qhagi4u4,ok,211813
860,bafybeigx6buh4cb337sraf5rp7hqiec4zdct4pedn4qgoqvcsh6cbdzzly,bafybeigx6buh4cb337sraf5rp7hqiec4zdct4pedn4qgoqvcsh6cbdzzly,ok,171535
861,bafybeibh4rqued77zv22p3hltegspmlrrj5zkm6gonbgmt52mzrs7nqm5a,bafybeibh4rqued77zv22p3hltegspmlrrj5zkm6gonbgmt52mzrs7nqm5a,ok,153111
862,bafybeifslv6waihrmsqiog3ew3diq6jaok33j6bzszkz7ialxjmcwfh6hq,bafybeifslv6waihrmsqiog3ew3diq6jaok33j6bzszkz7ialxjmcwfh6hq,ok,188246
863,bafybeienmc7qijtyu7pea2dyv4zgtojdu2bswthctuvheonnb25qrmuadi,bafybeienmc7qijtyu7pea2dyv4zgtojdu2bswthctuvheonnb25qrmuadi,ok,213065
864,bafybeidy6ljntfje3wbcs5xmr34q32m5wr6yrr3zqqrjbennjig3lbjw4q,bafybeidy6ljntfje3wbcs5xmr34q32m5wr6yrr3zqqrjbennjig3lbjw4q,ok,232500
865,bafybeido2qksexegb3l6ulez7xp26etkhgl5eovopioifrfacpbknibude,bafybeido2qksexegb3l6ulez7xp26etkhgl5eovopioifrfacpbknibude,ok,206346
866,bafybeihx4rxpyt3yy4fbdt7lwm4zm7g7wvow2lfxduvqfmunvwvjgbmbsa,bafybeihx4rxpyt3yy4fbdt7lwm4zm7g7wvow2lfxduvqfmunvwvjgbmbsa,ok,173884
867,bafybeih47du3bio3e7s6pp55ksxqc4av3qlh2raktkj3vrelb5llddp4b4,bafybeih47du3bio3e7s6pp55ksxqc4av3qlh2raktkj3vrelb5llddp4b4,ok,127582
868,bafybeic6vdoyvenhf5oqtqzra5jmrey3i6fyz4xbyn2nqdxusgibogt74q,bafybeic6vdoyvenhf5oqtqzra5jmrey3i6fyz4xbyn2nqdxusgibogt74q,ok,125300
869,bafybeifubdpapaqhpwlb3rkfouuxb56cdo3cvt3i374vszc7awdiz4etrm,bafybeifubdpapaqhpwlb3rkfouuxb56cdo3cvt3i374vszc7awdiz4etrm,ok,203604
870,bafybeibzi2kqotdoyq3bpnxm4ju4pbdozsxyl7y3iheoapm62xuqg7uknu,bafybeibzi2kqotdoyq3bpnxm4ju4pbdozsxyl7y3iheoapm62xuqg7uknu,ok,223382
871,bafybeia5s74cdwgb54n2qtbdst5hlsp3cxqt6uqamgb3lg7okgsmy3b4ya,bafybeia5s74cdwgb54n2qtbdst5hlsp3cxqt6uqamgb3lg7okgsmy3b4ya,ok,142451
872,bafybeifwloofidphmt4ggxta6g27po23t7yrv7ibtboezpszpku25eudoq,bafybeifwloofidphmt4ggxta6g27po23t7yrv7ibtboezpszpku25eudoq,ok,158461
873,bafybeihr6vkescqs7eyori6ifnjikzggnnhwxp6eu3jppeiwhzvcuieo6i,bafybeihr6vkescqs7eyori6ifnjikzggnnhwxp6eu3jppeiwhzvcuieo6i,ok,179800
874,bafybeiaaa4jkpqjrfvdpcvqhbgarsfj65pcyix4fua34ummqmuvpnlpdde,bafybeiaaa4jkpqjrfvdpcvqhbgarsfj65pcyix4fua34ummqmuvpnlpdde,ok,233536
875,bafybeigwfkrxueefp636oxfuedcdf4e5lawnwgserxd2zqbhwstafhfz6q,bafybeigwfkrxueefp636oxfuedcdf4e5lawnwgserxd2zqbhwstafhfz6q,ok,186064
876,bafybeidpgsf3ulojvm3ehlego3mshqjbrf2zbvyvw47xtdehykgkqlzfl4,bafybeidpgsf3ulojvm3ehlego3mshqjbrf2zbvyvw47xtdehykgkqlzfl4,ok,192737
877,bafybeidlfhxrfwegfqqo4skcfynyzphwdcl4mu6fhkbusgmuo44witiutu,bafybeidlfhxrfwegfqqo4skcfynyzphwdcl4mu6fhkbusgmuo44witiutu,ok,194594
878,bafybeicgrodr7pfnhy36vc5sjklcpvafmfqlmjirl3hqajl4fjwafjospu,bafybeicgrodr7pfnhy36vc5sjklcpvafmfqlmjirl3hqajl4fjwafjospu,ok,152485
879,bafybeicy7ljbpaq4mw37b2nzh7ovrk634udtasgjwajzgbmqmptgdbcjf4,bafybeicy7ljbpaq4mw37b2nzh7ovrk634udtasgjwajzgbmqmptgdbcjf4,ok,206228
880,bafybeicorhkk3daqz4546h4fruvgzitlbyhkoy22ibw76p7hycwjdszlzu,bafybeicorhkk3daqz4546h4fruvgzitlbyhkoy22ibw76p7hycwjdszlzu,ok,200609
881,bafybeicxmdgmen27uc65mn5qbovvvmjolaaub2pvrxo55guwwivviqd3fy,bafybeicxmdgmen27uc65mn5qbovvvmjolaaub2pvrxo55guwwivviqd3fy,ok,159250
882,bafybeialuis3m47nx22shplk6hmo4yjl7e563c7mmcic5jizbr3jlrtkuy,bafybeialuis3m47nx22shplk6hmo4yjl7e563c7mmcic5jizbr3jlrtkuy,ok,234902
883,bafybeiezeqg5kswmewzx4blkyi6he7atlg3vbler2ugh2dtjbisabtgnva,bafybeiezeqg5kswmewzx4blkyi6he7atlg3vbler2ugh2dtjbisabtgnva,ok,221034
884,bafybeifcxkkd2ru2uizrzrijy7penki7vs7az2mmo6kbkdw2gf7uu5ou6y,bafybeifcxkkd2ru2uizrzrijy7penki7vs7az2mmo6kbkdw2gf7uu5ou6y,ok,162726
885,bafybeif44rnpo7sw4e2wfdah7cuwcgxvgkzolurchwumfxq2xrf4jwqkmq,bafybeif44rnpo7sw4e2wfdah7cuwcgxvgkzolurchwumfxq2xrf4jwqkmq,ok,229713
886,bafybeib5m2vvpnbpzggpovaodmveil2mg6t5gyclka2ttcccia34la7grm,bafybeib5m2vvpnbpzggpovaodmveil2mg6t5gyclka2ttcccia34la7grm,ok,188459
887,bafybeid2ga6mc2iqrkvg3hszyw77brb2rh7y62m7q2y6zc7xfcyjikgrg4,bafybeid2ga6mc2iqrkvg3hszyw77brb2rh7y62m7q2y6zc7xfcyjikgrg4,ok,271380
888,bafybeibhkgt2ywdr52zd3rcjxqvfllumy6mo5eyww5jiax2n7siia242ti,bafybeibhkgt2ywdr52zd3rcjxqvfllumy6mo5eyww5jiax2n7siia242ti,ok,151621
889,bafybeicjhmmatvrspmnxu6zik2csxbnruh4t2eqfe7ghdmtz7cdc7fpg5i,bafybeicjhmmatvrspmnxu6zik2csxbnruh4t2eqfe7ghdmtz7cdc7fpg5i,ok,188981
890,bafybeib3pfgurwkr3swc3275broalipq2j6wp6ye25vrqxyikdgtvlglce,bafybeib3pfgurwkr3swc3275broalipq2j6wp6ye25vrqxyikdgtvlglce,ok,190024
891,bafybeicjevdq4c7e3e3xwmqqupatklgr4nhyvdlojudlbds4gh5sfg47de,bafybeicjevdq4c7e3e3xwmqqupatklgr4nhyvdlojudlbds4gh5sfg47de,ok,206303
892,bafybeihn3coywaoxkrgepyfjjrh4nzdhrie5xuu6z7w27ciifol4dpvkt4,bafybeihn3coywaoxkrgepyfjjrh4nzdhrie5xuu6z7w27ciifol4dpvkt4,ok,146132
893,bafybeibq5i6f2moonrn46naca6j7iaxwmpx6s7mxlnb654aumaxt3sru5m,bafybeibq5i6f2moonrn46naca6j7iaxwmpx6s7mxlnb654aumaxt3sru5m,ok,229350
894,bafybeihiidu25xu2uw5b6jxuwjhuprtig4qm5vipg2k6jysvvyfjqb3agy,bafybeihiidu25xu2uw5b6jxuwjhuprtig4qm5vipg2k6jysvvyfjqb3agy,ok,138842
895,bafybeiepv4r6o4rcv6cakmx26sbmgrfthwkz7mavk7zqugsal4dnc7ech4,bafybeiepv4r6o4rcv6cakmx26sbmgrfthwkz7mavk7zqugsal4dnc7ech4,ok,276097
896,bafybeiey6ymsdp64uyq5ud6ls5gd3vkghrwyizgw5glzuswlto4xdgc72e,bafybeiey6ymsdp64uyq5ud6ls5gd3vkghrwyizgw5glzuswlto4xdgc72e,ok,150988
897,bafybeihxfpdonmhk7cirwqhmmfi4opkicupwf3ykkox4yjk7o7nlwbbbp4,bafybeihxfpdonmhk7cirwqhmmfi4opkicupwf3ykkox4yjk7o7nlwbbbp4,ok,150941
898,bafybeihemb4nqrsxxd3fldz7mlrjifmhs62opn6aepxtyyt4twztvn2hvu,bafybeihemb4nqrsxxd3fldz7mlrjifmhs62opn6aepxtyyt4twztvn2hvu,ok,198831
899,bafybeia63w72qh3xrcxxk562yxot6fmjs62qhzd3wni76kymluu36pkcdi,bafybeia63w72qh3xrcxxk562yxot6fmjs62qhzd3wni76kymluu36pkcdi,ok,141921
900,bafybeict2ksa3pffuj6cyk65jpmqji42zei2myst4amdhz7lno3mgvvbne,bafybeict2ksa3pffuj6cyk65jpmqji42zei2myst4amdhz7lno3mgvvbne,ok,249863
901,bafybeibk5hfuw6pidfohwj2lvvhxwxqca4eqsagvhki7whb6bid7b7gixa,bafybeibk5hfuw6pidfohwj2lvvhxwxqca4eqsagvhki7whb6bid7b7gixa,ok,134617
902,bafybeiex5nmwvlov4qqlkrnyjnkqwzybhfu3dwto6ri4vqzitykjwpperm,bafybeiex5nmwvlov4qqlkrnyjnkqwzybhfu3dwto6ri4vqzitykjwpperm,ok,205629
903,bafybeiamvj6yml33yqvo6tcx2tihz4nioece5k7qowe46jlzxqcv6qxc6m,bafybeiamvj6yml33yqvo6tcx2tihz4nioece5k7qowe46jlzxqcv6qxc6m,ok,237372
904,bafybeiameasr56qlae3btbjlzdlyiojx42pnsjjhoi3r5r4w4prsdu7sx4,bafybeiameasr56qlae3btbjlzdlyiojx42pnsjjhoi3r5r4w4prsdu7sx4,ok,175627
905,bafybeicnsoivgh2hrej6qlemyya4ehnqhj4xwoceptrcltmimhxbrbyi6u,bafybeicnsoivgh2hrej6qlemyya4ehnqhj4xwoceptrcltmimhxbrbyi6u,ok,218789
906,bafybeig5nbhcuc2ar3pitqpjmr57b4xtg6flvx7bf2o4txhg2l7ku6hb4u,bafybeig5nbhcuc2ar3pitqpjmr57b4xtg6flvx7bf2o4txhg2l7ku6hb4u,ok,135221
907,bafybeihelb77hnhcw3bdywx6pdzvmqxiv6yhjotzoy3wcklso4ure7ig4i,bafybeihelb77hnhcw3bdywx6pdzvmqxiv6yhjotzoy3wcklso4ure7ig4i,ok,168730
908,bafybeibp6fuhbd5lmk4fwxacqcex5boyh4o3mv4j62hqmse6lkccyw2k2e,bafybeibp6fuhbd5lmk4fwxacqcex5boyh4o3mv4j62hqmse6lkccyw2k2e,ok,196251
909,bafybeig54pu6nqiq4flkkatf7spagz7ycqxmnaxtnw5v7nngaq4g5ych4e,bafybeig54pu6nqiq4flkkatf7spagz7ycqxmnaxtnw5v7nngaq4g5ych4e,ok,135760
910,bafybeicrvbpqtk5ydztk6z4axaezrzidqzblvtnfcbrooozwmntywxdizu,bafybeicrvbpqtk5ydztk6z4axaezrzidqzblvtnfcbrooozwmntywxdizu,ok,182355
911,bafybeiga5wckwirsbmopymro2rwfcucsme52svzbxjhyjhi6l3xu4dos3a,bafybeiga5wckwirsbmopymro2rwfcucsme52svzbxjhyjhi6l3xu4dos3a,ok,199770
912,bafybeifhtg2n624zhyb3xlzdeukxtguypwee7xescdj4om5nmuf2w3bxii,bafybeifhtg2n624zhyb3xlzdeukxtguypwee7xescdj4om5nmuf2w3bxii,ok,146494
913,bafybeibtdod2jnqxperbgnbej6q2i6tjqr37n2f4n7amqzs3bzgsaecaw4,bafybeibtdod2jnqxperbgnbej6q2i6tjqr37n2f4n7amqzs3bzgsaecaw4,ok,195204
914,bafybeicfnvpexflwjkmnqnutbjnb2mm4yvsgbqhv4t2nezuucckm7tqcm4,bafybeicfnvpexflwjkmnqnutbjnb2mm4yvsgbqhv4t2nezuucckm7tqcm4,ok,196253
915,bafybeier4kxs3fumrltq6dwie42qimq3tmrbniel6nurabjdarndv2k3ge,bafybeier4kxs3fumrltq6dwie42qimq3tmrbniel6nurabjdarndv2k3ge,ok,209227
916,bafybeifqahgtmvqbdxmvtdqjyf4hwwr3lffr6j2c5fi574d7siyvgpeymm,bafybeifqahgtmvqbdxmvtdqjyf4hwwr3lffr6j2c5fi574d7siyvgpeymm,ok,224872
917,bafybeic34hwuihksvuapiokozwul7rzu5s6y67fobpo3z3e55juxygpifm,bafybeic34hwuihksvuapiokozwul7rzu5s6y67fobpo3z3e55juxygpifm,ok,208514
918,bafybeidqelwsecdioqho7mymsmgcirswkko73lbwsdbiy3jbap63uwoexm,bafybeidqelwsecdioqho7mymsmgcirswkko73lbwsdbiy3jbap63uwoexm,ok,145904
919,bafybeidtkxzoacqjct4r2sj5e7ecb7zacixrxpxe53lwrmga2r6wwhnu34,bafybeidtkxzoacqjct4r2sj5e7ecb7zacixrxpxe53lwrmga2r6wwhnu34,ok,148845
920,bafybeice3fls6kfkeurrugjuyisorbqkuk4h6iskyzcnxaeh4vxh36pihy,bafybeice3fls6kfkeurrugjuyisorbqkuk4h6iskyzcnxaeh4vxh36pihy,ok,159040
921,bafybeieiyofiyyfo2jfccq3bsycfvr2bdubuxchz3yxq2tpwg7kf7rk52m,bafybeieiyofiyyfo2jfccq3bsycfvr2bdubuxchz3yxq2tpwg7kf7rk52m,ok,204309
922,bafybeidn4aplnghrqg2vbcfjct6evsffy32gpnzdqfcxskh64xx5xvmspu,bafybeidn4aplnghrqg2vbcfjct6evsffy32gpnzdqfcxskh64xx5xvmspu,ok,180535
923,bafybeibr4ghrh44in2xl4niatffbijud5syhiri4r5odwaswpuzv6jvlge,bafybeibr4ghrh44in2xl4niatffbijud5syhiri4r5odwaswpuzv6jvlge,ok,146258
924,bafybeigleyj3bs4bzlvxtkogkqb5g7ono42b4mcwgyxjxmvqxao6c5jawm,bafybeigleyj3bs4bzlvxtkogkqb5g7ono42b4mcwgyxjxmvqxao6c5jawm,ok,188743
925,bafybeidtc3ad6jjbokxfcspn6o5fkv2bc62c3iqazafoc7s4dr6lc4gjya,bafybeidtc3ad6jjbokxfcspn6o5fkv2bc62c3iqazafoc7s4dr6lc4gjya,ok,252397
926,bafybeig2bzpigsu7j27vmrzm2jdcwaxxtjcfpyyr6upc42svkbsoxbr35e,bafybeig2bzpigsu7j27vmrzm2jdcwaxxtjcfpyyr6upc42svkbsoxbr35e,ok,194794
927,bafybeie2qq4np5qincykxds7hpm7sdsshw6tbzgyxtcngqfdpddsty4kry,bafybeie2qq4np5qincykxds7hpm7sdsshw6tbzgyxtcngqfdpddsty4kry,ok,175785
928,bafybeie3fyygewnmz5zj775cexpgmacwivbxzdfv6cwwvcvovbo4tnjtq4,bafybeie3fyygewnmz5zj775cexpgmacwivbxzdfv6cwwvcvovbo4tnjtq4,ok,149107
929,bafybeifbt333yaxaqn7vrbuwixms5xbybqcaq6q7grdvi2a2kc5dxawuaa,bafybeifbt333yaxaqn7vrbuwixms5xbybqcaq6q7grdvi2a2kc5dxawuaa,ok,140308
930,bafybeihxfhzkj55uhr2bx3plc37j7gsshfgrh6boara4rzfd72vxjqthca,bafybeihxfhzkj55uhr2bx3plc37j7gsshfgrh6boara4rzfd72vxjqthca,ok,160618
931,bafybeicridiytaa2ckunugkw3u5nx2wd6mzbqnjufreluv5dt6rlmtdtky,bafybeicridiytaa2ckunugkw3u5nx2wd6mzbqnjufreluv5dt6rlmtdtky,ok,156729
932,bafybeida7i42u2ep3r2mtk37mafsph6emyemzoks4n4v7t2j635g4g4slu,bafybeida7i42u2ep3r2mtk37mafsph6emyemzoks4n4v7t2j635g4g4slu,ok,140600
933,bafybeia5on3pka3kp5bkdjudjmit3q7iubbm7yq4yitie4mippixgms4ni,bafybeia5on3pka3kp5bkdjudjmit3q7iubbm7yq4yitie4mippixgms4ni,ok,156969
934,bafybeihvvxnxeo2oblpinzw6qpob4ydgdzbt4v7xsack6knavoucxvepei,bafybeihvvxnxeo2oblpinzw6qpob4ydgdzbt4v7xsack6knavoucxvepei,ok,248259
935,bafybeic2mgsrsckn6tcogf2rkcxfw7pcukdwa7yvendcju4uuihfhmuxqa,bafybeic2mgsrsckn6tcogf2rkcxfw7pcukdwa7yvendcju4uuihfhmuxqa,ok,222490
936,bafybeieifnusgvyj6wstntd2vuvytxngf5kkjvjfx6eq35mqkckcnq7hay,bafybeieifnusgvyj6wstntd2vuvytxngf5kkjvjfx6eq35mqkckcnq7hay,ok,161693
937,bafybeieiof5lcs43wj7s5ebfnunrwgli53vezp5amdcnybsavuifhh6dcq,bafybeieiof5lcs43wj7s5ebfnunrwgli53vezp5amdcnybsavuifhh6dcq,ok,162405
938,bafybeib4c2frjiml4kikqjtmtq5ij2k5q7bvmv45ykr7g7ywj4nz2fjcs4,bafybeib4c2frjiml4kikqjtmtq5ij2k5q7bvmv45ykr7g7ywj4nz2fjcs4,ok,223201
939,bafybeia3wyiakalvugejwox5cug63vzrwc47vwgvp3fs3asyst74vefktq,bafybeia3wyiakalvugejwox5cug63vzrwc47vwgvp3fs3asyst74vefktq,ok,218679
940,bafybeiedjowggtawdw3mcmhpbtsild2xiodicq5kwsiv4wbgcpawffnkki,bafybeiedjowggtawdw3mcmhpbtsild2xiodicq5kwsiv4wbgcpawffnkki,ok,161825
941,bafybeifcthkbgaiqe4v76y2hdhue7hlumrhejroxq2qtury6bleagcdnpq,bafybeifcthkbgaiqe4v76y2hdhue7hlumrhejroxq2qtury6bleagcdnpq,ok,174117
942,bafybeigkfoew5z3q5zj2sghixtch5tze3llvlktqbz5enyjacs4noddmhe,bafybeigkfoew5z3q5zj2sghixtch5tze3llvlktqbz5enyjacs4noddmhe,ok,116540
943,bafybeigl4iyj527okxjmnxveszcdbmxutddu7zeyiqgfpqgoecdbdeor6m,bafybeigl4iyj527okxjmnxveszcdbmxutddu7zeyiqgfpqgoecdbdeor6m,ok,267628
944,bafybeihdf7fcnzcdwjuvcmilq25yg2esfcc7upkwvhcjg7fofwzgtcicia,bafybeihdf7fcnzcdwjuvcmilq25yg2esfcc7upkwvhcjg7fofwzgtcicia,ok,131168
945,bafybeih5c65pagln5ut3h2lr6docz6cy65jrojm7xzka46s75vee463qbe,bafybeih5c65pagln5ut3h2lr6docz6cy65jrojm7xzka46s75vee463qbe,ok,150753
946,bafybeiax4532ksivsp2oa3zf5jtlhyhxgwr4rdn4otk3qwl5s64uvz5mi4,bafybeiax4532ksivsp2oa3zf5jtlhyhxgwr4rdn4otk3qwl5s64uvz5mi4,ok,141332
947,bafybeia5t6tvwrxrvgewi5h6chf4xi6ubodyxfnm6sv4wjton5tnmtibfy,bafybeia5t6tvwrxrvgewi5h6chf4xi6ubodyxfnm6sv4wjton5tnmtibfy,ok,193682
948,bafybeialjwbf54n7dzfa4xtmupr2zsfqj55gxkhkbb2kx7ebm276v4zsti,bafybeialjwbf54n7dzfa4xtmupr2zsfqj55gxkhkbb2kx7ebm276v4zsti,ok,253870
949,bafybeichc3wp35zwxmvh2ygkppujp5sdvpnni6rktmb3tj4ixn6ecih5ja,bafybeichc3wp35zwxmvh2ygkppujp5sdvpnni6rktmb3tj4ixn6ecih5ja,ok,149819
950,bafybeianpzrjsed2u3lzpdbdsdj2vd5xw2mcgaznobgwk55ha436dhdbum,bafybeianpzrjsed2u3lzpdbdsdj2vd5xw2mcgaznobgwk55ha436dhdbum,ok,281423
951,bafybeidurecsi3ar4zjtpqtwgljnpsi4qdsbxwyzzpbezbtbavngx5iw7u,bafybeidurecsi3ar4zjtpqtwgljnpsi4qdsbxwyzzpbezbtbavngx5iw7u,ok,144766
952,bafybeifueqwckpjrczmifoeolzpocggppilk6x6x66bgfmknhlxlpskuce,bafybeifueqwckpjrczmifoeolzpocggppilk6x6x66bgfmknhlxlpskuce,ok,138267
953,bafybeig36pvxo37nswkmuegjahsx4knra3dl34xp6rprr3ylp3rbpsnfte,bafybeig36pvxo37nswkmuegjahsx4knra3dl34xp6rprr3ylp3rbpsnfte,ok,196873
954,bafybeigd6526aq7hvz7fovimqhjlnkxx7edd54eslqxy2morklrva25g7q,bafybeigd6526aq7hvz7fovimqhjlnkxx7edd54eslqxy2morklrva25g7q,ok,164063
955,bafybeihmqqcfugxraykjds7rd6hiqib6y7r72kweqwdvvxqwud2sj2dv3m,bafybeihmqqcfugxraykjds7rd6hiqib6y7r72kweqwdvvxqwud2sj2dv3m,ok,225801
956,bafybeic7nj2welmwmma7t6vatx5uockomedawshtioooq3us4saokcocdi,bafybeic7nj2welmwmma7t6vatx5uockomedawshtioooq3us4saokcocdi,ok,208165
957,bafybeidxzdlm36iuwz322agpl6u5zeyxq47njvojma6as5hf5kqfdb4pc4,bafybeidxzdlm36iuwz322agpl6u5zeyxq47njvojma6as5hf5kqfdb4pc4,ok,150730
958,bafybeiezh6ijaq7wuzfo6q7quq6kwhytsam66cnja6rtjmx6my4tqq4jue,bafybeiezh6ijaq7wuzfo6q7quq6kwhytsam66cnja6rtjmx6my4tqq4jue,ok,218584
959,bafybeih6x6xg27dk4rj7kfeqm6j3h2uspkmyzx3qxrdlzjm3vfc3nsmwxu,bafybeih6x6xg27dk4rj7kfeqm6j3h2uspkmyzx3qxrdlzjm3vfc3nsmwxu,ok,172322
960,bafybeiartpucr6uzjb4o4f23xfbpdl3vb4hk5yqzj35abmti4niyojvnza,bafybeiartpucr6uzjb4o4f23xfbpdl3vb4hk5yqzj35abmti4niyojvnza,ok,263185
961,bafybeidtotsdcjo67iazzun5dh4pjuvaz2s2y6fdoq5gybqxjtvwdjdiva,bafybeidtotsdcjo67iazzun5dh4pjuvaz2s2y6fdoq5gybqxjtvwdjdiva,ok,226497
962,bafybeieyoan3jq5ixn4m52k7bedtp2aimqpra3q2rtawsm56qzuzzpij4i,bafybeieyoan3jq5ixn4m52k7bedtp2aimqpra3q2rtawsm56qzuzzpij4i,ok,148828
963,bafybeicnthkoduxp2k572pvldyl4qfo4kn5caa2rzesbmgrpze2gocrlui,bafybeicnthkoduxp2k572pvldyl4qfo4kn5caa2rzesbmgrpze2gocrlui,ok,166959
964,bafybeihvpi4z5rasdzt3weeksc5mgoabrestq6j33au4xggupcmykrrw6i,bafybeihvpi4z5rasdzt3weeksc5mgoabrestq6j33au4xggupcmykrrw6i,ok,166124
965,bafybeihgv4ktgenzzecbgi3mrdjhm7u6rwavize3xzb3djuwffqv4u3zdi,bafybeihgv4ktgenzzecbgi3mrdjhm7u6rwavize3xzb3djuwffqv4u3zdi,ok,246272
966,bafybeiahtpsvg74a72br7iq4vyoy5vf6yxqqbkk6fi6lcakld2xupvd7mm,bafybeiahtpsvg74a72br7iq4vyoy5vf6yxqqbkk6fi6lcakld2xupvd7mm,ok,176870
967,bafybeichyx272ay3qav2bndi67qkmaecavip773fqrdzn46tdkwisdcxze,bafybeichyx272ay3qav2bndi67qkmaecavip773fqrdzn46tdkwisdcxze,ok,160726
968,bafybeialxe2ajw6ezl5e7giimvsus2yzu6kkn3dvjfzmlj3bhihzudp6hu,bafybeialxe2ajw6ezl5e7giimvsus2yzu6kkn3dvjfzmlj3bhihzudp6hu,ok,160251
969,bafybeido24czcnlproepa3ugjt4wthuhylqis2ekkv3kfjun7oemz3hka4,bafybeido24czcnlproepa3ugjt4wthuhylqis2ekkv3kfjun7oemz3hka4,ok,129791
970,bafybeidy52iwdbx6ui4ejohfzdypv55auqtrxlrz3szbfylmjiheuqgavu,bafybeidy52iwdbx6ui4ejohfzdypv55auqtrxlrz3szbfylmjiheuqgavu,ok,216392
971,bafybeih2tvvx7kxazkf7xg67fvas752zzionagqogrg5jml3mef26f4gk4,bafybeih2tvvx7kxazkf7xg67fvas752zzionagqogrg5jml3mef26f4gk4,ok,170141
972,bafybeibhlc7ujztfcd6d7mudoegkwwfqugxtlchojqjrwznb527in4kqie,bafybeibhlc7ujztfcd6d7mudoegkwwfqugxtlchojqjrwznb527in4kqie,ok,206287
973,bafybeif3wkwgxkejh7q3csgmc465v7danglcrh3p7j2inhnkpvczmtgose,bafybeif3wkwgxkejh7q3csgmc465v7danglcrh3p7j2inhnkpvczmtgose,ok,181755
974,bafybeifru5g4eskivei6ar637ex3mutne5oorlitltqn2jefs2a4qcr63m,bafybeifru5g4eskivei6ar637ex3mutne5oorlitltqn2jefs2a4qcr63m,ok,189542
975,bafybeieoleh3v73uishk46dbai3okhhtvoygj2ziuthumdhdp7h7femcwm,bafybeieoleh3v73uishk46dbai3okhhtvoygj2ziuthumdhdp7h7femcwm,ok,193084
976,bafybeiaoq6f63bkw6bhzmb3hd4a3ls23ba74q6yfg554guygufuzw7losu,bafybeiaoq6f63bkw6bhzmb3hd4a3ls23ba74q6yfg554guygufuzw7losu,ok,185754
977,bafybeidjplsw6arh6qyhkvvdp4wdpfdxoqg7ipxtq474woryeeqwdspsvu,bafybeidjplsw6arh6qyhkvvdp4wdpfdxoqg7ipxtq474woryeeqwdspsvu,ok,216169
978,bafybeietezll3m3wqor25mkw4ys2ht2oskuxvkmrporfehdrl67utbm65y,bafybeietezll3m3wqor25mkw4ys2ht2oskuxvkmrporfehdrl67utbm65y,ok,178626
979,bafybeigqmkgdvgtfnmzkmjmnbodjslz3mcf3ypgjhcdm6typtjlvjf7bwu,bafybeigqmkgdvgtfnmzkmjmnbodjslz3mcf3ypgjhcdm6typtjlvjf7bwu,ok,145769
980,bafybeihhty3vd2yvgwlqqc5cfmmitodqletg4kmfrcvbku5utdiopo2k5y,bafybeihhty3vd2yvgwlqqc5cfmmitodqletg4kmfrcvbku5utdiopo2k5y,ok,133582
981,bafybeib4kbdauudni2tkk3lked254pltvgfa7rslwd7snqov3w2ncywa2a,bafybeib4kbdauudni2tkk3lked254pltvgfa7rslwd7snqov3w2ncywa2a,ok,211330
982,bafybeiho5gfqu4szjnuxmf2jpuhnlqmlk3wxubpkrg4y5a7zbyckrspqly,bafybeiho5gfqu4szjnuxmf2jpuhnlqmlk3wxubpkrg4y5a7zbyckrspqly,ok,142553
983,bafybeihk2ta2qwtpy34do4hzzfyd4m42fzh3eenxcakaa36r3c7s4dqguu,bafybeihk2ta2qwtpy34do4hzzfyd4m42fzh3eenxcakaa36r3c7s4dqguu,ok,142274
984,bafybeigrxor5ahe3mlotecdeo255dr4xehtnh4be4c2amcorigygohbvza,bafybeigrxor5ahe3mlotecdeo255dr4xehtnh4be4c2amcorigygohbvza,ok,137174
985,bafybeifbyfxyig7dc7ccctjonwkwb5kgxw2hu7keo4huia2oongvfqas4y,bafybeifbyfxyig7dc7ccctjonwkwb5kgxw2hu7keo4huia2oongvfqas4y,ok,194833
986,bafybeigeidamxl2uwt3wp5ix5dd75ldnfikx42ijos2pnlkil6va264htm,bafybeigeidamxl2uwt3wp5ix5dd75ldnfikx42ijos2pnlkil6va264htm,ok,159952
987,bafybeihpcb6jrlstgup4sjemev2xtrmdsvnuuv245wdsungpmqycaslx6i,bafybeihpcb6jrlstgup4sjemev2xtrmdsvnuuv245wdsungpmqycaslx6i,ok,247845
988,bafybeid5wqidp3bpr2n77n5x65szii52tcvmtkc6bqivs2bqo6on5tpbiq,bafybeid5wqidp3bpr2n77n5x65szii52tcvmtkc6bqivs2bqo6on5tpbiq,ok,249878
989,bafybeica7sps46vvha4pp3syuxgragek7m2cxz37p7wpvt6nfl4lsl3hry,bafybeica7sps46vvha4pp3syuxgragek7m2cxz37p7wpvt6nfl4lsl3hry,ok,180300
990,bafybeibktg36xrpaupaes5ikvu7buycftjopkn7ir7e7hmoibnzk2vcsaq,bafybeibktg36xrpaupaes5ikvu7buycftjopkn7ir7e7hmoibnzk2vcsaq,ok,257958
991,bafybeigooxihzwklhatmicqsny5xj77jaaele2nreggut5ybokv6i5j2r4,bafybeigooxihzwklhatmicqsny5xj77jaaele2nreggut5ybokv6i5j2r4,ok,231968
992,bafybeidt32k5aahuvplfpnysxgyqpvstvcfbdsiocmrtzlf7q4qo7s3f7y,bafybeidt32k5aahuvplfpnysxgyqpvstvcfbdsiocmrtzlf7q4qo7s3f7y,ok,158594
993,bafybeihykfnsh4mb5k5kt3ocwulcwnmm3pox2o6tghqk26jfrfj5k2ssku,bafybeihykfnsh4mb5k5kt3ocwulcwnmm3pox2o6tghqk26jfrfj5k2ssku,ok,181276
994,bafybeidjd6tzwgjsg5g3akp4wtcjpzmb7fcbwkdyqe6axsdogea5ptp66i,bafybeidjd6tzwgjsg5g3akp4wtcjpzmb7fcbwkdyqe6axsdogea5ptp66i,ok,218206
995,bafybeihujpzh2fzkj22vzcsd6xgg3lq5diyamr62nlntfi2zw2zrltvz2a,bafybeihujpzh2fzkj22vzcsd6xgg3lq5diyamr62nlntfi2zw2zrltvz2a,ok,154239
996,bafybeicgxh7en4uzw2tbk23ijnlatajs5iqxgqgwh6acqgkaxvwlthzin4,bafybeicgxh7en4uzw2tbk23ijnlatajs5iqxgqgwh6acqgkaxvwlthzin4,ok,128784
997,bafybeieplbtndfqafeizewwvbazr5ynidmfubmjmrslvl2ehtvduiqiw2a,bafybeieplbtndfqafeizewwvbazr5ynidmfubmjmrslvl2ehtvduiqiw2a,ok,216175
998,bafybeid3vawbxfugcp2fal3muvj7earwwisth6cucv2izmvjjophwsd5pe,bafybeid3vawbxfugcp2fal3muvj7earwwisth6cucv2izmvjjophwsd5pe,ok,155548
999,bafybeidgprdzq5pbil36gjsnjuaz6dmjby5pphegx24soq53yltkny4bya,bafybeidgprdzq5pbil36gjsnjuaz6dmjby5pphegx24soq53yltkny4bya,ok,192769
1000,bafybeibicjfekzbygwg5budtusiarubqm4fp4gppw77ac6z7yt45jkeooy,bafybeibicjfekzbygwg5budtusiarubqm4fp4gppw77ac6z7yt45jkeooy,ok,223308
1001,bafybeigg6hllcj4h7xfu4xgknhbf6vws5iaft7qyvibmig2gyevfn3wrfy,bafybeigg6hllcj4h7xfu4xgknhbf6vws5iaft7qyvibmig2gyevfn3wrfy,ok,172045
1002,bafybeighinfkawcwcpin2cn5kwullirgqhsfka7ulvi7j5ynf26ib3pkny,bafybeighinfkawcwcpin2cn5kwullirgqhsfka7ulvi7j5ynf26ib3pkny,ok,140130
1003,bafybeib6hsqgjkq77nfbslp27ycoldwkv3d5jmwpzbttyks3kt4huvhg7a,bafybeib6hsqgjkq77nfbslp27ycoldwkv3d5jmwpzbttyks3kt4huvhg7a,ok,180817
1004,bafybeihk2pmkmyug6eljysbpejor5fn5tojtjya7njiiqr3uu2k7mnqknq,bafybeihk2pmkmyug6eljysbpejor5fn5tojtjya7njiiqr3uu2k7mnqknq,ok,234202
1005,bafybeifncrtukez6cgkqs7m4yum2elk4c7e7f5lejg6vuo7mw4ktv4s6va,bafybeifncrtukez6cgkqs7m4yum2elk4c7e7f5lejg6vuo7mw4ktv4s6va,ok,148802
1006,bafybeic3g53sjmynrdx3mxggarfca7hp4xrgjefhns5jmz2nuxfpky5kqa,bafybeic3g53sjmynrdx3mxggarfca7hp4xrgjefhns5jmz2nuxfpky5kqa,ok,147317
1007,bafybeifn7q43qa7xvxbggik2vrpgvstd6gvqhstxl4urufysdmbsyrwotu,bafybeifn7q43qa7xvxbggik2vrpgvstd6gvqhstxl4urufysdmbsyrwotu,ok,229627
1008,bafybeifa267viifrl7e5psutehgov5bjhztgbk3so4syh5pjehppknawiy,bafybeifa267viifrl7e5psutehgov5bjhztgbk3so4syh5pjehppknawiy,ok,120151
1009,bafybeifac3cybiaiwjelinycledbqotxshhjmi3iun74aljckarkwq57ma,bafybeifac3cybiaiwjelinycledbqotxshhjmi3iun74aljckarkwq57ma,ok,195244
1010,bafybeidfxua5iocyz5zz7pmldyjtq7sukgxbwomkhgs6bhf5ftvzhyhj2a,bafybeidfxua5iocyz5zz7pmldyjtq7sukgxbwomkhgs6bhf5ftvzhyhj2a,ok,134720
1011,bafybeighv7zrgg7yrpauoosppx2had2x43hgrtohaa2nlxshjlpwkxkalq,bafybeighv7zrgg7yrpauoosppx2had2x43hgrtohaa2nlxshjlpwkxkalq,ok,221940
1012,bafybeifru675zbld7425vikfcc4x7if7xuahz4iddecw3ybrtkakwltg6q,bafybeifru675zbld7425vikfcc4x7if7xuahz4iddecw3ybrtkakwltg6q,ok,204239
1013,bafybeiamycmeajjbd5rlnsgzr3vsfdu2iyrdjjjanit3zlrjhw3ze2yzwu,bafybeiamycmeajjbd5rlnsgzr3vsfdu2iyrdjjjanit3zlrjhw3ze2yzwu,ok,158493
1014,bafybeihstrna745vcv3f6jilc7ibkbbp5n74xwqphagmm6mikqvon2emdm,bafybeihstrna745vcv3f6jilc7ibkbbp5n74xwqphagmm6mikqvon2emdm,ok,205530
1015,bafybeige44wlrmngpkg2nhpxaw2tstcxzljfq5nre7grkayr4xos3cwkre,bafybeige44wlrmngpkg2nhpxaw2tstcxzljfq5nre7grkayr4xos3cwkre,ok,245624
1016,bafybeihnasbc7whvbct6apmg5jus5ew2mzscwdmpwchzimw5jt25awmc7y,bafybeihnasbc7whvbct6apmg5jus5ew2mzscwdmpwchzimw5jt25awmc7y,ok,198039
1017,bafybeic5kelbr3cauutun5p6volv3ihuyiuyy2ccjulqlu5ijcjywr3yf4,bafybeic5kelbr3cauutun5p6volv3ihuyiuyy2ccjulqlu5ijcjywr3yf4,ok,183364
1018,bafybeigp7rslt3t5fweimd7oqiobhv5hw4pr4fz22zom4fbfgcud672sma,bafybeigp7rslt3t5fweimd7oqiobhv5hw4pr4fz22zom4fbfgcud672sma,ok,207213
1019,bafybeihdswnnf7fy5ij3qhtit26f4sailmvotyb6ma52pz2qbrt5koripq,bafybeihdswnnf7fy5ij3qhtit26f4sailmvotyb6ma52pz2qbrt5koripq,ok,200404
1020,bafybeidlmi5ncs5eo42fvzyh22ow6op66jkianh3nzxsfy2ty7q4zvy35m,bafybeidlmi5ncs5eo42fvzyh22ow6op66jkianh3nzxsfy2ty7q4zvy35m,ok,237241
1021,bafybeic3qjncilbkvtzzxwjzy7zn3zcqvycrwsqovwhlbi2oyrbpkpnsqm,bafybeic3qjncilbkvtzzxwjzy7zn3zcqvycrwsqovwhlbi2oyrbpkpnsqm,ok,125900
1022,bafybeibdxnitusg4epalq4czggf3ve6heyyl4nojgoul7l52ubnb4bbhue,bafybeibdxnitusg4epalq4czggf3ve6heyyl4nojgoul7l52ubnb4bbhue,ok,206442
1023,bafybeifdosysovzlfkbh52giwqwoekhwhcwt423xvvowuwtvyivywtxswe,bafybeifdosysovzlfkbh52giwqwoekhwhcwt423xvvowuwtvyivywtxswe,ok,232203
1024,bafybeig3ngvjbjctscmsma6zkzavpnnsdcvqxhqex4vdzgsdgjcjzrbdma,bafybeig3ngvjbjctscmsma6zkzavpnnsdcvqxhqex4vdzgsdgjcjzrbdma,ok,145491
1025,bafybeieebbjygmdenazyd737xum4igkmpjy46ie44sfptu6mqag4zr4tve,bafybeieebbjygmdenazyd737xum4igkmpjy46ie44sfptu6mqag4zr4tve,ok,148503
1026,bafybeicvrcb4xstrpp3vrn64ruieyzbq2hys6tx5hqpgmycuqdn4lwi4gy,bafybeicvrcb4xstrpp3vrn64ruieyzbq2hys6tx5hqpgmycuqdn4lwi4gy,ok,146982
1027,bafybeibxjvlx5bn3tbc3siqculbu7haxjoo2bc7xv6rcbyrbansz7dr7rq,bafybeibxjvlx5bn3tbc3siqculbu7haxjoo2bc7xv6rcbyrbansz7dr7rq,ok,209485
1028,bafybeiggcd73f6d3t2pewjdfw3qnndctnrxgzcxoq7t6yly5k2rahnz3ga,bafybeiggcd73f6d3t2pewjdfw3qnndctnrxgzcxoq7t6yly5k2rahnz3ga,ok,182920
1029,bafybeibavadggh55fsjynv6p7i543wziqokaxiod6fq2hjpz5fj6wq6qim,bafybeibavadggh55fsjynv6p7i543wziqokaxiod6fq2hjpz5fj6wq6qim,ok,222572
1030,bafybeia4xbpm6iybhqywodjl6ljm2aev46cfsxu5p3nvm3szi24in2w7jq,bafybeia4xbpm6iybhqywodjl6ljm2aev46cfsxu5p3nvm3szi24in2w7jq,ok,136175
1031,bafybeiaj4htj5v7si3vhq7qurtwfn3jp4uur32gnyztvxuxaejtsyvrkfq,bafybeiaj4htj5v7si3vhq7qurtwfn3jp4uur32gnyztvxuxaejtsyvrkfq,ok,238224
1032,bafybeiahmytr5b2k3xyh3kcvewuribyi5l2nq73r4nn6skw52ceabwvqvu,bafybeiahmytr5b2k3xyh3kcvewuribyi5l2nq73r4nn6skw52ceabwvqvu,ok,164743
1033,bafybeiatypt23o5snnk4nd2gptzm56ocnruks2gzlyvwon5xy3awslum6e,bafybeiatypt23o5snnk4nd2gptzm56ocnruks2gzlyvwon5xy3awslum6e,ok,218077
1034,bafybeifitklzg3kf24fcg7ekxf3kxcesda2l3n2ap5em5gaqzbenef2s74,bafybeifitklzg3kf24fcg7ekxf3kxcesda2l3n2ap5em5gaqzbenef2s74,ok,146161
1035,bafybeic2s2vxlbrmfbg2fvetopsrl4ur3mi7n5j5pjkoyrg7s6eqjy5xyy,bafybeic2s2vxlbrmfbg2fvetopsrl4ur3mi7n5j5pjkoyrg7s6eqjy5xyy,ok,161077
1036,bafybeicjtythaajml4hg2sqgyp3rnytcbjmxpud3yxyrtk7g56mmixzgkq,bafybeicjtythaajml4hg2sqgyp3rnytcbjmxpud3yxyrtk7g56mmixzgkq,ok,124188
1037,bafybeihrc4xczvrwe33aqtrpkhrsobfz74mczwleknkwqvzdeiwdlm2p5u,bafybeihrc4xczvrwe33aqtrpkhrsobfz74mczwleknkwqvzdeiwdlm2p5u,ok,187064
1038,bafybeiffbc65jegv4ihdxvixygp3vdug7iatvwsij6snkpyu2bcabbtf4e,bafybeiffbc65jegv4ihdxvixygp3vdug7iatvwsij6snkpyu2bcabbtf4e,ok,157167
1039,bafybeieb5ge2no5n4bvz2bg2y256vvcwti6hqmhltish6w5p7rqhrozew4,bafybeieb5ge2no5n4bvz2bg2y256vvcwti6hqmhltish6w5p7rqhrozew4,ok,136630
1040,bafybeib3v5qz4ozzfsea7oug77aubypflcj5zxzk4c662c4ejnpthdh6e4,bafybeib3v5qz4ozzfsea7oug77aubypflcj5zxzk4c662c4ejnpthdh6e4,ok,173095
1041,bafybeiginkmzrlknnb7nx5ftxdk76pcepyv3wu4ewn7wu3t3gachkn7nlm,bafybeiginkmzrlknnb7nx5ftxdk76pcepyv3wu4ewn7wu3t3gachkn7nlm,ok,213922
1042,bafybeiee7xc2lgiigp6v2bf3yilidi3dm57uuziskb7ygtfatkybd7dc3i,bafybeiee7xc2lgiigp6v2bf3yilidi3dm57uuziskb7ygtfatkybd7dc3i,ok,195241
1043,bafybeic5yikk4kripjqyu5xrhquayvsl72ckygxriybsje444oz3iqbopq,bafybeic5yikk4kripjqyu5xrhquayvsl72ckygxriybsje444oz3iqbopq,ok,223091
1044,bafybeidnwmqechhc2gx6djasxcr7kxs7mt4cywx4udub23rjivqpzeyu2y,bafybeidnwmqechhc2gx6djasxcr7kxs7mt4cywx4udub23rjivqpzeyu2y,ok,242876
1045,bafybeifhltbmvsiuk4qtrirbxytqbt3ik77oxktvs4eteqkgvqn4vmhvsi,bafybeifhltbmvsiuk4qtrirbxytqbt3ik77oxktvs4eteqkgvqn4vmhvsi,ok,181529
1046,bafybeiaeevjrd44nciha4qqql5mnbj54o3z7a53y7fcu5vnfwhcyaj3pnq,bafybeiaeevjrd44nciha4qqql5mnbj54o3z7a53y7fcu5vnfwhcyaj3pnq,ok,183362
1047,bafybeibibhohwhqqn3jf5n2qfojqcydxyiv3axsvaltm25svdullzwfifa,bafybeibibhohwhqqn3jf5n2qfojqcydxyiv3axsvaltm25svdullzwfifa,ok,157804
1048,bafybeihex2yuhhuosurkikrllwpznofzjvgv23orhaf4x3x7r5owfthtf4,bafybeihex2yuhhuosurkikrllwpznofzjvgv23orhaf4x3x7r5owfthtf4,ok,165003
1049,bafybeidziiqno4plwimcsqjfc6ejtnkgh5v432yob2svklm7aq7ggehaqu,bafybeidziiqno4plwimcsqjfc6ejtnkgh5v432yob2svklm7aq7ggehaqu,ok,138264
1050,bafybeic4pjv5m26k5aoizuzutamygzlj3lamlv7lccvelexcntqat5krsy,bafybeic4pjv5m26k5aoizuzutamygzlj3lamlv7lccvelexcntqat5krsy,ok,212551
1051,bafybeifvgl5m3ptbg4ozccri6mhxjqbukq7a634n5qwj25khit5avvk4g4,bafybeifvgl5m3ptbg4ozccri6mhxjqbukq7a634n5qwj25khit5avvk4g4,ok,226380
1052,bafybeih6kgwfbq6wpqpbuu53dxylr7wwiwk7w6kw3plrzynjjud4rjkjiy,bafybeih6kgwfbq6wpqpbuu53dxylr7wwiwk7w6kw3plrzynjjud4rjkjiy,ok,146214
1053,bafybeihkrbrc52f56eefzxlkxbxff2d5uljcybag3ah5orhkexhrhr2bxu,bafybeihkrbrc52f56eefzxlkxbxff2d5uljcybag3ah5orhkexhrhr2bxu,ok,160016
1054,bafybeiefbiivcdednblucx5l4mhsjpuz3ho2jd374olhcf2453i423dy2y,bafybeiefbiivcdednblucx5l4mhsjpuz3ho2jd374olhcf2453i423dy2y,ok,159165
1055,bafybeie3in5x5hxbv5u6hu4agfexuhrwyimxgh5rsffjb5qh55vur7vxeq,bafybeie3in5x5hxbv5u6hu4agfexuhrwyimxgh5rsffjb5qh55vur7vxeq,ok,208285
1056,bafybeichfztxuig4tp6rif7gkzcjdwk3kwc77r3o7ath7b3pyrj4y55mwa,bafybeichfztxuig4tp6rif7gkzcjdwk3kwc77r3o7ath7b3pyrj4y55mwa,ok,154334
1057,bafybeic4kumcujhxr6fzqo4gwbfgwexub4pt3cgrfdhhauijprtd6y4pnq,bafybeic4kumcujhxr6fzqo4gwbfgwexub4pt3cgrfdhhauijprtd6y4pnq,ok,126957
1058,bafybeial5zg7564rq72gumgrztoaxp7phwwjwb64agbsow6koi7b4tkm64,bafybeial5zg7564rq72gumgrztoaxp7phwwjwb64agbsow6koi7b4tkm64,ok,156865
1059,bafybeihuonk3h2ez6exhmr4vcn6fq55mfbkvfewk5nvcnc2hbyse2fre3a,bafybeihuonk3h2ez6exhmr4vcn6fq55mfbkvfewk5nvcnc2hbyse2fre3a,ok,143077
1060,bafybeihfpeeuthszmtwiey2q2ltmkmbotmuwbin7rvostryo7aoatpngzm,bafybeihfpeeuthszmtwiey2q2ltmkmbotmuwbin7rvostryo7aoatpngzm,ok,255111
1061,bafybeih3unxbdjlxppf3uuvsxlubwuiixweeb6b654qmfdkxt3z6rubwfa,bafybeih3unxbdjlxppf3uuvsxlubwuiixweeb6b654qmfdkxt3z6rubwfa,ok,182641
1062,bafybeiemgcgercnkxmkhc63h3yhuqqexbjlhcbhnrwztrv7dwqpt35eify,bafybeiemgcgercnkxmkhc63h3yhuqqexbjlhcbhnrwztrv7dwqpt35eify,ok,220457
1063,bafybeiebadx4v3p6ht5674a45rs6rxsveuv63cuhjhbsgwgg6pvexzb2zu,bafybeiebadx4v3p6ht5674a45rs6rxsveuv63cuhjhbsgwgg6pvexzb2zu,ok,110353
1064,bafybeifdzngvenqxrnzbjwidbvjigempxfhh7kshfn6yd4ebz4b3pvuz2i,bafybeifdzngvenqxrnzbjwidbvjigempxfhh7kshfn6yd4ebz4b3pvuz2i,ok,214563
1065,bafybeig7kd3zz7yvgps2xsgvzmxkdssklnu4m6zxfv6xkweo5cer7446qy,bafybeig7kd3zz7yvgps2xsgvzmxkdssklnu4m6zxfv6xkweo5cer7446qy,ok,163895
1066,bafybeiaw2ovajzvunx2g7veiyg7e6kut2du6kzfqynxlj6jlcpv36akdz4,bafybeiaw2ovajzvunx2g7veiyg7e6kut2du6kzfqynxlj6jlcpv36akdz4,ok,249533
1067,bafybeibauz6tth5uc433cpnkjx62yefs4hug7jm67ixdq4vqjepeboghda,bafybeibauz6tth5uc433cpnkjx62yefs4hug7jm67ixdq4vqjepeboghda,ok,171890
1068,bafybeid4ghbeh2tjhxye55cymsip22ihp5bslhnrkzljbpkybieo7f5roy,bafybeid4ghbeh2tjhxye55cymsip22ihp5bslhnrkzljbpkybieo7f5roy,ok,229931
1069,bafybeiarlh53lhromndzp5xokepcvtahdrfls67rr7ex7hxttgofzvksde,bafybeiarlh53lhromndzp5xokepcvtahdrfls67rr7ex7hxttgofzvksde,ok,149586
1070,bafybeibvo2vhtdpdj4gczhnzzpvzut5ontrlp2mlsiwca6r6w6dykm6zka,bafybeibvo2vhtdpdj4gczhnzzpvzut5ontrlp2mlsiwca6r6w6dykm6zka,ok,256837
1071,bafybeiggydkwiw4333pus3rzzovk6euzj3mdlm4rpuznbmybp6ha33npfe,bafybeiggydkwiw4333pus3rzzovk6euzj3mdlm4rpuznbmybp6ha33npfe,ok,197729
1072,bafybeibkvfkh6o3abcgag7zetrti6uzdtcmf23zvqufl35kzv4s7klbbiy,bafybeibkvfkh6o3abcgag7zetrti6uzdtcmf23zvqufl35kzv4s7klbbiy,ok,146672
1073,bafybeieymvvp2mdy6gwhew53vmqleojq4ldylgvrt2qwpk53cx7gdy5nh4,bafybeieymvvp2mdy6gwhew53vmqleojq4ldylgvrt2qwpk53cx7gdy5nh4,ok,176047
1074,bafybeid3m33sk5g6fwsvnep4gnw5ffugnv2kixtz2ttjdvxphqoqeisuiq,bafybeid3m33sk5g6fwsvnep4gnw5ffugnv2kixtz2ttjdvxphqoqeisuiq,ok,134712
1075,bafybeibdz63dwewlkkwbcpjq7y3hxfprfx5kgzuwyy3xciz3xypulawmwi,bafybeibdz63dwewlkkwbcpjq7y3hxfprfx5kgzuwyy3xciz3xypulawmwi,ok,156970
1076,bafybeid5vvbckbwu35zvbqih74isklbbmfimzyrnfyx244zoaocxxm44wa,bafybeid5vvbckbwu35zvbqih74isklbbmfimzyrnfyx244zoaocxxm44wa,ok,116074
1077,bafybeigzcq7gdzwxchonvmrfimn6n74nafomw2c3pcgqsieazt2gcfwtz4,bafybeigzcq7gdzwxchonvmrfimn6n74nafomw2c3pcgqsieazt2gcfwtz4,ok,196360
1078,bafybeigmen4idokdbcfpjc7jqhmjqixhy6kwvsoepy7r7ke3vtmuigl4ti,bafybeigmen4idokdbcfpjc7jqhmjqixhy6kwvsoepy7r7ke3vtmuigl4ti,ok,171493
1079,bafybeigm4tdk4g7qyeupey2lh24wjenn3yfkafvgdq45prudzj7eoxqeva,bafybeigm4tdk4g7qyeupey2lh24wjenn3yfkafvgdq45prudzj7eoxqeva,ok,221301
1080,bafybeifwr74knt74enoqwnzei5btlfgll64rmbnrmtrfk5fbqelinamgaq,bafybeifwr74knt74enoqwnzei5btlfgll64rmbnrmtrfk5fbqelinamgaq,ok,165349
1081,bafybeidip35rvxz5tmznxbf2lxj4j6adlj2ihba7kppzvjs6gmrn443y3e,bafybeidip35rvxz5tmznxbf2lxj4j6adlj2ihba7kppzvjs6gmrn443y3e,ok,135457
1082,bafybeiaj74xw2bp45lekgykxes7onfgp3olwy67jyx5ez47llqdqr272f4,bafybeiaj74xw2bp45lekgykxes7onfgp3olwy67jyx5ez47llqdqr272f4,ok,183852
1083,bafybeifqboibfvlltyoz7peenvhd2ojmjgklkglaynko6rhm5snxc3b4oy,bafybeifqboibfvlltyoz7peenvhd2ojmjgklkglaynko6rhm5snxc3b4oy,ok,158730
1084,bafybeibcgoozrm5otqjstmkhbsubo3vcallegy4ey52z7pdvgkwregvu5u,bafybeibcgoozrm5otqjstmkhbsubo3vcallegy4ey52z7pdvgkwregvu5u,ok,144565
1085,bafybeiajv3nfamavguzirnhc5vsdmzrpzomaducyegckfk6yoyqvajdsg4,bafybeiajv3nfamavguzirnhc5vsdmzrpzomaducyegckfk6yoyqvajdsg4,ok,137320
1086,bafybeie4rvkumhaa6djf4sqgreeqbffyvfxv57i5rdzxjabivc3mmoxymm,bafybeie4rvkumhaa6djf4sqgreeqbffyvfxv57i5rdzxjabivc3mmoxymm,ok,182317
1087,bafybeih6or2j4adk5kuh3j3lawtkeuy3evurhp7nljyyu6ic2blxrdu4qe,bafybeih6or2j4adk5kuh3j3lawtkeuy3evurhp7nljyyu6ic2blxrdu4qe,ok,154371
1088,bafybeiedj7tgps66noozjkg33qycniw5tmacrbuorykeen676vunrhp47i,bafybeiedj7tgps66noozjkg33qycniw5tmacrbuorykeen676vunrhp47i,ok,156251
1089,bafybeihv746vxpnqvdxi2uvbbvlfvby3vav2hiylx3noj5qlaobg6lfn3i,bafybeihv746vxpnqvdxi2uvbbvlfvby3vav2hiylx3noj5qlaobg6lfn3i,ok,186010
1090,bafybeif7jgu2pddwskszbikcqfg7lqejxlojygrutwb6xxgptcesih7owa,bafybeif7jgu2pddwskszbikcqfg7lqejxlojygrutwb6xxgptcesih7owa,ok,212660
1091,bafybeiblrbb6673ypcz4w5xgvgmefvb5bauw4kkml234zaulavaqusgaa4,bafybeiblrbb6673ypcz4w5xgvgmefvb5bauw4kkml234zaulavaqusgaa4,ok,157529
1092,bafybeidnlt7rgbuqdsb2tfvs2bcfieqkad7pfqzy7usblosrhacvruooge,bafybeidnlt7rgbuqdsb2tfvs2bcfieqkad7pfqzy7usblosrhacvruooge,ok,245313
1093,bafybeibbyzdg7kis6253zq4v6tp56d3n5kembm4hpheudrx6qy55vtfnxa,bafybeibbyzdg7kis6253zq4v6tp56d3n5kembm4hpheudrx6qy55vtfnxa,ok,235994
1094,bafybeicyaaee2ujxwcc7vp54526u7uibthark7v4vhxmj43ov4y2chfqay,bafybeicyaaee2ujxwcc7vp54526u7uibthark7v4vhxmj43ov4y2chfqay,ok,194206
1095,bafybeihiq4vwzsce5k2gkarmbc5wwrqtsr4i3egvonkehbm3d7tzkaggly,bafybeihiq4vwzsce5k2gkarmbc5wwrqtsr4i3egvonkehbm3d7tzkaggly,ok,133161
1096,bafybeidthqe25i5gzeaekiwpitv7fhffyfhop7iufmuwax5ichd6vgwsr4,bafybeidthqe25i5gzeaekiwpitv7fhffyfhop7iufmuwax5ichd6vgwsr4,ok,154448
1097,bafybeiaunxxxbmzgfdod3lnk244iugawtzpbev6ngsljlauocufe57houe,bafybeiaunxxxbmzgfdod3lnk244iugawtzpbev6ngsljlauocufe57houe,ok,220952
1098,bafybeieyij4bopv6tkyjib7ygrtgqx5kk2jblonfbcpvsercomgotekxwq,bafybeieyij4bopv6tkyjib7ygrtgqx5kk2jblonfbcpvsercomgotekxwq,ok,188364
1099,bafybeibdxvnoxgaf6htotyrq7dakcobxwunkvsrmdccjectue72ia6bnka,bafybeibdxvnoxgaf6htotyrq7dakcobxwunkvsrmdccjectue72ia6bnka,ok,160717
1100,bafybeibwld34xjvtfuqckj75egojrhhwdnqeg7iifcklec7xhhq24ejmry,bafybeibwld34xjvtfuqckj75egojrhhwdnqeg7iifcklec7xhhq24ejmry,ok,149565
1101,bafybeichqmtdfeflqfrktkjprumqnkqzq7ey6no2swrbjwxarcndgaojjq,bafybeichqmtdfeflqfrktkjprumqnkqzq7ey6no2swrbjwxarcndgaojjq,ok,199954
1102,bafybeicutnrlcnedwjwuf2vv757gjfsopbu2ub4gug35negmly3b6myr4u,bafybeicutnrlcnedwjwuf2vv757gjfsopbu2ub4gug35negmly3b6myr4u,ok,195035
1103,bafybeiep6rf6npzl65gjcfl3z23y27u4mnfza3aurcjwwqc7y4rdtgrcjq,bafybeiep6rf6npzl65gjcfl3z23y27u4mnfza3aurcjwwqc7y4rdtgrcjq,ok,190213
1104,bafybeidcul2yeuwiaqdljiiayo27w3idddlacptdgytv7e55vwabadf5uy,bafybeidcul2yeuwiaqdljiiayo27w3idddlacptdgytv7e55vwabadf5uy,ok,222020
1105,bafybeiaeq6u42ewn253vajuqioqnnud627m5vl2xislexw3tqyl4x4uwwu,bafybeiaeq6u42ewn253vajuqioqnnud627m5vl2xislexw3tqyl4x4uwwu,ok,139341
1106,bafybeibhlmame763laze2af6yqrldmbl4r7vrwqnxcpxptns7fcyw4naty,bafybeibhlmame763laze2af6yqrldmbl4r7vrwqnxcpxptns7fcyw4naty,ok,142403
1107,bafybeihwwvq5fklzdmg6ybgmfaefqv626fr6slyuhywetqswentjznamwu,bafybeihwwvq5fklzdmg6ybgmfaefqv626fr6slyuhywetqswentjznamwu,ok,127949
1108,bafybeianphwajfkps2uefcckjk2ngdbodwr6jqyf7jngh5s6xcbtzvzq24,bafybeianphwajfkps2uefcckjk2ngdbodwr6jqyf7jngh5s6xcbtzvzq24,ok,213273
1109,bafybeig43qlcbh3isopgkt33dxr3hd3sd732jzsdx6cyhs47wmeiu3ewby,bafybeig43qlcbh3isopgkt33dxr3hd3sd732jzsdx6cyhs47wmeiu3ewby,ok,229872
1110,bafybeiecxbflkrwm4g27rgwrzvhkqhmai3slqnkl234mhyabo7xjeeznmy,bafybeiecxbflkrwm4g27rgwrzvhkqhmai3slqnkl234mhyabo7xjeeznmy,ok,127867
1111,bafybeieefl33yzvfx52dnxzshzgwwxoqsifh2epcegqglhsym47r3xnnxu,bafybeieefl33yzvfx52dnxzshzgwwxoqsifh2epcegqglhsym47r3xnnxu,ok,210309
1112,bafybeihhai7sn6vshqt5f3lkpf3mkk5cfa2hweslcgdqvhfhvue6c7o3wu,bafybeihhai7sn6vshqt5f3lkpf3mkk5cfa2hweslcgdqvhfhvue6c7o3wu,ok,230399
1113,bafybeialihodjwnj2t6ooin2oletutqrfylzmljyg2bha6eoe4u3i76mte,bafybeialihodjwnj2t6ooin2oletutqrfylzmljyg2bha6eoe4u3i76mte,ok,201253
1114,bafybeicffo4uduwhp7bohjj3lseyq2fxdu6lqvnyl4ocuwluua34oyfe4e,bafybeicffo4uduwhp7bohjj3lseyq2fxdu6lqvnyl4ocuwluua34oyfe4e,ok,215488
1115,bafybeidpujbabwhwutab6ckhd5fb2mwy543y5uclrjanz6yyh65tdnhvza,bafybeidpujbabwhwutab6ckhd5fb2mwy543y5uclrjanz6yyh65tdnhvza,ok,194814
1116,bafybeibnzocac65lpompwrgkzrvyqwd4bfswd7a5ljgkjtzt5dixufnnay,bafybeibnzocac65lpompwrgkzrvyqwd4bfswd7a5ljgkjtzt5dixufnnay,ok,140278
1117,bafybeigqiezywivgpdz64euvcgc5262bu5f3glrdmeob73fjtrpzobzeqa,bafybeigqiezywivgpdz64euvcgc5262bu5f3glrdmeob73fjtrpzobzeqa,ok,218467
1118,bafybeica7gtaji7lbim2ppr4mw3zsanyt47ulux5ncx6c5czg2vumppgd4,bafybeica7gtaji7lbim2ppr4mw3zsanyt47ulux5ncx6c5czg2vumppgd4,ok,184788
1119,bafybeib7xfppqz7w3foow6524i56zfgfslil2icc7x7u6j67o25qxcoo64,bafybeighdperrbckiwpmq47pvkhq3u54u6igmej54w5greih7cc6ahlcz4,MISMATCH,208410
1120,bafybeibmugx6x3bm3kb6kbphuhj53qewexqmyoe2fcpzqiqt53id7xphjq,bafybeibmugx6x3bm3kb6kbphuhj53qewexqmyoe2fcpzqiqt53id7xphjq,ok,203023
1121,bafybeigs275igvgvav2ordyhqd6xs6zpfjmpgxxfklabu2gkutxg4vxtke,bafybeigs275igvgvav2ordyhqd6xs6zpfjmpgxxfklabu2gkutxg4vxtke,ok,132147
1122,bafybeiga5j4aqu4f4s6zzp5l4w3kxm6qqy6hgwdq5qnjbgbnj2pqkdqxoe,bafybeiga5j4aqu4f4s6zzp5l4w3kxm6qqy6hgwdq5qnjbgbnj2pqkdqxoe,ok,209168
1123,bafybeigz5dw4bmuwq7zhxvgbh6dm5hrew6liagm6tzc6fz6cv6b64rxxoy,bafybeigz5dw4bmuwq7zhxvgbh6dm5hrew6liagm6tzc6fz6cv6b64rxxoy,ok,258796
1124,bafybeidlxyfdvxpkeydqw5phhdt3hroif73cq6tfodli6bpzv5fysvfjo4,bafybeidlxyfdvxpkeydqw5phhdt3hroif73cq6tfodli6bpzv5fysvfjo4,ok,188752
1125,bafybeifllsqkygig6dspnpa2fwjetcke73733kqvb64rsd4w5zxfldcoh4,bafybeifllsqkygig6dspnpa2fwjetcke73733kqvb64rsd4w5zxfldcoh4,ok,207689
1126,bafybeieiihe67x7ja463pvujgs6vec5qtiop723y2bz2s2dh53ebtchqvy,bafybeieiihe67x7ja463pvujgs6vec5qtiop723y2bz2s2dh53ebtchqvy,ok,155300
1127,bafybeicobq5mef5sikm5tsebk6nlcnqtx62w4527ictv6g3hjlyi2a7bca,bafybeicobq5mef5sikm5tsebk6nlcnqtx62w4527ictv6g3hjlyi2a7bca,ok,192167
1128,bafybeif2eq5scogv6xcrmrqmf6be5l4gkuzzlxwh5523noewy2h5mc3r4a,bafybeif2eq5scogv6xcrmrqmf6be5l4gkuzzlxwh5523noewy2h5mc3r4a,ok,257088
1129,bafybeiaojyaromz4usrhhqzv26kz6snij7guhq7ccq5ko6zb5tr3uhpi3q,bafybeiaojyaromz4usrhhqzv26kz6snij7guhq7ccq5ko6zb5tr3uhpi3q,ok,242899
1130,bafybeifmnp7zz6ishsvybpbh3fc7kbynekum6wodukzo3vtuo55ydmw2fe,bafybeifmnp7zz6ishsvybpbh3fc7kbynekum6wodukzo3vtuo55ydmw2fe,ok,163659
1131,bafybeickv5eusojmxvqig33dzgmkqyvebiexkbv226jy5clquwctaqhsme,bafybeickv5eusojmxvqig33dzgmkqyvebiexkbv226jy5clquwctaqhsme,ok,201520
1132,bafybeihvqzpl5fw6224h6geo4asz2ntck7uvpmtu5hhxi7owwnhoiansym,bafybeihvqzpl5fw6224h6geo4asz2ntck7uvpmtu5hhxi7owwnhoiansym,ok,118688
1133,bafybeiacrvnueale6zteqhyr4bhyy2zrixusbp7ehx2q53swp45se2cgqy,bafybeiacrvnueale6zteqhyr4bhyy2zrixusbp7ehx2q53swp45se2cgqy,ok,155266
1134,bafybeigtcfq5lzfk7giqhyy2frkpqrlaxtlpxy7utzzo277y3d2mhw5av4,bafybeigtcfq5lzfk7giqhyy2frkpqrlaxtlpxy7utzzo277y3d2mhw5av4,ok,222394
1135,bafybeiczthp5m5xuvemlwi4aopnandrvzyj4jzwvfuq2rddadkzhagcpbi,bafybeiczthp5m5xuvemlwi4aopnandrvzyj4jzwvfuq2rddadkzhagcpbi,ok,149189
1136,bafybeibyo327emmpdzykf3bpcvvdi7wczgvesluzfuk7sfckcrtcszssgu,bafybeibyo327emmpdzykf3bpcvvdi7wczgvesluzfuk7sfckcrtcszssgu,ok,189142
1137,bafybeicn3yt77xoh77clnw7a2dhddz2pb6hiyobavrbh32gadqv5254yle,bafybeicn3yt77xoh77clnw7a2dhddz2pb6hiyobavrbh32gadqv5254yle,ok,147466
1138,bafybeiduxarj4isctlowpljyr5hmxq62gfxrbcrukcfiahcyxk6dh6jolq,bafybeiduxarj4isctlowpljyr5hmxq62gfxrbcrukcfiahcyxk6dh6jolq,ok,169766
1139,bafybeia6dzte5qru4vhnwoozqmbnilzemvxswrahthkt4eg3xfalkhriyy,bafybeia6dzte5qru4vhnwoozqmbnilzemvxswrahthkt4eg3xfalkhriyy,ok,190175
1140,bafybeiez3ac5dgnhi2ykgjuyp76bz7jy7vvegfltgv4hgn2nd6who2v6oq,bafybeiez3ac5dgnhi2ykgjuyp76bz7jy7vvegfltgv4hgn2nd6who2v6oq,ok,190895
1141,bafybeia3puyz6muhme6ozhvwdpd5x4kzrnxj23v3latws5e34vcewc4bmy,bafybeia3puyz6muhme6ozhvwdpd5x4kzrnxj23v3latws5e34vcewc4bmy,ok,145839
1142,bafybeiegudouynmfq6wu7hrvvjzrzrhr7grvhe7gzicx6k32f4s66nm4aq,bafybeiegudouynmfq6wu7hrvvjzrzrhr7grvhe7gzicx6k32f4s66nm4aq,ok,186317
1143,bafybeihdgmhckvvo5dfpxgmwbi5vgwnyhj3mjpkq3rwf3wn2gvojkkpoxa,bafybeihdgmhckvvo5dfpxgmwbi5vgwnyhj3mjpkq3rwf3wn2gvojkkpoxa,ok,138951
1144,bafybeifrgo46pittmfasbpi3zsgaye4wikmkqglcwmvhezqg6fh2knmese,bafybeifrgo46pittmfasbpi3zsgaye4wikmkqglcwmvhezqg6fh2knmese,ok,222570
1145,bafybeifzxcawdnehetcpjke6xoovz6gag7tvrnaqcrmyjvikwvkb357ica,bafybeifzxcawdnehetcpjke6xoovz6gag7tvrnaqcrmyjvikwvkb357ica,ok,147976
1146,bafybeiexz7t4l3os4invsl7vngtutuuxx2vp4cu7wz4rynv465wffwsu6m,bafybeiexz7t4l3os4invsl7vngtutuuxx2vp4cu7wz4rynv465wffwsu6m,ok,226755
1147,bafybeib3r4negpihgmdmuaj3at7qtipqunbqtnaqdysj7b2num4nv273cq,bafybeib3r4negpihgmdmuaj3at7qtipqunbqtnaqdysj7b2num4nv273cq,ok,179492
1148,bafybeihueuivwqjwyofab3o2zby5dsytei3n7tu74gycnudtefk3lgshqa,bafybeihueuivwqjwyofab3o2zby5dsytei3n7tu74gycnudtefk3lgshqa,ok,194583
1149,bafybeiciom76pway2xejme7isbf75pe44nlwf33e4pda4nf7mclil57a4q,bafybeiciom76pway2xejme7isbf75pe44nlwf33e4pda4nf7mclil57a4q,ok,223101
1150,bafybeieptwrtkojqhyfhhi33jvprdwloipe3iernpzuusnh2sd2hngg6ba,bafybeieptwrtkojqhyfhhi33jvprdwloipe3iernpzuusnh2sd2hngg6ba,ok,211283
1151,bafybeigdcvmexv5x5zrdwa7lyqo2hcd6qqp3edhankjcqe4o44j7p3uh6a,bafybeigdcvmexv5x5zrdwa7lyqo2hcd6qqp3edhankjcqe4o44j7p3uh6a,ok,247261
1152,bafybeihwwjjoozszy5s6nhvbasqyhnkqjvp65yvtp4rrorgf3xp6ccnt6e,bafybeihwwjjoozszy5s6nhvbasqyhnkqjvp65yvtp4rrorgf3xp6ccnt6e,ok,188419
1153,bafybeicde6w2kvsecxj35mknf62zuyju6v7dom6kdsvhjwcpd6gm5tak64,bafybeicde6w2kvsecxj35mknf62zuyju6v7dom6kdsvhjwcpd6gm5tak64,ok,196089
1154,bafybeiad3chbhhb4g2gp7evuwaoxr3kaxlzcv2uosu4wc5s4yu2zhyrvbe,bafybeiad3chbhhb4g2gp7evuwaoxr3kaxlzcv2uosu4wc5s4yu2zhyrvbe,ok,213215
1155,bafybeifmimnw4tnbl5md4xhtu7ts7ciarz5nojsywjk2njyj542qpeqtzm,bafybeifmimnw4tnbl5md4xhtu7ts7ciarz5nojsywjk2njyj542qpeqtzm,ok,180523
1156,bafybeichkkvrxa3wooxubjqv55ppzagqblizojxggjsmywkeaol7q5bobi,bafybeichkkvrxa3wooxubjqv55ppzagqblizojxggjsmywkeaol7q5bobi,ok,134334
1157,bafybeictgh6n6bn3dasfoji4kkvuwcpc5pbjcquxbus6yqm37ozsvxylia,bafybeictgh6n6bn3dasfoji4kkvuwcpc5pbjcquxbus6yqm37ozsvxylia,ok,218710
1158,bafybeih7l3jhpiavhp5vavmn3t4oj5jw7n37z2yf53gpj7airntmepun3u,bafybeih7l3jhpiavhp5vavmn3t4oj5jw7n37z2yf53gpj7airntmepun3u,ok,169017
1159,bafybeihiwzdpllwrlha2pcv22rguurvmkesrqk22ei6j7cj3uade2jga4i,bafybeihiwzdpllwrlha2pcv22rguurvmkesrqk22ei6j7cj3uade2jga4i,ok,196238
1160,bafybeibzrkun3pcy7f4bt67juaiz47gsfbwsogzrxt5rqduq65eab6ezou,bafybeibzrkun3pcy7f4bt67juaiz47gsfbwsogzrxt5rqduq65eab6ezou,ok,158754
1161,bafybeibpovi7w2dz7rnlw2lhqwbuau3duhnrjcmq2pwssg3prrvznvzqmi,bafybeibpovi7w2dz7rnlw2lhqwbuau3duhnrjcmq2pwssg3prrvznvzqmi,ok,186559
1162,bafybeiax64hpcynjbjlrz66oqjbg6x7xw2yletdygooeepftgyygpdjmgq,bafybeiax64hpcynjbjlrz66oqjbg6x7xw2yletdygooeepftgyygpdjmgq,ok,191820
1163,bafybeighfymensqnruzjhgdnmp7ikqhh3rktnhaujnvz3wu2ugnvlft7ra,bafybeighfymensqnruzjhgdnmp7ikqhh3rktnhaujnvz3wu2ugnvlft7ra,ok,160400
1164,bafybeidv74cpes6zlv3ig75q6t5gpdyvclt2vhr5xemrh3foimqulcmifa,bafybeidv74cpes6zlv3ig75q6t5gpdyvclt2vhr5xemrh3foimqulcmifa,ok,235094
1165,bafybeibddbfvs2te6zg2fcibnpcebmspcb57tbtmqxmvxqdejwev7bspae,bafybeibddbfvs2te6zg2fcibnpcebmspcb57tbtmqxmvxqdejwev7bspae,ok,198186
1166,bafybeia7nryd2hxkpxiucgtkwohnj44ky732nn6zmm7ymozujskh4d2nbu,bafybeia7nryd2hxkpxiucgtkwohnj44ky732nn6zmm7ymozujskh4d2nbu,ok,190774
1167,bafybeihygxltmdefcrcaxxyo2xpfecewq3qincltny27gn6dnt6nekgbey,bafybeihygxltmdefcrcaxxyo2xpfecewq3qincltny27gn6dnt6nekgbey,ok,160239
1168,bafybeiawpkjtvorfp67rpdyvcumsz65nq36h3qapn6ri6fwdfzkdhga3p4,bafybeiawpkjtvorfp67rpdyvcumsz65nq36h3qapn6ri6fwdfzkdhga3p4,ok,199828
1169,bafybeigyrvk5gokxlsk2nwudqrho5dlslqmt52qdu2lpy3rrv7jc5w7wxu,bafybeigyrvk5gokxlsk2nwudqrho5dlslqmt52qdu2lpy3rrv7jc5w7wxu,ok,258329
1170,bafybeifpy6i326qafqhwf5kooxw2qomiuvjg2nmbdqiqxwhj3cdsygi2ry,bafybeifpy6i326qafqhwf5kooxw2qomiuvjg2nmbdqiqxwhj3cdsygi2ry,ok,216698
1171,bafybeiafzfkjf3ql4xjue5jcxslbcar5g46agayhnoh2sxc6e4nlvjs7ya,bafybeiafzfkjf3ql4xjue5jcxslbcar5g46agayhnoh2sxc6e4nlvjs7ya,ok,134022
1172,bafybeicjkhc3pv4wp3xzzrrqmtjqxcbzd76y3l6zmfzs2aosues2ytsq3e,bafybeicjkhc3pv4wp3xzzrrqmtjqxcbzd76y3l6zmfzs2aosues2ytsq3e,ok,249851
1173,bafybeicnvwpppjc6loiws6rc6rsluqqzcuxstcp6hu3cuulklbmqf2w4n4,bafybeicnvwpppjc6loiws6rc6rsluqqzcuxstcp6hu3cuulklbmqf2w4n4,ok,221573
1174,bafybeihf45q4neuogdulpj7klkcn4wyx3qr5gsfo7o2kzwacezn5ha3wyu,bafybeihf45q4neuogdulpj7klkcn4wyx3qr5gsfo7o2kzwacezn5ha3wyu,ok,151348
1175,bafybeiadypru5tlkqxf6w2n2ysezo7vdamhyv7bh2hw3cn5iceubbrpvg4,bafybeiczgbon6vhnelrypkq36rn6nhvj2olsbsq5u2u5re3ixlxpl2anre,MISMATCH,188363
1176,bafybeieyatkcfxsq74zsiyexwhifcjmzqrmw5qpevaalr6nzdzb5zsi5cu,bafybeieyatkcfxsq74zsiyexwhifcjmzqrmw5qpevaalr6nzdzb5zsi5cu,ok,230138
1177,bafybeicirzyuqjthth54ph3xophodrg5wxh6zipeqwstqw5diiap3e5fhm,bafybeicirzyuqjthth54ph3xophodrg5wxh6zipeqwstqw5diiap3e5fhm,ok,184712
1178,bafybeicgmp44g3athbydaicjzphnqrmsnv4ds3jvi2wd2hddtqmyj7t5ke,bafybeicgmp44g3athbydaicjzphnqrmsnv4ds3jvi2wd2hddtqmyj7t5ke,ok,263972
1179,bafybeigrsd66q3bm5fowz7q6t27llrzw2hdjsz7x27g4ojqfeo3vw532eu,bafybeigrsd66q3bm5fowz7q6t27llrzw2hdjsz7x27g4ojqfeo3vw532eu,ok,211509
1180,bafybeick7gkeyzqyk36srk7xrn6adly36e2ot2kbgwwiyvnijp2pvqzzgm,bafybeick7gkeyzqyk36srk7xrn6adly36e2ot2kbgwwiyvnijp2pvqzzgm,ok,136516
1181,bafybeicmywhpglmxo6dj5v3zdzfd6ylhkqgebxg77cqmeu5emfq4ddn7w4,bafybeicmywhpglmxo6dj5v3zdzfd6ylhkqgebxg77cqmeu5emfq4ddn7w4,ok,109728
1182,bafybeigfwzk6m6bzlusg63wogl6txrrmko65e3bflftptcfokhsa32uwoy,bafybeigfwzk6m6bzlusg63wogl6txrrmko65e3bflftptcfokhsa32uwoy,ok,186916
1183,bafybeifysbqzyqrpyxtizu6wwciaub6bjkowfsucnvn2oqj7l6e4e7iqgm,bafybeifysbqzyqrpyxtizu6wwciaub6bjkowfsucnvn2oqj7l6e4e7iqgm,ok,230687
1184,bafybeibyyoq3qwzkciomak6s7axw5vynks2n3xj7u4p4ubzp24jcuhuanq,bafybeibyyoq3qwzkciomak6s7axw5vynks2n3xj7u4p4ubzp24jcuhuanq,ok,117876
1185,bafybeigwjy7ssvkujxd7x63dmi4ih4r4hgu2rloau6d2jpfo5aulcw355q,bafybeigwjy7ssvkujxd7x63dmi4ih4r4hgu2rloau6d2jpfo5aulcw355q,ok,186747
1186,bafybeig7b76rhkvhn2dzjhchmnzn2l2ke6eduj7q5py5oi43nl5staxbcm,bafybeig7b76rhkvhn2dzjhchmnzn2l2ke6eduj7q5py5oi43nl5staxbcm,ok,139505
1187,bafybeifolakgodn6f7r6sv7ksj5nhxoymyt3kir4a6u6rfi7wd5ze2jl6e,bafybeifolakgodn6f7r6sv7ksj5nhxoymyt3kir4a6u6rfi7wd5ze2jl6e,ok,148160
1188,bafybeibzkwqffllide2cphztqgy2vy7fvgnc6obgcivtfz3k63g3rpp33y,bafybeibzkwqffllide2cphztqgy2vy7fvgnc6obgcivtfz3k63g3rpp33y,ok,168110
1189,bafybeiasokn7caiuliuhzszsvgcs23nj7vlytdbqycxeotngt3ibehhlzy,bafybeiasokn7caiuliuhzszsvgcs23nj7vlytdbqycxeotngt3ibehhlzy,ok,155073
1190,bafybeih3pqe4tmbwuyxt7b5y3n66m7pvgeyh33qjebb4w5f2zqe5peuffe,bafybeih3pqe4tmbwuyxt7b5y3n66m7pvgeyh33qjebb4w5f2zqe5peuffe,ok,189253
1191,bafybeiaoubz5y2rwmlw25ga6yrkgm3gya3jdrs6u2mm66nqx74d6s3xjoa,bafybeiaoubz5y2rwmlw25ga6yrkgm3gya3jdrs6u2mm66nqx74d6s3xjoa,ok,179678
1192,bafybeihaaloas6kqmw7gqo3h7c74tvmnpmh5uzna2mgt2izuvfu3qpqjvy,bafybeihaaloas6kqmw7gqo3h7c74tvmnpmh5uzna2mgt2izuvfu3qpqjvy,ok,178480
1193,bafybeicklujzxhy5eerosill4nulk4xtlstrsh25rm55gjgcgtv3ghqgiq,bafybeicklujzxhy5eerosill4nulk4xtlstrsh25rm55gjgcgtv3ghqgiq,ok,164278
1194,bafybeidybfritfwjxt36by5yb5252du55qw6gxw4z54cl4eb73je7ius3u,bafybeidybfritfwjxt36by5yb5252du55qw6gxw4z54cl4eb73je7ius3u,ok,131670
1195,bafybeih6ykubf2z7ri34iyybeq2jm37oictcdvv4qucrgbf3pk2o3afbvq,bafybeih6ykubf2z7ri34iyybeq2jm37oictcdvv4qucrgbf3pk2o3afbvq,ok,213615
1196,bafybeiapetkie4ze3arophfzgr6pz4fudpqplxv3kjdamkokcqx4au5qga,bafybeiapetkie4ze3arophfzgr6pz4fudpqplxv3kjdamkokcqx4au5qga,ok,220933
1197,bafybeiaicwsip7rji6n4jni36bin2dikw7e3qerlhdmh4jbrd66dots7z4,bafybeiaicwsip7rji6n4jni36bin2dikw7e3qerlhdmh4jbrd66dots7z4,ok,197070
1198,bafybeibdhwgsksclhvx4ylrvilqkqnmhlgo2vnmgjz5mp4oqva3wce34ny,bafybeibdhwgsksclhvx4ylrvilqkqnmhlgo2vnmgjz5mp4oqva3wce34ny,ok,135260
1199,bafybeif3ye5ag6kbnuqr37poiccghdnqvrvuxvfnlibkgjiuvcsxacze5m,bafybeif3ye5ag6kbnuqr37poiccghdnqvrvuxvfnlibkgjiuvcsxacze5m,ok,176225
1200,bafybeig3qvjvd2cqohccbwf3zbs4hnntcs6h4v24q56fwy7eu6q3mawmny,bafybeig3qvjvd2cqohccbwf3zbs4hnntcs6h4v24q56fwy7eu6q3mawmny,ok,168750
1201,bafybeiadmhvjv2fgqermgdlq5yz5t5m63dvddmldeamg2lsm3qpka2p2ly,bafybeiadmhvjv2fgqermgdlq5yz5t5m63dvddmldeamg2lsm3qpka2p2ly,ok,159514
1202,bafybeigk5h5ufpgkcerzfkyrubpwtzxrhkwxoa3mrlmjat5oawpbvpavme,bafybeigk5h5ufpgkcerzfkyrubpwtzxrhkwxoa3mrlmjat5oawpbvpavme,ok,218461
1203,bafybeibis6zzaw4cqtve6skarnrwio6vfnhbn7scx5dfddjyp3kfiaxpem,bafybeibis6zzaw4cqtve6skarnrwio6vfnhbn7scx5dfddjyp3kfiaxpem,ok,132012
1204,bafybeibz6lkel5dgl7nc7nvwl2dufqzu5iexx5pic2vj23z43jv5wipnre,bafybeibz6lkel5dgl7nc7nvwl2dufqzu5iexx5pic2vj23z43jv5wipnre,ok,167480
1205,bafybeif4n4q3jk2bth5fvlh6j62gquqy2cb63coyjsu7wbsr3dxjeyh5bi,bafybeif4n4q3jk2bth5fvlh6j62gquqy2cb63coyjsu7wbsr3dxjeyh5bi,ok,221316
1206,bafybeicygajhp6rqtre67fjo37oigihaafrp4g36xh46gbpchwibhuu7aq,bafybeicygajhp6rqtre67fjo37oigihaafrp4g36xh46gbpchwibhuu7aq,ok,139656
1207,bafybeiaehvqglxckzu3jquq3ohgeu5aey6eeex55dtqmdktavuq4vn4a3e,bafybeiaehvqglxckzu3jquq3ohgeu5aey6eeex55dtqmdktavuq4vn4a3e,ok,243272
1208,bafybeie37xbfaian2hnncewimow6knat2q6xqv74fvaqttmdheabkofbie,bafybeie37xbfaian2hnncewimow6knat2q6xqv74fvaqttmdheabkofbie,ok,139246
1209,bafybeibcnqkmoehuptltuhx7dtx2i5exljnwnfa2n4enwasjvw6vhvt34y,bafybeibcnqkmoehuptltuhx7dtx2i5exljnwnfa2n4enwasjvw6vhvt34y,ok,251688
1210,bafybeicsm6mklk4ptmsnv4ucs36twmoff2n3ra5k5wf7ku264qnffkyjzi,bafybeicsm6mklk4ptmsnv4ucs36twmoff2n3ra5k5wf7ku264qnffkyjzi,ok,233892
1211,bafybeidx2slclors6fnqzzxhbwcr7gw2vkn5xczrq67q64uu5nl7cj56wq,bafybeidx2slclors6fnqzzxhbwcr7gw2vkn5xczrq67q64uu5nl7cj56wq,ok,232195
1212,bafybeidtolhd6c5amd5x6nc7ig2hst5hlvrlni4ei2t7vk2z4frkgoo2e4,bafybeidtolhd6c5amd5x6nc7ig2hst5hlvrlni4ei2t7vk2z4frkgoo2e4,ok,250847
1213,bafybeih7i3dw7cjpcrfgc4553cbqg2jb4fabywacam6vdbl7sn4waofu7q,bafybeih7i3dw7cjpcrfgc4553cbqg2jb4fabywacam6vdbl7sn4waofu7q,ok,226541
1214,bafybeia26jg6f3on4bmehdorokzegdxrton2pq4rcswn6qn772pyaxm2pa,bafybeia26jg6f3on4bmehdorokzegdxrton2pq4rcswn6qn772pyaxm2pa,ok,233845
1215,bafybeibn23znxhzrqr2h4l3czr37xh3boqkibi2neurygrnuj7voqx2pdu,bafybeibn23znxhzrqr2h4l3czr37xh3boqkibi2neurygrnuj7voqx2pdu,ok,157637
1216,bafybeieziwbwe5j5eofgcy5lkpnhhdg2hgyoyk2v6cvq34nuon5nsr7ame,bafybeieziwbwe5j5eofgcy5lkpnhhdg2hgyoyk2v6cvq34nuon5nsr7ame,ok,166616
1217,bafybeicpiigel3cnovza7kelx5amrpkxbymigaswj5ssplq46vjtfhg43a,bafybeicpiigel3cnovza7kelx5amrpkxbymigaswj5ssplq46vjtfhg43a,ok,211377
1218,bafybeifzxq5yuvjlf7x4dd44tx5bnyncpylrq6ov2admdkc3ses5tww64m,bafybeifzxq5yuvjlf7x4dd44tx5bnyncpylrq6ov2admdkc3ses5tww64m,ok,190284
1219,bafybeibdyexz6e5ghb7trjlrxlcy42fpkycffnqjk5hzszyugr52tswqne,bafybeibdyexz6e5ghb7trjlrxlcy42fpkycffnqjk5hzszyugr52tswqne,ok,139246
1220,bafybeih7ag6oc57iy3sxjmf4wuli6k47ynrz23cyxqoel3ompesry6ggaa,bafybeih7ag6oc57iy3sxjmf4wuli6k47ynrz23cyxqoel3ompesry6ggaa,ok,143598
1221,bafybeiezj36t5yz5z4cj3bzlapzz4tnpmw3x3msny6kwwoxiouts4gyvpu,bafybeiezj36t5yz5z4cj3bzlapzz4tnpmw3x3msny6kwwoxiouts4gyvpu,ok,136509
1222,bafybeihp6bk4pv6sjl57ymn5izpgrmomd4uiqsfhinnm4gm5jkykb5t3gy,bafybeihp6bk4pv6sjl57ymn5izpgrmomd4uiqsfhinnm4gm5jkykb5t3gy,ok,158736
1223,bafybeicqiwxvb7gsprixkycbpfry7kwstnq7chjjsllltqx22aknncwkpm,bafybeicqiwxvb7gsprixkycbpfry7kwstnq7chjjsllltqx22aknncwkpm,ok,199165
1224,bafybeihhkm5b3mz7rbyqng7w7o6nuaht3qihjqe6hjmtwzclvchix6wj34,bafybeihhkm5b3mz7rbyqng7w7o6nuaht3qihjqe6hjmtwzclvchix6wj34,ok,170685
1225,bafybeidcfbb54w32fmsjjjqiqryxpifcpit4kjwrzngczhe6icevoafaim,bafybeidcfbb54w32fmsjjjqiqryxpifcpit4kjwrzngczhe6icevoafaim,ok,210902
1226,bafybeiewnb2kxnwkiha7icunxydo526lhnwnegodwss2zqhrkl57ghmnkq,bafybeiewnb2kxnwkiha7icunxydo526lhnwnegodwss2zqhrkl57ghmnkq,ok,224810
1227,bafybeicbrq5eewc4a6vxdqwyplygqbx6rrzdov7bdof333gioz7h7rss64,bafybeicbrq5eewc4a6vxdqwyplygqbx6rrzdov7bdof333gioz7h7rss64,ok,145916
1228,bafybeic6gc7vlcrxsp2mxpdbmh4jsp3zgbyzpftnpj5xegmf7pudzmav2i,bafybeic6gc7vlcrxsp2mxpdbmh4jsp3zgbyzpftnpj5xegmf7pudzmav2i,ok,229853
1229,bafybeifhsifkp3v6tawk4qbjsme5s4p7y5ovkjawm4tcwebfv7zjet7exi,bafybeifhsifkp3v6tawk4qbjsme5s4p7y5ovkjawm4tcwebfv7zjet7exi,ok,224646
1230,bafybeibbfcnitzjox7l56hn5s6u6st7ozqb3mz6cuvk5xmwtff6gcu5zhi,bafybeibbfcnitzjox7l56hn5s6u6st7ozqb3mz6cuvk5xmwtff6gcu5zhi,ok,211413
1231,bafybeibzkiaeurzggbwmqdb6qtxmhzgdpwgbmtmdphecqkxwqgg4ynblpu,bafybeibzkiaeurzggbwmqdb6qtxmhzgdpwgbmtmdphecqkxwqgg4ynblpu,ok,150106
1232,bafybeic2gepjz7nz4n2vasbt5rouemaca2vgv5vnaf2ssgmd5yk3wp3xme,bafybeic2gepjz7nz4n2vasbt5rouemaca2vgv5vnaf2ssgmd5yk3wp3xme,ok,241976
1233,bafybeigmgyea5rs2zngwsxzvhuiyycj7caal34vrmerukxzdta4ios55wi,bafybeigmgyea5rs2zngwsxzvhuiyycj7caal34vrmerukxzdta4ios55wi,ok,187447
1234,bafybeibwkvuyvfdhnb36uit3y32uga7rxld5g5oxebo3357dewfhoabs4q,bafybeibwkvuyvfdhnb36uit3y32uga7rxld5g5oxebo3357dewfhoabs4q,ok,163144
1235,bafybeicwp73kwsg52tp477evoj6hzbchvbnzhqdnm5lghtfm7gnv7ovyty,bafybeicwp73kwsg52tp477evoj6hzbchvbnzhqdnm5lghtfm7gnv7ovyty,ok,231090
1236,bafybeiecugjzgr3jeyqfoumc2xalct6w3gxlazzb3wxwo6ghzlyabinsdq,bafybeiecugjzgr3jeyqfoumc2xalct6w3gxlazzb3wxwo6ghzlyabinsdq,ok,146724
1237,bafybeidqjgb7dagla6s4lik2ok2v3nwm7qzu5tnjdiwyislifktbalbuiy,bafybeidqjgb7dagla6s4lik2ok2v3nwm7qzu5tnjdiwyislifktbalbuiy,ok,227524
1238,bafybeihrmbkto3y2q5twakuj6rtij6qb7t6w3ycwm7q63tfs3gheql52ky,bafybeihrmbkto3y2q5twakuj6rtij6qb7t6w3ycwm7q63tfs3gheql52ky,ok,251399
1239,bafybeihm7fvc4ha23riw55nlm5pxhdpvbgdt2qk3cw33f4wvrxx3htpkbm,bafybeihm7fvc4ha23riw55nlm5pxhdpvbgdt2qk3cw33f4wvrxx3htpkbm,ok,211680
1240,bafybeiabks7zxmlez2m4th4hu7vligv72escjvhrthkn63aoyj7w27pgpq,bafybeiabks7zxmlez2m4th4hu7vligv72escjvhrthkn63aoyj7w27pgpq,ok,184308
1241,bafybeib35m54a6efpfopy4lwbqjwwzhexoq3i6gqmaoonxiy3svxvfuh6y,bafybeib35m54a6efpfopy4lwbqjwwzhexoq3i6gqmaoonxiy3svxvfuh6y,ok,147367
1242,bafybeibt6xaxlwch5h4taunb3piyb2rhochsucowfsnx4z2rcl7r3tcl3m,bafybeibt6xaxlwch5h4taunb3piyb2rhochsucowfsnx4z2rcl7r3tcl3m,ok,150112
1243,bafybeihjox5xcjqsila7p32actmrsv7so6rxfub6ygwx4wqdlqsy4efade,bafybeihjox5xcjqsila7p32actmrsv7so6rxfub6ygwx4wqdlqsy4efade,ok,230814
1244,bafybeiar2vafb36bd3hbzbklmgk72m4c26uo6pq3t2sepzh7qefeegjocu,bafybeiar2vafb36bd3hbzbklmgk72m4c26uo6pq3t2sepzh7qefeegjocu,ok,195360
1245,bafybeib4sjvwczpb2buaxy4vcjeowmpuuniazaobuprpdihjdklo7ebev4,bafybeib4sjvwczpb2buaxy4vcjeowmpuuniazaobuprpdihjdklo7ebev4,ok,179496
1246,bafybeibautsvaxamoiofkd4bcd4rptr56qzdj5b6b2k5x7ebbyf3nietby,bafybeibautsvaxamoiofkd4bcd4rptr56qzdj5b6b2k5x7ebbyf3nietby,ok,181565
1247,bafybeidtsbjjik67ifzwkn2t3uncavcdm6t77kzr7lom35vfjpn7w2xxzi,bafybeidtsbjjik67ifzwkn2t3uncavcdm6t77kzr7lom35vfjpn7w2xxzi,ok,134012
1248,bafybeid4xmnngv2c5mnbmdfpyasvwi5us7fz5gthjbkcznqcs3j6gp723i,bafybeid4xmnngv2c5mnbmdfpyasvwi5us7fz5gthjbkcznqcs3j6gp723i,ok,196631
1249,bafybeicfigivleo4n44vzzlixb4dspawwhq55vamnuynntzrv55vqywexq,bafybeicfigivleo4n44vzzlixb4dspawwhq55vamnuynntzrv55vqywexq,ok,240436
1250,bafybeidue3hfvpzykft257jcu4ganivizvywc4c64hkgpam6ywrxdybym4,bafybeidue3hfvpzykft257jcu4ganivizvywc4c64hkgpam6ywrxdybym4,ok,269240
1251,bafybeiahxb5phrletwj2mia4y7jt5e2kwjqvuks6cotynyi3m7524shyna,bafybeiahxb5phrletwj2mia4y7jt5e2kwjqvuks6cotynyi3m7524shyna,ok,231104
1252,bafybeibgteuefr4x54jtlv464ctikc7zgnrxh4l4ojeoptg4mpxd75ruoy,bafybeibgteuefr4x54jtlv464ctikc7zgnrxh4l4ojeoptg4mpxd75ruoy,ok,151871
1253,bafybeicxm36ydz2zlsteeryv47nedubibyvsyrlvqull37xesk54fsd2fu,bafybeicxm36ydz2zlsteeryv47nedubibyvsyrlvqull37xesk54fsd2fu,ok,142367
1254,bafybeicx2itfh75qdskozp7bjb4hf32rsdlzozembgxrefmk6d5cv5rbdq,bafybeicx2itfh75qdskozp7bjb4hf32rsdlzozembgxrefmk6d5cv5rbdq,ok,229311
1255,bafybeihkr6tl7t4mjktu6nod5q4lrjgzwn3k6dwv2i5xjgkiigxxe46cvm,bafybeihkr6tl7t4mjktu6nod5q4lrjgzwn3k6dwv2i5xjgkiigxxe46cvm,ok,223179
1256,bafybeigthjas77m4zffcyqch7wwo2jvxhuj7ct5j7veih6jhc3upqed5fe,bafybeigthjas77m4zffcyqch7wwo2jvxhuj7ct5j7veih6jhc3upqed5fe,ok,183604
1257,bafybeibuw5hkyasosknmouu7iqrdyvoeanlqthzarlcaoslimvvqfhrjsm,bafybeibuw5hkyasosknmouu7iqrdyvoeanlqthzarlcaoslimvvqfhrjsm,ok,188261
1258,bafybeiejcgpott3sgq4zxbdcogzyyolkywfucrqar3xujb6ys54khowhny,bafybeiejcgpott3sgq4zxbdcogzyyolkywfucrqar3xujb6ys54khowhny,ok,147616
1259,bafybeibi7raoekegvnxoei3vmeadkqmvox5zlqa47u6torurma2w7koxc4,bafybeibi7raoekegvnxoei3vmeadkqmvox5zlqa47u6torurma2w7koxc4,ok,141274
1260,bafybeihhrdg2m5rlx7bxzffpznqa6iietbukupa6emrho2fgup4nwsxhke,bafybeihhrdg2m5rlx7bxzffpznqa6iietbukupa6emrho2fgup4nwsxhke,ok,153587
1261,bafybeiauyvmto7a6svv6u5hv2s5suwk23caeh2pwm4tmmka6cqklamxpfy,bafybeiauyvmto7a6svv6u5hv2s5suwk23caeh2pwm4tmmka6cqklamxpfy,ok,260572
1262,bafybeial6jmedszexabjry7hn7ordwfq5fkwmm2a3gcskwjhuh7ku7aofe,bafybeial6jmedszexabjry7hn7ordwfq5fkwmm2a3gcskwjhuh7ku7aofe,ok,249013
1263,bafybeiehp54hk4a5bhl6xjw5sdp3o7wl5wylre4hxlex6evq4f3g4ewl5e,bafybeiehp54hk4a5bhl6xjw5sdp3o7wl5wylre4hxlex6evq4f3g4ewl5e,ok,127850
1264,bafybeiblifabbalxfwlhgbhzhymrvme2uiehg27v773aq6ybtms7kguno4,bafybeiblifabbalxfwlhgbhzhymrvme2uiehg27v773aq6ybtms7kguno4,ok,193139
1265,bafybeigmy564zpxgsoleao3iwug67uawbc4qymtrspy2xaxqkp3ugdrucy,bafybeigmy564zpxgsoleao3iwug67uawbc4qymtrspy2xaxqkp3ugdrucy,ok,145463
1266,bafybeibn2yjsmn5xlkf7mpcpbl3hhyt6ncriguussv6syh6jg6aurtborm,bafybeibn2yjsmn5xlkf7mpcpbl3hhyt6ncriguussv6syh6jg6aurtborm,ok,160882
1267,bafybeicmcdz47tmwdytgki62w647flfu2eb7jg5ygzeaq2x7esadq2sypu,bafybeicmcdz47tmwdytgki62w647flfu2eb7jg5ygzeaq2x7esadq2sypu,ok,191095
1268,bafybeig4hats2bcc26ezrkmtf3adjyh253i4jqcdf64h6modik7re3p6ha,bafybeig4hats2bcc26ezrkmtf3adjyh253i4jqcdf64h6modik7re3p6ha,ok,148037
1269,bafybeiao7bafgrmxg6moc3ygrzko2x4ax3vkrfycmjkkddqqnfeivnhfsu,bafybeiao7bafgrmxg6moc3ygrzko2x4ax3vkrfycmjkkddqqnfeivnhfsu,ok,159752
1270,bafybeiemj462dqscf3k2lw3hg37gu5fuv52g6flv7epuiidsmegvalb5pi,bafybeiemj462dqscf3k2lw3hg37gu5fuv52g6flv7epuiidsmegvalb5pi,ok,170285
1271,bafybeihbclki6nt2pbug2bpgfv424eb4bvxtusuuu7ny6xxr67wescpbq4,bafybeihbclki6nt2pbug2bpgfv424eb4bvxtusuuu7ny6xxr67wescpbq4,ok,207986
1272,bafybeid7fulz5e4dxt3bs6eok6qzgjpags6upt7ukoq4cvmaki4mi7aisu,bafybeid7fulz5e4dxt3bs6eok6qzgjpags6upt7ukoq4cvmaki4mi7aisu,ok,182339
1273,bafybeia4sr3s25t4hmknxyworadzp3jqsw7a443mv6aqrgo7tr2ovzj3va,bafybeia4sr3s25t4hmknxyworadzp3jqsw7a443mv6aqrgo7tr2ovzj3va,ok,241994
1274,bafybeif35hqczxg4qfnrmd6enxmixnrv66xutb4qies55wxloh5gyn7aee,bafybeif35hqczxg4qfnrmd6enxmixnrv66xutb4qies55wxloh5gyn7aee,ok,216445
1275,bafybeib5myn7bo5fxnsw6ieaf5qj3ycii7tcnpwnn7sgcpfqpokmdtitk4,bafybeib5myn7bo5fxnsw6ieaf5qj3ycii7tcnpwnn7sgcpfqpokmdtitk4,ok,223913
1276,bafybeigce7wbre3ntb3s533dzoc5mubfnvld2lueoklap26kjsw2yrwkiy,bafybeigce7wbre3ntb3s533dzoc5mubfnvld2lueoklap26kjsw2yrwkiy,ok,189725
1277,bafybeibnvu3de4v5k3hkumxrf6lu3hbxe4e7ccr7l6qa676hruphto5uma,bafybeibnvu3de4v5k3hkumxrf6lu3hbxe4e7ccr7l6qa676hruphto5uma,ok,157746
1278,bafybeiarajvux5d2gwzczbohs54zmfaib75a46dyidnqik3oafiwdngu5u,bafybeiarajvux5d2gwzczbohs54zmfaib75a46dyidnqik3oafiwdngu5u,ok,137199
1279,bafybeif6yfhlyhh7kgxhfoskpzsifdnlubxypmyttlttqu42a3pnl4ua2m,bafybeif6yfhlyhh7kgxhfoskpzsifdnlubxypmyttlttqu42a3pnl4ua2m,ok,141015
1280,bafybeiexuqd5yvcyzayzkmcgyb5mgohzepmjwgomssvfdedvfz6c4qomxy,bafybeiexuqd5yvcyzayzkmcgyb5mgohzepmjwgomssvfdedvfz6c4qomxy,ok,181717
1281,bafybeied7yq5dhmllgeers2xmgqhn4lui4mtclind37ehn3qarl5v6qfky,bafybeied7yq5dhmllgeers2xmgqhn4lui4mtclind37ehn3qarl5v6qfky,ok,153267
1282,bafybeigq5lipxr2lanihponuilfkfu4lynwoyq2y6b6hajuumxxh7j5764,bafybeigq5lipxr2lanihponuilfkfu4lynwoyq2y6b6hajuumxxh7j5764,ok,225260
1283,bafybeidgrgdpkhylk3m2exx2vbuysts7su6fodpb33vgmxp44oajyffbyi,bafybeidgrgdpkhylk3m2exx2vbuysts7su6fodpb33vgmxp44oajyffbyi,ok,158865
1284,bafybeihqwe7eaggwr6yxslgfyuorzpln6tpoee46n42ukuffxsstywi2ie,bafybeihqwe7eaggwr6yxslgfyuorzpln6tpoee46n42ukuffxsstywi2ie,ok,174916
1285,bafybeid265p4qqy3yjfp7vzan3uzbunkh76ceomr7572bxhe4kvmqouvru,bafybeid265p4qqy3yjfp7vzan3uzbunkh76ceomr7572bxhe4kvmqouvru,ok,172689
1286,bafybeifoyixxk4jtpl2eeocajqbjwldxidkwdvcaw2essfpmidsogat2ci,bafybeifoyixxk4jtpl2eeocajqbjwldxidkwdvcaw2essfpmidsogat2ci,ok,160104
1287,bafybeifdr3aqfy2go2o3lntjhy2ygwwxqjitsw5brvknlwec576lc4rc3u,bafybeifdr3aqfy2go2o3lntjhy2ygwwxqjitsw5brvknlwec576lc4rc3u,ok,193443
1288,bafybeiatx7ldheqzo3ncvmy32jjdnz3lkqmjtquhzcbrnscwt6jxx3f6ku,bafybeiatx7ldheqzo3ncvmy32jjdnz3lkqmjtquhzcbrnscwt6jxx3f6ku,ok,205640
1289,bafybeicnktytct5hmymqyfcitdaf4pwe24mjhkufinjh7td722zmh2z6ie,bafybeicnktytct5hmymqyfcitdaf4pwe24mjhkufinjh7td722zmh2z6ie,ok,162638
1290,bafybeienhzmuartb77aisoyrefvvxobmmzwv3r7nmu2qcf26aenrpdu2ea,bafybeienhzmuartb77aisoyrefvvxobmmzwv3r7nmu2qcf26aenrpdu2ea,ok,150039
1291,bafybeibnztltbeggcnh2eikku5bvphsrvrxmf56ew2h4t2vsz42dcnp2ne,bafybeibnztltbeggcnh2eikku5bvphsrvrxmf56ew2h4t2vsz42dcnp2ne,ok,120891
1292,bafybeieb7ydbbpllld52walbekq5fdktut4deyk45s2i55pp2ohcq5fxou,bafybeieb7ydbbpllld52walbekq5fdktut4deyk45s2i55pp2ohcq5fxou,ok,141333
1293,bafybeig3snideqjgjlod63o3niv2qguermlynyfwd3p7rp4c3kkatgmsdi,bafybeig3snideqjgjlod63o3niv2qguermlynyfwd3p7rp4c3kkatgmsdi,ok,161090
1294,bafybeihdq7hmacm6aepw54xmadfyh4imksjx3kqr2lmdzgxximrgliycma,bafybeihdq7hmacm6aepw54xmadfyh4imksjx3kqr2lmdzgxximrgliycma,ok,236531
1295,bafybeiaudv3q65eu7aqfawakvz77bppel4wsln2jfs2xiqlx624nagoum4,bafybeiaudv3q65eu7aqfawakvz77bppel4wsln2jfs2xiqlx624nagoum4,ok,280788
1296,bafybeibwme3fhf44e4b53cpvtvyzqh5wbdxjhdph3doou3z4fob3v3cfbq,bafybeibwme3fhf44e4b53cpvtvyzqh5wbdxjhdph3doou3z4fob3v3cfbq,ok,240697
1297,bafybeiefj5n53xm4f5d5mzulgqlhviracemuxfo2tr5cxbviz3wwwf6ac4,bafybeiefj5n53xm4f5d5mzulgqlhviracemuxfo2tr5cxbviz3wwwf6ac4,ok,192194
1298,bafybeih6wvs2jr6afof5ee6ypc2gkmtvil7nd3us3bermchduwqfvgv7tm,bafybeih6wvs2jr6afof5ee6ypc2gkmtvil7nd3us3bermchduwqfvgv7tm,ok,176085
1299,bafybeidnqfoxqkkamipmfvsyfkdz2zh56kzrcseczo5b2ogri7jgc6b3ae,bafybeidnqfoxqkkamipmfvsyfkdz2zh56kzrcseczo5b2ogri7jgc6b3ae,ok,188453
1300,bafybeidqwpu563lf7mvudmrdcv4xihbxh3q3tuzwvggifduigdyl6vzb7m,bafybeidqwpu563lf7mvudmrdcv4xihbxh3q3tuzwvggifduigdyl6vzb7m,ok,225820
1301,bafybeigjgb6knka2m6vyvbcpltkpu27rmo27osklhz6gqgepbdq7tw633m,bafybeigjgb6knka2m6vyvbcpltkpu27rmo27osklhz6gqgepbdq7tw633m,ok,234763
1302,bafybeig6gbsm6j42w2juamtj6w4c47hsamvmeyt3xpzfrxrmlyjewhthl4,bafybeig6gbsm6j42w2juamtj6w4c47hsamvmeyt3xpzfrxrmlyjewhthl4,ok,139265
1303,bafybeid3n6zyieczrk6dgtjqrnw6skpzsnzu3im5qlpgfxu2w25e6lrjqi,bafybeid3n6zyieczrk6dgtjqrnw6skpzsnzu3im5qlpgfxu2w25e6lrjqi,ok,163861
1304,bafybeie4xwggxjcf7klovkdeacjnu7k4fr6eljh5dx35xxuschjg7iz4zm,bafybeie4xwggxjcf7klovkdeacjnu7k4fr6eljh5dx35xxuschjg7iz4zm,ok,172329
1305,bafybeignkqmzbiggt7za3tyotivagj3frx2iciho4prlvqsta47bzw6vdu,bafybeignkqmzbiggt7za3tyotivagj3frx2iciho4prlvqsta47bzw6vdu,ok,228998
1306,bafybeibkqt7m7y67z4zkwxiglotni4qyjd4exhf7rr3kgb3okipjbysv4u,bafybeibkqt7m7y67z4zkwxiglotni4qyjd4exhf7rr3kgb3okipjbysv4u,ok,237576
1307,bafybeihzzaxq34hzga7dxxq6cfkugjtnhdekpr4kzysnnqz3bpz3ibq2oa,bafybeihzzaxq34hzga7dxxq6cfkugjtnhdekpr4kzysnnqz3bpz3ibq2oa,ok,197079
1308,bafybeig5qivwt3uxb24t5r7jwow6u5stgagnmxhrxe3fuvq2fymopou75m,bafybeig5qivwt3uxb24t5r7jwow6u5stgagnmxhrxe3fuvq2fymopou75m,ok,249887
1309,bafybeidbv5xci5g5wkoybqgjkpui5gpralbfadlsay5syijtag3vzin2mu,bafybeidbv5xci5g5wkoybqgjkpui5gpralbfadlsay5syijtag3vzin2mu,ok,141091
1310,bafybeifejcvin6pzwywfjdvnuvzk42vmnv6wvsndoeoktdhgqxx42n3q5y,bafybeifejcvin6pzwywfjdvnuvzk42vmnv6wvsndoeoktdhgqxx42n3q5y,ok,154451
1311,bafybeie7q32dd7nwh5jjqfkhdwxozodbidyzo7lnggjbwupbu33v5gyu4u,bafybeie7q32dd7nwh5jjqfkhdwxozodbidyzo7lnggjbwupbu33v5gyu4u,ok,238724
1312,bafybeibilqueejzzdw7tzi5ilynhqdhtsvxal3qjlqq3cr4px6zrs7pxcu,bafybeibilqueejzzdw7tzi5ilynhqdhtsvxal3qjlqq3cr4px6zrs7pxcu,ok,223918
1313,bafybeifpgl5mjygvc2njn6dp2uoxhrfswycvgzae7wi6eelj2awpgfzq4u,bafybeifpgl5mjygvc2njn6dp2uoxhrfswycvgzae7wi6eelj2awpgfzq4u,ok,132233
1314,bafybeibg2m6ou5nbnp7g52hkkubb5ie5qj36x344kdpobengfmcxd4begq,bafybeibg2m6ou5nbnp7g52hkkubb5ie5qj36x344kdpobengfmcxd4begq,ok,137771
1315,bafybeicc2f2jt6sekrjtvvihxzbq4zibxyei7z35ig35uafy3txuqir7zu,bafybeicc2f2jt6sekrjtvvihxzbq4zibxyei7z35ig35uafy3txuqir7zu,ok,184423
1316,bafybeidrk3xwfz622kjpsczfo2qgmmfxt7neal22j7syisnahfrgn2d55e,bafybeidrk3xwfz622kjpsczfo2qgmmfxt7neal22j7syisnahfrgn2d55e,ok,179356
1317,bafybeibznd54v3w3b2m4l4tj6htkgpxkqzvgwcxdyynaepkd4des7d6kui,bafybeibznd54v3w3b2m4l4tj6htkgpxkqzvgwcxdyynaepkd4des7d6kui,ok,199165
1318,bafybeibfxuu4jhuy2hvpaarat67l7tf4757kot7szog4fubcskaxroacma,bafybeibfxuu4jhuy2hvpaarat67l7tf4757kot7szog4fubcskaxroacma,ok,258578
1319,bafybeihhtamij6xiej7z5ufykyf24knayt6if57qgncy5sik6avgx5sism,bafybeihhtamij6xiej7z5ufykyf24knayt6if57qgncy5sik6avgx5sism,ok,165693
1320,bafybeig44gzzeud3e66vj2kx5q5v6m4m2s5co7owxtclaz6egdyp62my5i,bafybeig44gzzeud3e66vj2kx5q5v6m4m2s5co7owxtclaz6egdyp62my5i,ok,214471
1321,bafybeifegwq5lqz6yi63ra6xn5tf5hwk5amo3caxtqfla5x2inrvx4qmpa,bafybeifegwq5lqz6yi63ra6xn5tf5hwk5amo3caxtqfla5x2inrvx4qmpa,ok,185410
1322,bafybeidcfnexifs6dtaxhur75fid7wtuqzcl4wcobhc4d4kfql2rbiyjwa,bafybeidcfnexifs6dtaxhur75fid7wtuqzcl4wcobhc4d4kfql2rbiyjwa,ok,186413
1323,bafybeigcfbzzsjexamk2en2o6454egsmozg2tjrb4ytoklqzmdctfk2jpm,bafybeigcfbzzsjexamk2en2o6454egsmozg2tjrb4ytoklqzmdctfk2jpm,ok,225723
1324,bafybeiffpowggbavmu2vmsjmsuvlnt3zavysjnyun75ajt4kbhqcfs3dkq,bafybeiffpowggbavmu2vmsjmsuvlnt3zavysjnyun75ajt4kbhqcfs3dkq,ok,191769
1325,bafybeibrfyvndt5kvqkvdb7owm7fp432ztis3yc4arbvcufmwxvrvphvpe,bafybeibrfyvndt5kvqkvdb7owm7fp432ztis3yc4arbvcufmwxvrvphvpe,ok,138421
1326,bafybeibejmf7rinjnxqvmxwf47jsjwo2jp2vwainfdhjzvr7gb73nyb74y,bafybeibejmf7rinjnxqvmxwf47jsjwo2jp2vwainfdhjzvr7gb73nyb74y,ok,225189
1327,bafybeiedalpccjeahlmjm5gjdno3a6rvswfcdlm7vce5zppghlmtfa5koe,bafybeiedalpccjeahlmjm5gjdno3a6rvswfcdlm7vce5zppghlmtfa5koe,ok,137181
1328,bafybeiepqxbrrwwqd56wu4kz2se6g6r6pzjylwrb6iwvkgxzwxr7wedvfe,bafybeiepqxbrrwwqd56wu4kz2se6g6r6pzjylwrb6iwvkgxzwxr7wedvfe,ok,154027
1329,bafybeib4coxepce7ujzb5jxyjungakr7uqyfiechphxvm435rhq7pgos6a,bafybeib4coxepce7ujzb5jxyjungakr7uqyfiechphxvm435rhq7pgos6a,ok,146444
1330,bafybeie7fkejyhg3netckh4el4fozqcxc3xlkzsvmp76ouo3rpn642hvxi,bafybeie7fkejyhg3netckh4el4fozqcxc3xlkzsvmp76ouo3rpn642hvxi,ok,197759
1331,bafybeia63ihxmazuizr6br4w6lojh2g62ldcsx5c26r6ntpkd7ecqqg6ly,bafybeia63ihxmazuizr6br4w6lojh2g62ldcsx5c26r6ntpkd7ecqqg6ly,ok,177961
1332,bafybeifae7547jcgtwj5mcwrsativ5kebq4vqresnyjypji7unqmvfli3q,bafybeifae7547jcgtwj5mcwrsativ5kebq4vqresnyjypji7unqmvfli3q,ok,240908
1333,bafybeiafpxg3sdrvzfrbyhqojhbr3twopmigl57y4dlyabtn3a3ztsbtyi,bafybeiafpxg3sdrvzfrbyhqojhbr3twopmigl57y4dlyabtn3a3ztsbtyi,ok,235850
1334,bafybeien273qene6d5wtm7xwtcyhvw3yfgrd2qd7hr5ukrhwhwigcfw6rq,bafybeien273qene6d5wtm7xwtcyhvw3yfgrd2qd7hr5ukrhwhwigcfw6rq,ok,132724
1335,bafybeibylhwfn5uxp27hyqulfg6wykegcntbzr6tw7z422sn2ehod42phu,bafybeibylhwfn5uxp27hyqulfg6wykegcntbzr6tw7z422sn2ehod42phu,ok,180003
1336,bafybeidowvhstblt7ylaiayjavtry2l3bcxmwxtxwcavu5mk23d3mqul3m,bafybeidowvhstblt7ylaiayjavtry2l3bcxmwxtxwcavu5mk23d3mqul3m,ok,156239
1337,bafybeiczgrf5zbqufzkdywjaxbxkysm57q4mogdgov54sb5bwbntwnizg4,bafybeiczgrf5zbqufzkdywjaxbxkysm57q4mogdgov54sb5bwbntwnizg4,ok,139462
1338,bafybeia376ipkhw6u5goea225m4dgly5fdjkmxa6gi3jlksqzuxxqoeczy,bafybeia376ipkhw6u5goea225m4dgly5fdjkmxa6gi3jlksqzuxxqoeczy,ok,143778
1339,bafybeic7747p7sqdj2gnwkjvod7kjzhdk5pep4tp62z4tjfcwdvwjozhre,bafybeic7747p7sqdj2gnwkjvod7kjzhdk5pep4tp62z4tjfcwdvwjozhre,ok,150843
1340,bafybeicyg3ijzx5ejzimx7b7mnnff7l34jyr4rnpaymiugkyixpubvmkf4,bafybeicyg3ijzx5ejzimx7b7mnnff7l34jyr4rnpaymiugkyixpubvmkf4,ok,198705
1341,bafybeihybc6jvicgzwgjjxpbzn2a2mwkqwai23ghdlaved2vwtpsxmbb44,bafybeihybc6jvicgzwgjjxpbzn2a2mwkqwai23ghdlaved2vwtpsxmbb44,ok,147453
1342,bafybeie6aamoaniossg66stkordeo2swmruwdzkdee4mpfxmtcjuqa7s5q,bafybeie6aamoaniossg66stkordeo2swmruwdzkdee4mpfxmtcjuqa7s5q,ok,201584
1343,bafybeibco5ch5bvo33kw7t7kwykgfn6qxw5ax3r6msqt72d53wcr6chcwy,bafybeibco5ch5bvo33kw7t7kwykgfn6qxw5ax3r6msqt72d53wcr6chcwy,ok,172774
1344,bafybeig5gnexzb4ir4jq4zbiumsjccw7lf5i273wqdw6bpxitfbingozei,bafybeig5gnexzb4ir4jq4zbiumsjccw7lf5i273wqdw6bpxitfbingozei,ok,134752
1345,bafybeienpdltdbngp266wlki5lppl2dit33uiwjaoi7ni4ebbap7pcck6a,bafybeienpdltdbngp266wlki5lppl2dit33uiwjaoi7ni4ebbap7pcck6a,ok,189009
1346,bafybeidss3o5vatjyhtqxlzpxm4c22iard3alpmwdehqhamexqejxsu6kq,bafybeidss3o5vatjyhtqxlzpxm4c22iard3alpmwdehqhamexqejxsu6kq,ok,199866
1347,bafybeiaixnbthed3s4jn53jt3pvhkmorlvsh3dvnsu2pkwuxxtyeq7foea,bafybeiaixnbthed3s4jn53jt3pvhkmorlvsh3dvnsu2pkwuxxtyeq7foea,ok,137371
1348,bafybeigmkaisghcrdve4cdo3iplrhd5yvgxe2ps7zq7qyo3ae2t7wvsvhe,bafybeigmkaisghcrdve4cdo3iplrhd5yvgxe2ps7zq7qyo3ae2t7wvsvhe,ok,217325
1349,bafybeigmt3ytlbiq6l5mmjsyu6wewb4sig2txuv7ivj6tltfcygpda5c6u,bafybeigmt3ytlbiq6l5mmjsyu6wewb4sig2txuv7ivj6tltfcygpda5c6u,ok,109886
1350,bafybeifzdaabvyn244eguaveu37fu4gqaiwfcw2mgejit27kdf5vokxjry,bafybeifzdaabvyn244eguaveu37fu4gqaiwfcw2mgejit27kdf5vokxjry,ok,234825
1351,bafybeicxp2vz2rjjzeyguxu4sm4zpog263vrcvtbxwxmj6mamiprdjdcd4,bafybeicxp2vz2rjjzeyguxu4sm4zpog263vrcvtbxwxmj6mamiprdjdcd4,ok,260326
1352,bafybeicibolwcolh366h4bpwmky3cq6hjn76cg75kpkxoqrerhuh7d2ogu,bafybeicibolwcolh366h4bpwmky3cq6hjn76cg75kpkxoqrerhuh7d2ogu,ok,125715
1353,bafybeihbkgz6qo3abzbe7nwg73x5eielsqqjhxwswtj3vlqrv4naumiwvy,bafybeihbkgz6qo3abzbe7nwg73x5eielsqqjhxwswtj3vlqrv4naumiwvy,ok,207460
1354,bafybeigz66xmiwqci6hlsohrzitjz6f5zrrhneqmwszebb3owpeuukyfdy,bafybeigz66xmiwqci6hlsohrzitjz6f5zrrhneqmwszebb3owpeuukyfdy,ok,220709
1355,bafybeieh2jtnz6hvnorgaesl55dhkik5na6lkv67iunzcx6qb4xl5cqzgi,bafybeieh2jtnz6hvnorgaesl55dhkik5na6lkv67iunzcx6qb4xl5cqzgi,ok,152654
1356,bafybeicczicyflv6egc2yl6rw2gqcufaqqriepa3c7al3cm5dhq6o5guna,bafybeicczicyflv6egc2yl6rw2gqcufaqqriepa3c7al3cm5dhq6o5guna,ok,198243
1357,bafybeidspx4uq64ddceizekhdfntx5te3hfuapjhkzwzdrrqzeybqztu5i,bafybeidspx4uq64ddceizekhdfntx5te3hfuapjhkzwzdrrqzeybqztu5i,ok,190456
1358,bafybeifmm3fp2oep2kvzcdwt4bao2kqhc36icefyolnfl7uuyhtxk6ivc4,bafybeifmm3fp2oep2kvzcdwt4bao2kqhc36icefyolnfl7uuyhtxk6ivc4,ok,171083
1359,bafybeibbxifnkyvt2ykcmdiy6uulu2v7mrvucs32cg2fx5cpkqyhxwe5fe,bafybeibbxifnkyvt2ykcmdiy6uulu2v7mrvucs32cg2fx5cpkqyhxwe5fe,ok,248423
1360,bafybeiake6bxabzsnn3jrq6slsghgecaxldmk5bztntoh62bn5axach3hu,bafybeiake6bxabzsnn3jrq6slsghgecaxldmk5bztntoh62bn5axach3hu,ok,184170
1361,bafybeihr62ussbinklcf4uuhr6zffjuwieiqnbvwgxrsbotnwlgmszd3iu,bafybeihr62ussbinklcf4uuhr6zffjuwieiqnbvwgxrsbotnwlgmszd3iu,ok,123874
1362,bafybeid5jrpoeeoyhvw7lnmqt2qo5z5fqvhinxyrqag7jxmuesm3gtdyai,bafybeid5jrpoeeoyhvw7lnmqt2qo5z5fqvhinxyrqag7jxmuesm3gtdyai,ok,170335
1363,bafybeidotapwwimqtowb722kvesimownzbpffikes3wealgqflpuiglb4y,bafybeidotapwwimqtowb722kvesimownzbpffikes3wealgqflpuiglb4y,ok,198626
1364,bafybeiebhvqula4qqebpqmcxr3c2ov5imkdt5dp7xj3nqlc2oxc7yv66qu,bafybeiebhvqula4qqebpqmcxr3c2ov5imkdt5dp7xj3nqlc2oxc7yv66qu,ok,166630
1365,bafybeifhn7f7yexkn45zgele23xm7lvfo2ws7cc2btuhmtaabj24v3bdyq,bafybeifhn7f7yexkn45zgele23xm7lvfo2ws7cc2btuhmtaabj24v3bdyq,ok,163004
1366,bafybeia5fdz6gz6jtghxlshyib6rewyio5gb7jhqmez6f7wpuxytpfzfbe,bafybeia5fdz6gz6jtghxlshyib6rewyio5gb7jhqmez6f7wpuxytpfzfbe,ok,154339
1367,bafybeie543ae7h2du6q6r6rxomrc5x6mtneg7smvyyvdxvoelkoggyaw2y,bafybeie543ae7h2du6q6r6rxomrc5x6mtneg7smvyyvdxvoelkoggyaw2y,ok,214954
1368,bafybeibmrhnyzpvpyqtlhboonarx3zy2rfpxuxzvogo4b354x2hqqpovlu,bafybeibmrhnyzpvpyqtlhboonarx3zy2rfpxuxzvogo4b354x2hqqpovlu,ok,213004
1369,bafybeidcycrezp3k4u4237oyx56e6hr37v34neoarpofwqivrdt5p5r5lq,bafybeidcycrezp3k4u4237oyx56e6hr37v34neoarpofwqivrdt5p5r5lq,ok,228365
1370,bafybeiakfrp4xmjr277tno6tcmwkptvu3vhgaptan64m6z7vy3cgj4qdja,bafybeiakfrp4xmjr277tno6tcmwkptvu3vhgaptan64m6z7vy3cgj4qdja,ok,183345
1371,bafybeidpfjbb56evep6rs6fw55xeqys76pc3e3z3hwzmebcbhbdj3ewvfa,bafybeidpfjbb56evep6rs6fw55xeqys76pc3e3z3hwzmebcbhbdj3ewvfa,ok,187499
1372,bafybeiakfmqfmer3rwhgtvf5zgrlzvmd5axrhpkkvglu4kj55h66monviu,bafybeiakfmqfmer3rwhgtvf5zgrlzvmd5axrhpkkvglu4kj55h66monviu,ok,183667
1373,bafybeihzplrp4jw56dqjcmdwai3ws2bm5j34bry2jhcngikiltdqbdnqri,bafybeihzplrp4jw56dqjcmdwai3ws2bm5j34bry2jhcngikiltdqbdnqri,ok,220401
1374,bafybeibsfmqrsydew63opfmle67opbdicxcfwwsc7zsb6j2srmo4vcai7i,bafybeibsfmqrsydew63opfmle67opbdicxcfwwsc7zsb6j2srmo4vcai7i,ok,152359
1375,bafybeih6enaokibieyhevedeqlp6anikgbyryqtdfxoezolhsk4mvkcl7y,bafybeih6enaokibieyhevedeqlp6anikgbyryqtdfxoezolhsk4mvkcl7y,ok,131285
1376,bafybeicbeswe7bazdynsdou5e7qz2gn3c6ofbjowoo4g42uhf4oconrbpy,bafybeicbeswe7bazdynsdou5e7qz2gn3c6ofbjowoo4g42uhf4oconrbpy,ok,147279
1377,bafybeibfms4icdlemm4nzdzde4bep5b7k44x67pxai4x3dqvk7jlljmnyy,bafybeibfms4icdlemm4nzdzde4bep5b7k44x67pxai4x3dqvk7jlljmnyy,ok,206802
1378,bafybeiaquam2nkhfzk4vqeamyt23bgsbavwdan6qnrodf2rcv4m6g2w6da,bafybeiaquam2nkhfzk4vqeamyt23bgsbavwdan6qnrodf2rcv4m6g2w6da,ok,229072
1379,bafybeicrs7deszfk5cbbjlkpw44hts2ugu4jfy4xvvj6hq3kjiiuqblekm,bafybeicrs7deszfk5cbbjlkpw44hts2ugu4jfy4xvvj6hq3kjiiuqblekm,ok,151678
1380,bafybeihvpooy7tkcptwlwmxhqyw6cxct76tej6ktbymopcbv3hdlajdmky,bafybeihvpooy7tkcptwlwmxhqyw6cxct76tej6ktbymopcbv3hdlajdmky,ok,179612
1381,bafybeialmqqiddrhzxs4cesxv4d6ie6jnzxb76vbir4z4yghywdvrhqb44,bafybeialmqqiddrhzxs4cesxv4d6ie6jnzxb76vbir4z4yghywdvrhqb44,ok,168437
1382,bafybeiez4zfnkwvpikkdlwfthpngfmpjx64h6r6onx7vz7pzhlkykg4enq,bafybeiez4zfnkwvpikkdlwfthpngfmpjx64h6r6onx7vz7pzhlkykg4enq,ok,245325
1383,bafybeidmbuqkan6eefwuv47736wciuj5ovvag5mhsy77bt4nvsklgxdm4q,bafybeidmbuqkan6eefwuv47736wciuj5ovvag5mhsy77bt4nvsklgxdm4q,ok,201037
1384,bafybeiemeurjpyyju4tgbmrxlgukg3o5ioxrsvog6jgft6bewtf22qqsq4,bafybeiemeurjpyyju4tgbmrxlgukg3o5ioxrsvog6jgft6bewtf22qqsq4,ok,177052
1385,bafybeid3ecnc6ehtf5tufhq72pn3exuor7dkqrlhyhgcbknypjihdkmaem,bafybeid3ecnc6ehtf5tufhq72pn3exuor7dkqrlhyhgcbknypjihdkmaem,ok,248230
1386,bafybeidaldg6z6tuxnoyt3gtkeblapkymlbtfh64gtkopjpdngce2tek6y,bafybeidaldg6z6tuxnoyt3gtkeblapkymlbtfh64gtkopjpdngce2tek6y,ok,123321
1387,bafybeic24lhth5wuijzvdaecfkupze4cnb57amb72efv7cbaujswd2cyzu,bafybeic24lhth5wuijzvdaecfkupze4cnb57amb72efv7cbaujswd2cyzu,ok,202386
1388,bafybeiepoykrdzox6qtdwd24cetx5yujy4jkoblpixe4pkdbcqpjmswtwe,bafybeiepoykrdzox6qtdwd24cetx5yujy4jkoblpixe4pkdbcqpjmswtwe,ok,177608
1389,bafybeichlny6qigtj6whu2scifibpjhmzl62pqd2w56ci5oatuqyvuwrqy,bafybeichlny6qigtj6whu2scifibpjhmzl62pqd2w56ci5oatuqyvuwrqy,ok,215549
1390,bafybeiha5gshkf5kozhmklizjvxz35ojpi3k6hczqirlpqwuvcv6ifhsla,bafybeiha5gshkf5kozhmklizjvxz35ojpi3k6hczqirlpqwuvcv6ifhsla,ok,266807
1391,bafybeibo4mx3337iqm7s4opgt6nvedi6crthtwyg64ycxx42g3rop6love,bafybeibo4mx3337iqm7s4opgt6nvedi6crthtwyg64ycxx42g3rop6love,ok,152532
1392,bafybeiemcm4xng46ohqdk7ah5e5a3kxvsgwd2sf7nsaqg6da477oulsuqq,bafybeiemcm4xng46ohqdk7ah5e5a3kxvsgwd2sf7nsaqg6da477oulsuqq,ok,191014
1393,bafybeiegbgdmbiya3qg52tlqgre2utblxjayiryhwrzrkwz76wiyyzclqm,bafybeiegbgdmbiya3qg52tlqgre2utblxjayiryhwrzrkwz76wiyyzclqm,ok,212588
1394,bafybeicqiwalald2g5kx3ctirrpuxcg6pntui5rnv6xzaxslyqm3mb62te,bafybeicqiwalald2g5kx3ctirrpuxcg6pntui5rnv6xzaxslyqm3mb62te,ok,226763
1395,bafybeie6pj46vnun56u2n2gfcd7vu3rfrwhqbz4iuep5jmgtfgtxx744qa,bafybeie6pj46vnun56u2n2gfcd7vu3rfrwhqbz4iuep5jmgtfgtxx744qa,ok,106007
1396,bafybeidductoovbvvwrz26253ylz2qqfapnxy3smyn4cxgkhkfqab66bu4,bafybeidductoovbvvwrz26253ylz2qqfapnxy3smyn4cxgkhkfqab66bu4,ok,260350
1397,bafybeiemcqbvrowhtwlkr4jcx2q2jov5n2pxwzyqdc7dvmjfczqt7arhqu,bafybeiemcqbvrowhtwlkr4jcx2q2jov5n2pxwzyqdc7dvmjfczqt7arhqu,ok,258403
1398,bafybeifpnxtaa7yh47n4d6wv7secr4lnqtuk64gaos34y6tb45oggh4ywu,bafybeifpnxtaa7yh47n4d6wv7secr4lnqtuk64gaos34y6tb45oggh4ywu,ok,157541
1399,bafybeiavk7rw6viayf24hgmjz4l7qzbsqastsix7mharziogff6nqk5dea,bafybeiavk7rw6viayf24hgmjz4l7qzbsqastsix7mharziogff6nqk5dea,ok,235156
1400,bafybeifhxrsazho646blygutdhsdphnq6nvnpjyugspfdf7lzknu5acw3y,bafybeifhxrsazho646blygutdhsdphnq6nvnpjyugspfdf7lzknu5acw3y,ok,240983
1401,bafybeid6dtf7afvxd222kfywijlqh5762rhwrgfv5i4yx345ac4gq4s26a,bafybeid6dtf7afvxd222kfywijlqh5762rhwrgfv5i4yx345ac4gq4s26a,ok,240282
1402,bafybeiafx5djhjndprbww6prmrgoapogd3vqrdu5cv4l7dxi7iy7xtwm4u,bafybeiafx5djhjndprbww6prmrgoapogd3vqrdu5cv4l7dxi7iy7xtwm4u,ok,193219
1403,bafybeia2bxlj57ukebo3xbufyn264oknya5rvlotp3dlldfm7tvsgpad7e,bafybeia2bxlj57ukebo3xbufyn264oknya5rvlotp3dlldfm7tvsgpad7e,ok,232397
1404,bafybeia3vatl7cqohgc2gkue3n2x3gbxjupoamvw3qf6sfeh7gnctx4ivu,bafybeia3vatl7cqohgc2gkue3n2x3gbxjupoamvw3qf6sfeh7gnctx4ivu,ok,153762
1405,bafybeieslz352dqwu7xl5hsaq53btdt2ppb5v6dpagye5ysg23gaxcpnfq,bafybeieslz352dqwu7xl5hsaq53btdt2ppb5v6dpagye5ysg23gaxcpnfq,ok,184813
1406,bafybeibfrc2o6oi3bqzzudnqwyb47esvedx746fl72cuzfjr6p6e55kk3i,bafybeibfrc2o6oi3bqzzudnqwyb47esvedx746fl72cuzfjr6p6e55kk3i,ok,122012
1407,bafybeifb2dbcerkd42kzpzsdfjsklwkjg7erl4gwwqnfycgaftfo57hmjy,bafybeifb2dbcerkd42kzpzsdfjsklwkjg7erl4gwwqnfycgaftfo57hmjy,ok,153004
1408,bafybeihvos7bqba5kph52wnofd6h6er76th4pg722zg32xcezyrwrbztvm,bafybeihvos7bqba5kph52wnofd6h6er76th4pg722zg32xcezyrwrbztvm,ok,129248
1409,bafybeiglu4sqhqtx6pnknpxdxxgdwzf6po6urpu6jsppeeiqglpo4zm27i,bafybeiglu4sqhqtx6pnknpxdxxgdwzf6po6urpu6jsppeeiqglpo4zm27i,ok,208625
1410,bafybeidlnnqi325vxbo4lxp2z5tg7ljem7cufzusu75gqwlm2jllmmb4oy,bafybeidlnnqi325vxbo4lxp2z5tg7ljem7cufzusu75gqwlm2jllmmb4oy,ok,165153
1411,bafybeideanzlfue4qhncfgtnwq5hihmtu3rivkuh7bxrd3xsetsclca5k4,bafybeideanzlfue4qhncfgtnwq5hihmtu3rivkuh7bxrd3xsetsclca5k4,ok,121116
1412,bafybeigcxusrznglf7flp4xgqw7bjfxberkcpr3q7qduemc24bpwnzgiqy,bafybeigcxusrznglf7flp4xgqw7bjfxberkcpr3q7qduemc24bpwnzgiqy,ok,208191
1413,bafybeie5vt4spa77ynzalwql2tzqu66ssvq5rzefst7x52vd77rqlmicuy,bafybeie5vt4spa77ynzalwql2tzqu66ssvq5rzefst7x52vd77rqlmicuy,ok,186394
1414,bafybeigba2guzo5pozdptntlcpz52d246x5ma2hncyqqt5lrekxwljf47a,bafybeigba2guzo5pozdptntlcpz52d246x5ma2hncyqqt5lrekxwljf47a,ok,144919
1415,bafybeihodmun4e6jiwk3lnwgtex7qs7h4je2db6qywh2enoib4ll5r3cme,bafybeihodmun4e6jiwk3lnwgtex7qs7h4je2db6qywh2enoib4ll5r3cme,ok,200449
1416,bafybeifaaowlbmmmgrdf3odnnoxcq2n3blwwpinn2nassgoaglbsl3q6em,bafybeifaaowlbmmmgrdf3odnnoxcq2n3blwwpinn2nassgoaglbsl3q6em,ok,222529
1417,bafybeiawh2qdkev3wxbi7qc4wdi7owfvszr5jjzrmdbdrk3mbvuydgfg54,bafybeiawh2qdkev3wxbi7qc4wdi7owfvszr5jjzrmdbdrk3mbvuydgfg54,ok,253658
1418,bafybeib4ii7ra6e65lvc55mgi7snxrkr7tkk3delebsc42ivfctmomfg7a,bafybeib4ii7ra6e65lvc55mgi7snxrkr7tkk3delebsc42ivfctmomfg7a,ok,158098
1419,bafybeifkszjzklmqsqgcmacahoxwsgcktj2esu2iwhv45qtfgy62wkm7vm,bafybeifkszjzklmqsqgcmacahoxwsgcktj2esu2iwhv45qtfgy62wkm7vm,ok,129905
1420,bafybeidzwspxs44soqulx75nhdjzwvz7ossyewk43xowbp7g4tlc5tcnnm,bafybeidzwspxs44soqulx75nhdjzwvz7ossyewk43xowbp7g4tlc5tcnnm,ok,142687
1421,bafybeibgxgobztwqxgxlntzmt6cd7lzmpmqsprulfnnnyhkftnqt7aae4y,bafybeibgxgobztwqxgxlntzmt6cd7lzmpmqsprulfnnnyhkftnqt7aae4y,ok,247507
1422,bafybeibfq3yllzq5cxjm6bopvi5wr6cknjoqk7wz7kiwdwdexz7n5jycfm,bafybeibfq3yllzq5cxjm6bopvi5wr6cknjoqk7wz7kiwdwdexz7n5jycfm,ok,244678
1423,bafybeiddlbaxrco7yjd4vnkzyrwbzyf3ngbwvsz4h7ya6ogomma7lcxv34,bafybeiddlbaxrco7yjd4vnkzyrwbzyf3ngbwvsz4h7ya6ogomma7lcxv34,ok,134406
1424,bafybeibvjilhuiooxtsip5udyeqe7vh3s6fxej2vp4tsdafu4cb33btupi,bafybeibvjilhuiooxtsip5udyeqe7vh3s6fxej2vp4tsdafu4cb33btupi,ok,193406
1425,bafybeidbvz2teecmytmwaqoxhr2tw2b7lz43qt2b2stf766gbiiakrlz2e,bafybeidbvz2teecmytmwaqoxhr2tw2b7lz43qt2b2stf766gbiiakrlz2e,ok,179442
1426,bafybeihlbochbht4h3kna74m7xa4skzbmhxwkov2yhocdls5ceozvdteem,bafybeihlbochbht4h3kna74m7xa4skzbmhxwkov2yhocdls5ceozvdteem,ok,224942
1427,bafybeidym4ytnq6suh4cpvfrm6wqtn63gyyjqh6kel2ru5s2zocld7zyve,bafybeidym4ytnq6suh4cpvfrm6wqtn63gyyjqh6kel2ru5s2zocld7zyve,ok,224511
1428,bafybeiboo5pptwk7jevklj6rde72aors6ntynlljjainvuzp3bhxvf4dqy,bafybeiboo5pptwk7jevklj6rde72aors6ntynlljjainvuzp3bhxvf4dqy,ok,212845
1429,bafybeigc2fr4773iqil7pr4gee7reei74w6t2qc5vgbp5zpoavkrvgj2ue,bafybeigc2fr4773iqil7pr4gee7reei74w6t2qc5vgbp5zpoavkrvgj2ue,ok,211943
1430,bafybeibak6njiu53gdsqfrtmuiam62eza5lbx4d6ve5uw4ix4qf4qvcaxi,bafybeibak6njiu53gdsqfrtmuiam62eza5lbx4d6ve5uw4ix4qf4qvcaxi,ok,196273
1431,bafybeib6rxj6drpvmvgrbwifile7gdue4ujvj3t6xcxak6dc4h44bu3yhe,bafybeib6rxj6drpvmvgrbwifile7gdue4ujvj3t6xcxak6dc4h44bu3yhe,ok,232345
1432,bafybeieh74k3dothzgqej3czgl4nkt5fcpehsj5xinloliwo3decmk7cce,bafybeieh74k3dothzgqej3czgl4nkt5fcpehsj5xinloliwo3decmk7cce,ok,165706
1433,bafybeieyszgmmt4zftbodmra7sjzfgxsvp2ewwuoyrk2gwcq6y6dhve63a,bafybeieyszgmmt4zftbodmra7sjzfgxsvp2ewwuoyrk2gwcq6y6dhve63a,ok,144469
1434,bafybeidcsdawbhu62tm4lweqvp7y2e7spe5o56rlcwdnkot4n2wnvbc7d4,bafybeidcsdawbhu62tm4lweqvp7y2e7spe5o56rlcwdnkot4n2wnvbc7d4,ok,139853
1435,bafybeiat3gispcmows25hzupw2k2cv33bhkjaawbf74m7ztkojfl457the,bafybeiat3gispcmows25hzupw2k2cv33bhkjaawbf74m7ztkojfl457the,ok,154233
1436,bafybeih7cwreutlndhwyylob4rlen7h3kaucglrqls7jexjpsc5g5ktwku,bafybeih7cwreutlndhwyylob4rlen7h3kaucglrqls7jexjpsc5g5ktwku,ok,206575
1437,bafybeibcg47x23o7edtl56n6rzfs2mhwevzrocjsuat5w52adm2sv3unju,bafybeibcg47x23o7edtl56n6rzfs2mhwevzrocjsuat5w52adm2sv3unju,ok,187335
1438,bafybeigmt4emb2wvw5wkarjq22chxvuxea7stbojy3kfmtoa4a2ckgv74m,bafybeigmt4emb2wvw5wkarjq22chxvuxea7stbojy3kfmtoa4a2ckgv74m,ok,148726
1439,bafybeifvdoiecztpcsmqezukcneykjbopplfylwdyydhiclf2qg55i3ify,bafybeifvdoiecztpcsmqezukcneykjbopplfylwdyydhiclf2qg55i3ify,ok,172641
1440,bafybeiav3irxdafuzzyhkhi4jhf4uhdmkkr62mrc3jki2tneui5lt2hdua,bafybeiav3irxdafuzzyhkhi4jhf4uhdmkkr62mrc3jki2tneui5lt2hdua,ok,232703
1441,bafybeibgm2my4zzo75y3skwwzmes6bge2pssowx5vn5go5yqn6pfywusdm,bafybeibgm2my4zzo75y3skwwzmes6bge2pssowx5vn5go5yqn6pfywusdm,ok,157922
1442,bafybeie2vth6f7dpzyntrdq35x7pgjmmmy7y7s6mpjy36i3zeaur43mjeu,bafybeie2vth6f7dpzyntrdq35x7pgjmmmy7y7s6mpjy36i3zeaur43mjeu,ok,138540
1443,bafybeigy25h742vvs5nz6fg4ruwrziliunfp76tabxdmnod4ht4wwaywz4,bafybeigy25h742vvs5nz6fg4ruwrziliunfp76tabxdmnod4ht4wwaywz4,ok,218279
1444,bafybeicq5gwh4u2kzdmpb2gsxvbhfzommaoozblmcqfkadax6nsuvhhqay,bafybeicq5gwh4u2kzdmpb2gsxvbhfzommaoozblmcqfkadax6nsuvhhqay,ok,187011
1445,bafybeicli726tghcfzlxmyamts6acnkoksp6s4fa2vn3xohre4jata5sde,bafybeicli726tghcfzlxmyamts6acnkoksp6s4fa2vn3xohre4jata5sde,ok,181341
1446,bafybeieyf2wfy3bl5epuq24t6gi7urdtgocbznjhv56syiicghuaoszj2e,bafybeieyf2wfy3bl5epuq24t6gi7urdtgocbznjhv56syiicghuaoszj2e,ok,183843
1447,bafybeicx5k3j7romcf7wfotrnjrzewciih7ptrn7ubbsuuggynmsywmkbi,bafybeicx5k3j7romcf7wfotrnjrzewciih7ptrn7ubbsuuggynmsywmkbi,ok,145111
1448,bafybeigxag6apd3byr7m3brfzlnxfcfnmrbjxsvdmhm53omoih26wet5ba,bafybeigxag6apd3byr7m3brfzlnxfcfnmrbjxsvdmhm53omoih26wet5ba,ok,203455
1449,bafybeig7bm5hiebtirpg6wjagszmlltiioxeysz7q3csxi5gce5c2ydea4,bafybeig7bm5hiebtirpg6wjagszmlltiioxeysz7q3csxi5gce5c2ydea4,ok,142761
1450,bafybeig6qwwx62x7tprgyrur4clzofwrq5begqsoqzcvkb4x67c35s65su,bafybeig6qwwx62x7tprgyrur4clzofwrq5begqsoqzcvkb4x67c35s65su,ok,201328
1451,bafybeiemtpq6724ksef37jkxgv4upizd5cah7gtpmerbv5zunf3hof34pi,bafybeiemtpq6724ksef37jkxgv4upizd5cah7gtpmerbv5zunf3hof34pi,ok,133449
1452,bafybeid6p3r3cvx4cvypo4do4prtmnjex6gkahkiwudmnd4n35qwhjgl4u,bafybeid6p3r3cvx4cvypo4do4prtmnjex6gkahkiwudmnd4n35qwhjgl4u,ok,255984
1453,bafybeihgnh5c3fbx4a4vih2wg2kv3wmlo5mvd4pqyshrdwinjoisruyfoq,bafybeihgnh5c3fbx4a4vih2wg2kv3wmlo5mvd4pqyshrdwinjoisruyfoq,ok,162582
1454,bafybeierr6egh5vqhntskogtwxrghzfhzds2raun4a4y7eexnxlbkpks6m,bafybeierr6egh5vqhntskogtwxrghzfhzds2raun4a4y7eexnxlbkpks6m,ok,131197
1455,bafybeid5ktkyilj6htkyt2hztxudwy5hajdj2wkeqyrudbqv6whfsiojyy,bafybeid5ktkyilj6htkyt2hztxudwy5hajdj2wkeqyrudbqv6whfsiojyy,ok,196866
1456,bafybeieraj2sxatoylal7oewepbqmby7feg7jfawzjzucsf7wsoevscxfq,bafybeieraj2sxatoylal7oewepbqmby7feg7jfawzjzucsf7wsoevscxfq,ok,244310
1457,bafybeic6tvdyj5morev2nz2uklmgmjvalatabtuk3jrwasln3um2gsihta,bafybeic6tvdyj5morev2nz2uklmgmjvalatabtuk3jrwasln3um2gsihta,ok,236797
1458,bafybeiac3fevziw43jmdzqjtadhm73rk6kfe7a6zikuvb4w5bdhmmprawm,bafybeiac3fevziw43jmdzqjtadhm73rk6kfe7a6zikuvb4w5bdhmmprawm,ok,136701
1459,bafybeif2jfcqdl6kefs5i4ov4y54mn5ybgyzkap6rddhb52hgphokqz45m,bafybeif2jfcqdl6kefs5i4ov4y54mn5ybgyzkap6rddhb52hgphokqz45m,ok,235561
1460,bafybeihwlsehaziv733vqox3pwsiwaww4gn5wh3nxwrgzg6glmsl366gkm,bafybeihwlsehaziv733vqox3pwsiwaww4gn5wh3nxwrgzg6glmsl366gkm,ok,206082
1461,bafybeicur7ya5wdgudrsznfxkegvco7dxbu5ev6csay6bytjlmxfidkqqe,bafybeicur7ya5wdgudrsznfxkegvco7dxbu5ev6csay6bytjlmxfidkqqe,ok,132377
1462,bafybeih4k72s6psxrapdjoydojjvlsbfwx3kgbgh6wseisg72dztybubb4,bafybeih4k72s6psxrapdjoydojjvlsbfwx3kgbgh6wseisg72dztybubb4,ok,144969
1463,bafybeifmuklzzbsyrqsevcbkchihbwlk5hm255cxkgt2qjqgatdlnfauzq,bafybeifmuklzzbsyrqsevcbkchihbwlk5hm255cxkgt2qjqgatdlnfauzq,ok,194769
1464,bafybeihyqmbryxwysya6y3jgxqjzljod67el5cqudzw6yt4j4hfgb5u7xa,bafybeihyqmbryxwysya6y3jgxqjzljod67el5cqudzw6yt4j4hfgb5u7xa,ok,164065
1465,bafybeicwngtmw24y5lhkmqsqwnocneg7vmlys77z5ayyy3mssvlfmezbaa,bafybeicwngtmw24y5lhkmqsqwnocneg7vmlys77z5ayyy3mssvlfmezbaa,ok,220946
1466,bafybeig4lncluoq7f4pjqkt3pzpls5cq7zcukje33v2tbofghymzimpnbe,bafybeig4lncluoq7f4pjqkt3pzpls5cq7zcukje33v2tbofghymzimpnbe,ok,190401
1467,bafybeiehppoiu6om67wfci5m7kw66oplaomlgs6pjb37dxidz5i2umyjce,bafybeiehppoiu6om67wfci5m7kw66oplaomlgs6pjb37dxidz5i2umyjce,ok,242057
1468,bafybeifcdcem47kxhh43a3l7gz5qxkzyu4nkg6ymzvx2yo3vkk2fghpioi,bafybeifcdcem47kxhh43a3l7gz5qxkzyu4nkg6ymzvx2yo3vkk2fghpioi,ok,175131
1469,bafybeifpvlceutfxwvca5gs6h3m4bdcl4m6nfzweusj4zo545ochh72nom,bafybeifpvlceutfxwvca5gs6h3m4bdcl4m6nfzweusj4zo545ochh72nom,ok,176529
1470,bafybeiaaf2yqn6ckinmfbh77fjnfrknmldwraqvso7iw5emcpirsiipqqq,bafybeiaaf2yqn6ckinmfbh77fjnfrknmldwraqvso7iw5emcpirsiipqqq,ok,273565
1471,bafybeib4efbwtt44m6hfgpgle2yczyagrnmnt7ouvnehfa45e3zkyb7elm,bafybeib4efbwtt44m6hfgpgle2yczyagrnmnt7ouvnehfa45e3zkyb7elm,ok,183155
1472,bafybeig7mm6odmmvhx2j3gs2wicu3ndprt2lu5qjgrl6i6aec4t5vc6nci,bafybeig7mm6odmmvhx2j3gs2wicu3ndprt2lu5qjgrl6i6aec4t5vc6nci,ok,280830
1473,bafybeib5sysvss24vyrpbogkih6japsfcg4m4jccp3y2misq2dbrw2w5je,bafybeib5sysvss24vyrpbogkih6japsfcg4m4jccp3y2misq2dbrw2w5je,ok,176724
1474,bafybeibob6tr2fmsoza3ydna6scag4z2oizp6x7cqywm7wzaaltcbdxpte,bafybeibob6tr2fmsoza3ydna6scag4z2oizp6x7cqywm7wzaaltcbdxpte,ok,186928
1475,bafybeibpkfu2tmgbyqkol357v2sx5fawvwzoplwm6ghyhagge4n7mbarua,bafybeibpkfu2tmgbyqkol357v2sx5fawvwzoplwm6ghyhagge4n7mbarua,ok,230146
1476,bafybeifo3cpf3w3o2lbncsslvi3cyuvx4h5oon3pf75e4i5e4aeg2edfxe,bafybeifo3cpf3w3o2lbncsslvi3cyuvx4h5oon3pf75e4i5e4aeg2edfxe,ok,181065
1477,bafybeigegoapnxbvbgi7fppowlvjscgt6tv6bbfjcr7s3mc32az2p7usom,bafybeigegoapnxbvbgi7fppowlvjscgt6tv6bbfjcr7s3mc32az2p7usom,ok,209738
1478,bafybeihy4cictkfbf4z6hb2u6kifvldct2iy3ckw7ifztuw252uy5fbfva,bafybeihy4cictkfbf4z6hb2u6kifvldct2iy3ckw7ifztuw252uy5fbfva,ok,161652
1479,bafybeifgwedakmqbbhw4je4agserzg6t2ysz5xcadofn232bkmkv5wew7u,bafybeifgwedakmqbbhw4je4agserzg6t2ysz5xcadofn232bkmkv5wew7u,ok,147554
1480,bafybeie6nksfw5khrej5eoavg6x7ygvkxfbmzkfojmfqwvhtktdefthice,bafybeie6nksfw5khrej5eoavg6x7ygvkxfbmzkfojmfqwvhtktdefthice,ok,129582
1481,bafybeidrr5gr4drgrx5plo2xclq4wy5j5pe2fygg7dlxkifjq5z26p2nxe,bafybeidrr5gr4drgrx5plo2xclq4wy5j5pe2fygg7dlxkifjq5z26p2nxe,ok,205838
1482,bafybeieow3b72vrf35clwv62ytpn3yrlbsh7elitot3zzp3ahq5tfvgh2y,bafybeieow3b72vrf35clwv62ytpn3yrlbsh7elitot3zzp3ahq5tfvgh2y,ok,188624
1483,bafybeidppqo2b7o2pbj2kiww2tjxblxmxv2kbh7rntiustnlz3qqu6tktu,bafybeidppqo2b7o2pbj2kiww2tjxblxmxv2kbh7rntiustnlz3qqu6tktu,ok,132740
1484,bafybeida56ltvotp3dgn5whmkket2o2ophwe747q4bok42boitfx73r424,bafybeida56ltvotp3dgn5whmkket2o2ophwe747q4bok42boitfx73r424,ok,258476
1485,bafybeibntmz4sownqfbkudflsgae4zh6fodj5fxyklljo5prge3tfbqki4,bafybeibntmz4sownqfbkudflsgae4zh6fodj5fxyklljo5prge3tfbqki4,ok,123277
1486,bafybeigwrg7sxddvxu4wphn67tufimn36i7ib3unj6hx7f6fjxcfv5xire,bafybeigwrg7sxddvxu4wphn67tufimn36i7ib3unj6hx7f6fjxcfv5xire,ok,254890
1487,bafybeihqeca2rkxahysecd2zwwgng4efypqfu4dkhygu2phgsnxd6ovmpu,bafybeihqeca2rkxahysecd2zwwgng4efypqfu4dkhygu2phgsnxd6ovmpu,ok,223098
1488,bafybeidavkocmucegzdrg6q3kf6cgjnb366zz2o22vwz7xklcte34jpyem,bafybeidavkocmucegzdrg6q3kf6cgjnb366zz2o22vwz7xklcte34jpyem,ok,231816
1489,bafybeigzird664u7k7hw7wfj4hyfm6mjfowktgrbyb55jewafeabw3466y,bafybeigzird664u7k7hw7wfj4hyfm6mjfowktgrbyb55jewafeabw3466y,ok,239879
1490,bafybeieugtzbwxljun43rl4rzpncdlfmiy7rw6wkrkr5wd63py6hekyjhi,bafybeieugtzbwxljun43rl4rzpncdlfmiy7rw6wkrkr5wd63py6hekyjhi,ok,162028
1491,bafybeihramgdbkfhmdmst3fig2lcpp7wkiuuwgwe5s2xu3lppg44gq2e3q,bafybeihramgdbkfhmdmst3fig2lcpp7wkiuuwgwe5s2xu3lppg44gq2e3q,ok,132988
1492,bafybeie2ydi7ymg3y2gdmjryccoboty5hirlqf2r3mqheweemuxnmgctg4,bafybeie2ydi7ymg3y2gdmjryccoboty5hirlqf2r3mqheweemuxnmgctg4,ok,152549
1493,bafybeidxotwaoejhqweb22milevvl6uilaha2gelo5aq2vxu5lmn5pilhe,bafybeidxotwaoejhqweb22milevvl6uilaha2gelo5aq2vxu5lmn5pilhe,ok,218534
1494,bafybeicjbpxfjjamqg6pjwisi2lu4uym5qs2kkfqlnkcboh3p2aoercz7q,bafybeicjbpxfjjamqg6pjwisi2lu4uym5qs2kkfqlnkcboh3p2aoercz7q,ok,181078
1495,bafybeicfg3n2xrkrpeugebbxmjgnafhi777e2ppy3ro2iebexhngpu5y4a,bafybeicfg3n2xrkrpeugebbxmjgnafhi777e2ppy3ro2iebexhngpu5y4a,ok,230460
1496,bafybeif2glrnhdirm5bbufiweim4lnm2m6gnesj32y5wn7ps7n23uiaxpm,bafybeif2glrnhdirm5bbufiweim4lnm2m6gnesj32y5wn7ps7n23uiaxpm,ok,218716
1497,bafybeifxp7ura7pmfxdldvfg6icsjo3stfjzkfrih2dvg3gg4g6d3uhouy,bafybeifxp7ura7pmfxdldvfg6icsjo3stfjzkfrih2dvg3gg4g6d3uhouy,ok,140273
1498,bafybeiehkocw5w2axexo26rhrgly36qfatirqyq6qqlhtqkqwwbieb42ne,bafybeiehkocw5w2axexo26rhrgly36qfatirqyq6qqlhtqkqwwbieb42ne,ok,147883
1499,bafybeibsp3bkurexmj7zupys4yo6ygrgfpnnn7qf6hdkayxbdb73t5udci,bafybeibsp3bkurexmj7zupys4yo6ygrgfpnnn7qf6hdkayxbdb73t5udci,ok,146021
1500,bafybeiedsp6zo3rzjqko5aosjr7jqgztth76jktp2kfkae2ruwmyk4tzqa,bafybeiedsp6zo3rzjqko5aosjr7jqgztth76jktp2kfkae2ruwmyk4tzqa,ok,214738
1501,bafybeig2dmzgjrypnpstaw6zorqqd6f25m4dxbndthvm4lkutibjuzmdlu,bafybeig2dmzgjrypnpstaw6zorqqd6f25m4dxbndthvm4lkutibjuzmdlu,ok,220894
1502,bafybeicm3yyswwvjz4b4iblkhs5h6bmvuwxtmnqnwktijjagjn3nir5yya,bafybeicm3yyswwvjz4b4iblkhs5h6bmvuwxtmnqnwktijjagjn3nir5yya,ok,222091
1503,bafybeibku6rsys7vyt2ihac2e66wad6zdsyvemgml2tx2pk2peprc3fy2m,bafybeibku6rsys7vyt2ihac2e66wad6zdsyvemgml2tx2pk2peprc3fy2m,ok,241957
1504,bafybeif4klln6dgipfjhpynqx75iu4zlhid5sbdx7wdvh4tawyhrhmbqjy,bafybeif4klln6dgipfjhpynqx75iu4zlhid5sbdx7wdvh4tawyhrhmbqjy,ok,202622
1505,bafybeigkwccyojfbgyi4ehmrw5fbu57zm26a4eeexirmrhuohor6uspgzm,bafybeigkwccyojfbgyi4ehmrw5fbu57zm26a4eeexirmrhuohor6uspgzm,ok,141460
1506,bafybeib5saaxkhl54hjwsns55ookpgl3trw7h4zy6m4nmcgbwwllgf7rtq,bafybeib5saaxkhl54hjwsns55ookpgl3trw7h4zy6m4nmcgbwwllgf7rtq,ok,135170
1507,bafybeie3tgirvjlhnctpnpidexzvrb2hzdjgpxru66ewoltdfbhjb3fzue,bafybeie3tgirvjlhnctpnpidexzvrb2hzdjgpxru66ewoltdfbhjb3fzue,ok,164008
1508,bafybeicettrt7nnch2ijch5aytsyww3sq3aflg3ogl2ydzjfkyysd4yhfy,bafybeicettrt7nnch2ijch5aytsyww3sq3aflg3ogl2ydzjfkyysd4yhfy,ok,156371
1509,bafybeiaeg7u2tqldauxbwowj6yubkbuof4bsccsop3rmwm44yinfqkumkq,bafybeiaeg7u2tqldauxbwowj6yubkbuof4bsccsop3rmwm44yinfqkumkq,ok,181975
1510,bafybeibntmpne77mvfnu74iap4vpanvseqziurgmffjny7rz4p3pkfd7je,bafybeibntmpne77mvfnu74iap4vpanvseqziurgmffjny7rz4p3pkfd7je,ok,184041
1511,bafybeigmgkyytlf5awrwjhinjuo3ujshzqaaqidrmiwkwuw5sleymgtw3y,bafybeigmgkyytlf5awrwjhinjuo3ujshzqaaqidrmiwkwuw5sleymgtw3y,ok,199891
1512,bafybeiemrjrjpugbcz4nggv26sg6seaykdecorumvwfg53mymy6nhquaee,bafybeiemrjrjpugbcz4nggv26sg6seaykdecorumvwfg53mymy6nhquaee,ok,228308
1513,bafybeicgjdpyzvcjnkw3skapw5l4onqv4w3ptn5fsdc3u4qpuvojxbzdbi,bafybeicgjdpyzvcjnkw3skapw5l4onqv4w3ptn5fsdc3u4qpuvojxbzdbi,ok,224195
1514,bafybeigyubvnm47mbkbkva4fi3jqhmylbtdxlc3vzt7rdmijbelykuxrky,bafybeigyubvnm47mbkbkva4fi3jqhmylbtdxlc3vzt7rdmijbelykuxrky,ok,170363
1515,bafybeigjsjtl3felmoifuf2ymnrn6p4m5jmlhveqvntqfbgladkvyb5rx4,bafybeigjsjtl3felmoifuf2ymnrn6p4m5jmlhveqvntqfbgladkvyb5rx4,ok,219479
1516,bafybeihxvkf3ageoqwsr73yv6cko76bxwjz55ebvji2pf5h4kwmd2piz3q,bafybeihxvkf3ageoqwsr73yv6cko76bxwjz55ebvji2pf5h4kwmd2piz3q,ok,198856
1517,bafybeiaeiboco2z3kps6uwyuugnbjjniugrvfju2tcvnfd6unxzlyct7cm,bafybeiaeiboco2z3kps6uwyuugnbjjniugrvfju2tcvnfd6unxzlyct7cm,ok,229008
1518,bafybeif63ok7hjhivzydwlapqu2pdjbqpa4l23qfmnawjqwi3j244nmhle,bafybeif63ok7hjhivzydwlapqu2pdjbqpa4l23qfmnawjqwi3j244nmhle,ok,224725
1519,bafybeif64jdxh5ltqlmnpywiualtqpu7to7c54h4mgiuieivpz42amftu4,bafybeif64jdxh5ltqlmnpywiualtqpu7to7c54h4mgiuieivpz42amftu4,ok,177807
1520,bafybeiegbviv4zv5vgqw5uss2lxodknv2yqv2rqwhqcweoijalbja33k2u,bafybeiegbviv4zv5vgqw5uss2lxodknv2yqv2rqwhqcweoijalbja33k2u,ok,218199
1521,bafybeigp3occxdbukm3fzidijyv4i5v2fibyb2rjli63y3qtpq26ncikoa,bafybeigp3occxdbukm3fzidijyv4i5v2fibyb2rjli63y3qtpq26ncikoa,ok,155236
1522,bafybeibdmh4edle3lztvda2zynxkx3fuvmidwcbqrbjkrfuu6rptan2pwq,bafybeibdmh4edle3lztvda2zynxkx3fuvmidwcbqrbjkrfuu6rptan2pwq,ok,111290
1523,bafybeihngv3trgzekxonrjvuziweuht3u2euwhrasorh5fkp3gmh6qmcyu,bafybeihngv3trgzekxonrjvuziweuht3u2euwhrasorh5fkp3gmh6qmcyu,ok,222245
1524,bafybeihqhhogqppizhekw2xjskzwh364gv4fezezcr7pnnp665ucl4e3ai,bafybeihqhhogqppizhekw2xjskzwh364gv4fezezcr7pnnp665ucl4e3ai,ok,228967
1525,bafybeicpajbfg25fafri3sq5juino3esfxtyekakrxblaet6b6lsma6fy4,bafybeicpajbfg25fafri3sq5juino3esfxtyekakrxblaet6b6lsma6fy4,ok,177695
1526,bafybeiapgx67vs2bmpllavyvxnz4qrjydquzrogxh3b3liyftlorbtfez4,bafybeiapgx67vs2bmpllavyvxnz4qrjydquzrogxh3b3liyftlorbtfez4,ok,181756
1527,bafybeibnroiuxdkltfatmifq52h23nsgzawjdkmfi4g44p4j5ztcu2rqqm,bafybeibnroiuxdkltfatmifq52h23nsgzawjdkmfi4g44p4j5ztcu2rqqm,ok,138938
1528,bafybeieywn7dzfdwhkx2evwb56lgflj43nuypm3gjv6naru77gnvqrkdla,bafybeieywn7dzfdwhkx2evwb56lgflj43nuypm3gjv6naru77gnvqrkdla,ok,186382
1529,bafybeicbeojrwjuitrxsybfmbc64qz75jt3r3ygeuds2dyadd4emsgvgf4,bafybeicbeojrwjuitrxsybfmbc64qz75jt3r3ygeuds2dyadd4emsgvgf4,ok,162551
1530,bafybeigqrp2tty7df47qwuxrbbf5rpsfxk3wpdd5tzvtu2ql72fmogap7a,bafybeigqrp2tty7df47qwuxrbbf5rpsfxk3wpdd5tzvtu2ql72fmogap7a,ok,152870
1531,bafybeie243xgf72mn5dqsfwmgz7oqixjvo6le5bdcjxysqtxqzmf4c2y24,bafybeie243xgf72mn5dqsfwmgz7oqixjvo6le5bdcjxysqtxqzmf4c2y24,ok,239400
1532,bafybeiboxbhsw24royk4jwkujbnx3jtdjjlsy2graohow6rlwegm45xsoi,bafybeiboxbhsw24royk4jwkujbnx3jtdjjlsy2graohow6rlwegm45xsoi,ok,152388
1533,bafybeiadfi2bedoeghp3h7vzt3vlgw74xqliqzqll5eymeiwqnqdj4zp34,bafybeiadfi2bedoeghp3h7vzt3vlgw74xqliqzqll5eymeiwqnqdj4zp34,ok,171586
1534,bafybeia6pvubckd3avsjlqopmzise5dhgevfrgo6qcmrchkvpbzdab4ufu,bafybeia6pvubckd3avsjlqopmzise5dhgevfrgo6qcmrchkvpbzdab4ufu,ok,211976
1535,bafybeibklyfqpa5z2z3fsgugccia33ret645v3cxovorbi6srhh4mtr5v4,bafybeibklyfqpa5z2z3fsgugccia33ret645v3cxovorbi6srhh4mtr5v4,ok,202481
1536,bafybeie7oo5h2t6q32gbweo2jvd5tm2jggy35ywco2mog2jysh6yzjgz6q,bafybeie7oo5h2t6q32gbweo2jvd5tm2jggy35ywco2mog2jysh6yzjgz6q,ok,153531
1537,bafybeicv7rwj4wbekhbzxemtwkpodia57wyybddiwqbvw5ph3ulj3x4cya,bafybeicv7rwj4wbekhbzxemtwkpodia57wyybddiwqbvw5ph3ulj3x4cya,ok,244290
1538,bafybeidmfefxyxmu74njyuxzjyma4oc4i3fvl7vdt5fcts6r4vxjujemx4,bafybeidmfefxyxmu74njyuxzjyma4oc4i3fvl7vdt5fcts6r4vxjujemx4,ok,177897
1539,bafybeib36kdyxlg2lfr3qfv6je6v442qxpi5qmq75zddkc6nr4d2iq3kse,bafybeib36kdyxlg2lfr3qfv6je6v442qxpi5qmq75zddkc6nr4d2iq3kse,ok,178971
1540,bafybeigkwllnqrilsqd37nkfnl45jkszwhzuvpcmrypqld45sd5h3jw7ce,bafybeigkwllnqrilsqd37nkfnl45jkszwhzuvpcmrypqld45sd5h3jw7ce,ok,220918
1541,bafybeibowldui5rmggd7vng3sfw7ofa442mwlol6f2uapne6xlb3f5htxu,bafybeibowldui5rmggd7vng3sfw7ofa442mwlol6f2uapne6xlb3f5htxu,ok,145496
1542,bafybeihn5575fvmib7vftkoleofic4mw3rbeirnxpmfrkbbhbi5eqphuiu,bafybeihn5575fvmib7vftkoleofic4mw3rbeirnxpmfrkbbhbi5eqphuiu,ok,149341
1543,bafybeic6qpsihp2b23wzebl2bissatnrooc4ajyokfwtrvt5sd4h2aic3u,bafybeic6qpsihp2b23wzebl2bissatnrooc4ajyokfwtrvt5sd4h2aic3u,ok,187750
1544,bafybeicahycb4lxxegsnppiyk4qddqykfvw64ktavu2cm7iwd3ybynz75a,bafybeicahycb4lxxegsnppiyk4qddqykfvw64ktavu2cm7iwd3ybynz75a,ok,250333
1545,bafybeig3lfrsdoi2ddgt6cdyunw3igyrg7gqg45ftk66cautmfqdzahgfm,bafybeig3lfrsdoi2ddgt6cdyunw3igyrg7gqg45ftk66cautmfqdzahgfm,ok,175867
1546,bafybeigopupgekkz6crpkkd7choklrb3d5atzo6z3ffhsmxcbwxhwzsru4,bafybeigopupgekkz6crpkkd7choklrb3d5atzo6z3ffhsmxcbwxhwzsru4,ok,158627
1547,bafybeiedcpbazq224fuz5qkw3foozdy2onotpqkuzo5pzwaarzzhkyqnx4,bafybeiedcpbazq224fuz5qkw3foozdy2onotpqkuzo5pzwaarzzhkyqnx4,ok,191388
1548,bafybeiaoliz3aqejyuihj5q4xohl5ye6feyihjxienp2ysgptkdwesavky,bafybeiaoliz3aqejyuihj5q4xohl5ye6feyihjxienp2ysgptkdwesavky,ok,154600
1549,bafybeiecfcqk4o2mafurf4vat2bvcv5phe3v32n2kkzr2j7jstokdotnky,bafybeiecfcqk4o2mafurf4vat2bvcv5phe3v32n2kkzr2j7jstokdotnky,ok,158385
1550,bafybeih2rx7hnmwyhsdry3l5p5mqpiig7zedmjyz6xlt6draj4avn3o24i,bafybeih2rx7hnmwyhsdry3l5p5mqpiig7zedmjyz6xlt6draj4avn3o24i,ok,211600
1551,bafybeigowgagbvqfgknfr5kusujgdk2cd364n4u5me6hc5mrpmy5sp7gxy,bafybeigowgagbvqfgknfr5kusujgdk2cd364n4u5me6hc5mrpmy5sp7gxy,ok,169383
1552,bafybeicn245zy4rv6d6hmcbnzxqphftwnqd35lxyi6pfkzijogbrdni4vy,bafybeicn245zy4rv6d6hmcbnzxqphftwnqd35lxyi6pfkzijogbrdni4vy,ok,153955
1553,bafybeiehf26e4xeep25lbscu5v7vtphl6mxe2vrshqdcqeej27kgicb6vu,bafybeiehf26e4xeep25lbscu5v7vtphl6mxe2vrshqdcqeej27kgicb6vu,ok,151414
1554,bafybeibiu5hfp66kuvogr6ck7hleon65wzllgvy556glcdl572d2uesgni,bafybeibiu5hfp66kuvogr6ck7hleon65wzllgvy556glcdl572d2uesgni,ok,194474
1555,bafybeibgapx2ljb36r6t654ryjblaocgdsrl5igtzjsirjd7mmej235tiu,bafybeibgapx2ljb36r6t654ryjblaocgdsrl5igtzjsirjd7mmej235tiu,ok,146472
1556,bafybeide3akgv6gj56m5rallt773f3jsjdntjklnjtq5svque3qhbqjpye,bafybeide3akgv6gj56m5rallt773f3jsjdntjklnjtq5svque3qhbqjpye,ok,149157
1557,bafybeielreq2q3jbnzpxqfqspdbff4xw4hkh4fcwspummvzigsf3xf5qma,bafybeielreq2q3jbnzpxqfqspdbff4xw4hkh4fcwspummvzigsf3xf5qma,ok,225201
1558,bafybeifc2fq3l26isxm2bi7n5g5q3xf3nz53ywl4ib6n73es2jy4o6mahm,bafybeifc2fq3l26isxm2bi7n5g5q3xf3nz53ywl4ib6n73es2jy4o6mahm,ok,236784
1559,bafybeictsmi24n4bityuffoay7k5gnx7ddbucmerlzgjuwhwbk5i6ym4du,bafybeictsmi24n4bityuffoay7k5gnx7ddbucmerlzgjuwhwbk5i6ym4du,ok,146050
1560,bafybeid4gncclakr345u3lealvqbtmqozrwf72xevu6mfryile4r4x2bmq,bafybeid4gncclakr345u3lealvqbtmqozrwf72xevu6mfryile4r4x2bmq,ok,172780
1561,bafybeihetrlc3w7o4mpmiwfikwex2v7ainfrcu5gepi6qpv7vpfqlsfbmm,bafybeihetrlc3w7o4mpmiwfikwex2v7ainfrcu5gepi6qpv7vpfqlsfbmm,ok,216526
1562,bafybeiba6r6qgklpadfhrizlbvexv7jzsffs5yqahyp36kz3wtmwa54uua,bafybeiba6r6qgklpadfhrizlbvexv7jzsffs5yqahyp36kz3wtmwa54uua,ok,218414
1563,bafybeicyzzq3s2bqiwizx7yvpahrh7pefl6gg7u3fth3wslgp2k6fiemza,bafybeicyzzq3s2bqiwizx7yvpahrh7pefl6gg7u3fth3wslgp2k6fiemza,ok,182758
1564,bafybeifj2c5jwj65uxer2xzh44xmoqtydlxexvr4cdtarrmzpkck52xymi,bafybeifj2c5jwj65uxer2xzh44xmoqtydlxexvr4cdtarrmzpkck52xymi,ok,192305
1565,bafybeiaqhf63v3hbsyqql7zf4srwucdssswp77ozorqta2orgrvcek2ita,bafybeiaqhf63v3hbsyqql7zf4srwucdssswp77ozorqta2orgrvcek2ita,ok,161646
1566,bafybeid4clmnmpd2xjqloqmhqzpviygyfbjkvjwj4gqcozar3cllnhowgm,bafybeid4clmnmpd2xjqloqmhqzpviygyfbjkvjwj4gqcozar3cllnhowgm,ok,172709
1567,bafybeihehsd4j5ynr2dk3hxazn746kmmwdk5xdgy6ovzebbqcltedse4rq,bafybeihehsd4j5ynr2dk3hxazn746kmmwdk5xdgy6ovzebbqcltedse4rq,ok,140917
1568,bafybeibzmd3vlg3hbkmljjtnsgjy6offmy2rd6oumaug2nscjf7xrz5x6a,bafybeie4s5rg6hvoujtxeaf3wshbpqajam7ul43hm3jukp3ynizwvty5mq,MISMATCH,195919
1569,bafybeibw677mwmmre46iv5uycx55ypkgviz2cydi7ztg2eclv53eb2ebla,bafybeibw677mwmmre46iv5uycx55ypkgviz2cydi7ztg2eclv53eb2ebla,ok,134362
1570,bafybeidm2nqwpy7uitleclwzao5m2bk4noonyc7cxwadvjicy5ei2wyxyq,bafybeidm2nqwpy7uitleclwzao5m2bk4noonyc7cxwadvjicy5ei2wyxyq,ok,274048
1571,bafybeibzgdglrt5camd5n3tpa6idlig4j3dfs3ixsneetfh2n2sbs55yuy,bafybeibzgdglrt5camd5n3tpa6idlig4j3dfs3ixsneetfh2n2sbs55yuy,ok,128014
1572,bafybeib7vobzpjk2tgyrafvrodul2ttak6z2e2ksbz2sysri65iy2dcuha,bafybeib7vobzpjk2tgyrafvrodul2ttak6z2e2ksbz2sysri65iy2dcuha,ok,139792
1573,bafybeibz7shy5nwzucuv6ck2tf77q2dt2cct6vdpmzb2gkgbjvopjalsvm,bafybeibz7shy5nwzucuv6ck2tf77q2dt2cct6vdpmzb2gkgbjvopjalsvm,ok,205811
1574,bafybeiguazndha2w3vqrp37ays34676kgdxshyqzabljrmxi7howpmmc4q,bafybeiguazndha2w3vqrp37ays34676kgdxshyqzabljrmxi7howpmmc4q,ok,202902
1575,bafybeiemde4ab63zz3j23po2n5wzsebpl3gcorz6vclujtjyimrewdetnq,bafybeiemde4ab63zz3j23po2n5wzsebpl3gcorz6vclujtjyimrewdetnq,ok,175662
1576,bafybeiavq7q6kbmhf6chfvbjccemg2ko47nej7kx2niy32wacjjpddk3sa,bafybeiavq7q6kbmhf6chfvbjccemg2ko47nej7kx2niy32wacjjpddk3sa,ok,188945
1577,bafybeiajjqv57ssjpc45nhkaj6ns6uommjxc3inwyi74nhp6ylytca5tsu,bafybeiajjqv57ssjpc45nhkaj6ns6uommjxc3inwyi74nhp6ylytca5tsu,ok,166984
1578,bafybeiamhrcaekjkr7fezc7ggj5rhks5tuyxhfvaa3lui27g3mm6zeuqoy,bafybeiamhrcaekjkr7fezc7ggj5rhks5tuyxhfvaa3lui27g3mm6zeuqoy,ok,224824
1579,bafybeiefawp7exudiiggnuu5wjdlkoukiteyyq5skikds5kr32pj2n2xay,bafybeiefawp7exudiiggnuu5wjdlkoukiteyyq5skikds5kr32pj2n2xay,ok,230450
1580,bafybeia6qbdkiciwcd4hyl4deoj7vx2wqkn253hgjfelreffg6msg3rrmu,bafybeia6qbdkiciwcd4hyl4deoj7vx2wqkn253hgjfelreffg6msg3rrmu,ok,142164
1581,bafybeifopr3oew2h37gzu2epwjbao7zsctyqwoxeyj76vqckko3mssf3y4,bafybeifopr3oew2h37gzu2epwjbao7zsctyqwoxeyj76vqckko3mssf3y4,ok,223780
1582,bafybeigsyibuiy4mss4mo56tqd7xcwu5xu3qudyda6rkk4cfgfnt2w4r74,bafybeigsyibuiy4mss4mo56tqd7xcwu5xu3qudyda6rkk4cfgfnt2w4r74,ok,172812
1583,bafybeideyqi3o7r4dt5tmk5o6ts4vdw2f4yln2zojzpja6ispazvh3fykq,bafybeideyqi3o7r4dt5tmk5o6ts4vdw2f4yln2zojzpja6ispazvh3fykq,ok,138924
1584,bafybeieefbywaktvv3xecnokocqnv5l24wszpxilmdxxxr3tkpx5qlrxaa,bafybeieefbywaktvv3xecnokocqnv5l24wszpxilmdxxxr3tkpx5qlrxaa,ok,143137
1585,bafybeih73pfccbpobkfdcqmypizdc75523snvamdlimsvji6sb5wtmkksq,bafybeih73pfccbpobkfdcqmypizdc75523snvamdlimsvji6sb5wtmkksq,ok,139937
1586,bafybeicetmpoa4flpmohkome4lin24uwqrsaqijkhkyl6fhkaguz32nfgi,bafybeicetmpoa4flpmohkome4lin24uwqrsaqijkhkyl6fhkaguz32nfgi,ok,152402
1587,bafybeicfqenxo367jb4buznucfaapg6jzdjizqtiujbe2njczxpl4a466a,bafybeicfqenxo367jb4buznucfaapg6jzdjizqtiujbe2njczxpl4a466a,ok,131794
1588,bafybeiemqmhdul2cg4i6fqok2nexacwusgdubm2slhv2jqsqp7vijgylp4,bafybeiemqmhdul2cg4i6fqok2nexacwusgdubm2slhv2jqsqp7vijgylp4,ok,284532
1589,bafybeiej3s7hhbsk5hqrik3trtwyss53g7owo5gk6kuwmd5cyp5shc6swu,bafybeiej3s7hhbsk5hqrik3trtwyss53g7owo5gk6kuwmd5cyp5shc6swu,ok,202778
1590,bafybeichx4sejxgmvsxgilgjinx7ykzegqycr3tjj2sh4cpkwt6xphig4u,bafybeichx4sejxgmvsxgilgjinx7ykzegqycr3tjj2sh4cpkwt6xphig4u,ok,167687
1591,bafybeigtcosvvl23qvqbjhp4kyw5wgsfncvudjheww3qjvbm373iih5ik4,bafybeigtcosvvl23qvqbjhp4kyw5wgsfncvudjheww3qjvbm373iih5ik4,ok,144693
1592,bafybeiex3etslzasczyqsmsahy2v254edfokc3s2wyisvfxy44hokmvssi,bafybeiex3etslzasczyqsmsahy2v254edfokc3s2wyisvfxy44hokmvssi,ok,144926
1593,bafybeicuyu33lcctuw2jlztlqbaequiamehu262yirjxco464d5cpjs5ze,bafybeicuyu33lcctuw2jlztlqbaequiamehu262yirjxco464d5cpjs5ze,ok,177802
1594,bafybeia4b6lnvjgyxmkg5gfaturkqhfx4djz5lpsix46epi2abz4g3z6va,bafybeia4b6lnvjgyxmkg5gfaturkqhfx4djz5lpsix46epi2abz4g3z6va,ok,234080
1595,bafybeigpoxioohd2scgk2cghr73rdtbf72p7wmixqd3hm7bqqdwwf4ykxq,bafybeigpoxioohd2scgk2cghr73rdtbf72p7wmixqd3hm7bqqdwwf4ykxq,ok,217688
1596,bafybeihgrznhlopjf5766blt43vfn2kxvezr5icjr3xl445ssrg3qvup6i,bafybeihgrznhlopjf5766blt43vfn2kxvezr5icjr3xl445ssrg3qvup6i,ok,231947
1597,bafybeieadkkndlhfp6ss3emu4x6lwvia7uhyvoycrkycokergyfhvfub6q,bafybeieadkkndlhfp6ss3emu4x6lwvia7uhyvoycrkycokergyfhvfub6q,ok,153763
1598,bafybeiatdehf77lc5sa75ahq6ts3nxyf27t2u5snap66yku7hjwl4ejsai,bafybeiatdehf77lc5sa75ahq6ts3nxyf27t2u5snap66yku7hjwl4ejsai,ok,136576
1599,bafybeicndrqp4yj7uomrz4677yqcqbixzkdoerged3fxosxensavdzatmq,bafybeicndrqp4yj7uomrz4677yqcqbixzkdoerged3fxosxensavdzatmq,ok,169446
1600,bafybeiefds267e3if44fyave3noa34ze5ahwqd6dqr2rr6vmzwwtuqu6ii,bafybeiefds267e3if44fyave3noa34ze5ahwqd6dqr2rr6vmzwwtuqu6ii,ok,215040
1601,bafybeie5gbwme3yogwqle7zdfo3wefbklcrqweiujpr2anszqezhsjduve,bafybeie5gbwme3yogwqle7zdfo3wefbklcrqweiujpr2anszqezhsjduve,ok,127561
1602,bafybeiatmqhsrzqsvray2o6rlfcyhbrm7nudeywiqeum3fgtey4r4jd3cq,bafybeiatmqhsrzqsvray2o6rlfcyhbrm7nudeywiqeum3fgtey4r4jd3cq,ok,226098
1603,bafybeie4yvgo6pi3phtu3owhehfe5xqztz7x65bqsnspx3oejvcyiltdb4,bafybeie4yvgo6pi3phtu3owhehfe5xqztz7x65bqsnspx3oejvcyiltdb4,ok,254086
1604,bafybeifubrla3ss7c224evjhcjttp5z3hl4qlgcwhbkxmh5l5rpqenqnkq,bafybeifubrla3ss7c224evjhcjttp5z3hl4qlgcwhbkxmh5l5rpqenqnkq,ok,238947
1605,bafybeia65klr2yixhza64bwtskeayt4nkdeoapirxn3x4zzeuhdwgkortq,bafybeia65klr2yixhza64bwtskeayt4nkdeoapirxn3x4zzeuhdwgkortq,ok,254438
1606,bafybeiayt5oj76dkcit7h3v7zcs3sfitc3mrknm325rypxnv7isqmkjiga,bafybeiayt5oj76dkcit7h3v7zcs3sfitc3mrknm325rypxnv7isqmkjiga,ok,216292
1607,bafybeiaj6axfbphctxc6shkxkwsknl3vt2ig6anzzdnlwvw6xe6pij4pay,bafybeiaj6axfbphctxc6shkxkwsknl3vt2ig6anzzdnlwvw6xe6pij4pay,ok,182107
1608,bafybeihro53w7r3g3q6emndv5swhce7fmydfajgjyzjdrf7ixb3ir3umyy,bafybeihro53w7r3g3q6emndv5swhce7fmydfajgjyzjdrf7ixb3ir3umyy,ok,187191
1609,bafybeic6vvinaphoynnlj6f2ymmuexe5rsjmlzk6r6fgt7x65s6c3yvbgm,bafybeic6vvinaphoynnlj6f2ymmuexe5rsjmlzk6r6fgt7x65s6c3yvbgm,ok,183700
1610,bafybeibn5woe2wahmzvazrysgdawlrxqbne26memtjw6pa3cva54l4dora,bafybeibn5woe2wahmzvazrysgdawlrxqbne26memtjw6pa3cva54l4dora,ok,271211
1611,bafybeiaglmq65jde4ijhrsib4uestirv343fft7loibodf346o65j26fqu,bafybeiaglmq65jde4ijhrsib4uestirv343fft7loibodf346o65j26fqu,ok,260756
1612,bafybeigy5e3twhab27choai4sdqiekixmzovekwefuvufy5vgxohu3gxty,bafybeigy5e3twhab27choai4sdqiekixmzovekwefuvufy5vgxohu3gxty,ok,237151
1613,bafybeibrxwjuuqlhf375uhjwyhmem4xcx6rj6brxtkix4ddq5kny6h27c4,bafybeibrxwjuuqlhf375uhjwyhmem4xcx6rj6brxtkix4ddq5kny6h27c4,ok,165991
1614,bafybeifbf2strztyvgrcds2hm6avbbwwccb7bz5jdsjtpkpzalaognwkdi,bafybeifbf2strztyvgrcds2hm6avbbwwccb7bz5jdsjtpkpzalaognwkdi,ok,234096
1615,bafybeibnkby3dldhfzj2qiz53shuettvzle45bnmur6x3sykiny27jj4ee,bafybeibnkby3dldhfzj2qiz53shuettvzle45bnmur6x3sykiny27jj4ee,ok,138370
1616,bafybeib2pq6valtxssuooalmlee4rzu5iumwhy2vb6zp6d7iwcap6oh2vy,bafybeib2pq6valtxssuooalmlee4rzu5iumwhy2vb6zp6d7iwcap6oh2vy,ok,135372
1617,bafybeih5nilako7ad5yykewxb5kpmtpnzgat3s4gztjjrifi4k3nzzyy74,bafybeih5nilako7ad5yykewxb5kpmtpnzgat3s4gztjjrifi4k3nzzyy74,ok,151019
1618,bafybeigiggdw4wotitnynvfkmrnz3mrpon7athrxxw44c45vsktjbabe3e,bafybeigiggdw4wotitnynvfkmrnz3mrpon7athrxxw44c45vsktjbabe3e,ok,154922
1619,bafybeidmgmm6txbqfzcuqdn3gwz2uimbuqqbzhrzzsmhuzwk6b77uobgdq,bafybeidmgmm6txbqfzcuqdn3gwz2uimbuqqbzhrzzsmhuzwk6b77uobgdq,ok,236121
1620,bafybeighdgcyexihuduqjbcus6wcrv6lttqbf4u6lm7gwju6lvldoqqok4,bafybeighdgcyexihuduqjbcus6wcrv6lttqbf4u6lm7gwju6lvldoqqok4,ok,167222
1621,bafybeiaunhjgxlwebhdyzq3glc4gqlqlbmbeb4xk7bgjuwkww2lxi5pfva,bafybeiaunhjgxlwebhdyzq3glc4gqlqlbmbeb4xk7bgjuwkww2lxi5pfva,ok,176844
1622,bafybeiafm5biaooi5at3kxdwtza7oxgoee6mfgaw7sdichnxepfpuazrka,bafybeiafm5biaooi5at3kxdwtza7oxgoee6mfgaw7sdichnxepfpuazrka,ok,214120
1623,bafybeibq5jmenlxepmmzitx7jzvsf72csgcm5nu6hxfvm5oi6apa35bla4,bafybeibq5jmenlxepmmzitx7jzvsf72csgcm5nu6hxfvm5oi6apa35bla4,ok,185651
1624,bafybeiaatmkfgvcutnfyl7x5jcqsrkd75f7jj5juno55gsrddnuusnbkqy,bafybeiaatmkfgvcutnfyl7x5jcqsrkd75f7jj5juno55gsrddnuusnbkqy,ok,224005
1625,bafybeihi3wbc2r3aggef7owgusyziwn4a2tkg4hz32anex5dqh7batvytm,bafybeihi3wbc2r3aggef7owgusyziwn4a2tkg4hz32anex5dqh7batvytm,ok,246186
1626,bafybeiau5fdi4a3jax57xishiihhoovdrsycnko4vd3e2ut5gkqzcxapyy,bafybeiau5fdi4a3jax57xishiihhoovdrsycnko4vd3e2ut5gkqzcxapyy,ok,151544
1627,bafybeiahgvdven4m6suvx4fjpm4uydbdsd2fbjzq2pnkzmbzwtowxvdw7i,bafybeiahgvdven4m6suvx4fjpm4uydbdsd2fbjzq2pnkzmbzwtowxvdw7i,ok,205046
1628,bafybeibxkjl32omfxiyjeuwdcfmxr7gl564lvsw7oxquckspwf4yi6qqci,bafybeibxkjl32omfxiyjeuwdcfmxr7gl564lvsw7oxquckspwf4yi6qqci,ok,156674
1629,bafybeib6gq35g3hmssdcxefwhdkkcrhp7463ap245jfupyow25xa3swpwq,bafybeib6gq35g3hmssdcxefwhdkkcrhp7463ap245jfupyow25xa3swpwq,ok,175429
1630,bafybeicms7argq765dcu6jrqrzazl5k6uqvk77oxj772un3uydwnn3upm4,bafybeicms7argq765dcu6jrqrzazl5k6uqvk77oxj772un3uydwnn3upm4,ok,227083
1631,bafybeiezlvhmhgrn6h66xvymktc2ao6pbcptshgoz2hsl6xp5fila3uspy,bafybeiezlvhmhgrn6h66xvymktc2ao6pbcptshgoz2hsl6xp5fila3uspy,ok,253486
1632,bafybeidayu2q3ihztke4hlnyca3vseymw6khnrk26mxcrm4vm7sm7lqgqq,bafybeidayu2q3ihztke4hlnyca3vseymw6khnrk26mxcrm4vm7sm7lqgqq,ok,154718
1633,bafybeihlfoql4vyiyfb5lmtssqdj47oa7glfbiobctavhuesbidf4kytha,bafybeihlfoql4vyiyfb5lmtssqdj47oa7glfbiobctavhuesbidf4kytha,ok,208656
1634,bafybeig57n7o4c7kb6antoysahgqniklwdkatpzk7dkml5rngbiv242efq,bafybeig57n7o4c7kb6antoysahgqniklwdkatpzk7dkml5rngbiv242efq,ok,238819
1635,bafybeicz6whghg6o2ow2slreqkds5tt6rlhf5a2qskkrwcumdnnvle7asu,bafybeicz6whghg6o2ow2slreqkds5tt6rlhf5a2qskkrwcumdnnvle7asu,ok,150286
1636,bafybeidsby6rnaavogghqj23rs25lmuwvo5kheokgn3flrad6vfove53hu,bafybeidsby6rnaavogghqj23rs25lmuwvo5kheokgn3flrad6vfove53hu,ok,234050
1637,bafybeiczlxnrovnswi6ogteg4oh2yqyzzhkl5rfqhfk4ibenrfsetof4qa,bafybeiczlxnrovnswi6ogteg4oh2yqyzzhkl5rfqhfk4ibenrfsetof4qa,ok,209730
1638,bafybeidelrzkmr6of3ku53dbozehn65uepex26ta5rudss5x3fyxjsxy7a,bafybeidelrzkmr6of3ku53dbozehn65uepex26ta5rudss5x3fyxjsxy7a,ok,134049
1639,bafybeif4aqwxscbda6cbsjr2qpeyynmv7oorqfi7gtaso5vhhxhhr2nqqi,bafybeif4aqwxscbda6cbsjr2qpeyynmv7oorqfi7gtaso5vhhxhhr2nqqi,ok,226241
1640,bafybeihzpdtevnndajo4k7gerqr3ivtpai2hxufria2tvigzpyisohvz6m,bafybeihzpdtevnndajo4k7gerqr3ivtpai2hxufria2tvigzpyisohvz6m,ok,233372
1641,bafybeiee5isdaioiipsup4porcgnop2qvy5u7aawehnnu2jvcjynb44stq,bafybeiee5isdaioiipsup4porcgnop2qvy5u7aawehnnu2jvcjynb44stq,ok,246678
1642,bafybeigsyuy5atr2hehbwwjewiqu5xvdpjdyek37rw7g4etpwuc65obkoq,bafybeigsyuy5atr2hehbwwjewiqu5xvdpjdyek37rw7g4etpwuc65obkoq,ok,222172
1643,bafybeif64ol2wlgtrqc6uvkgifhuxueiu5wi7k7lcb47ubkzwiltwy4rk4,bafybeif64ol2wlgtrqc6uvkgifhuxueiu5wi7k7lcb47ubkzwiltwy4rk4,ok,174389
1644,bafybeifftiznneelvdjth2h4lh3fchpe2fm2g7wfz7lkc3w53tpacu5slm,bafybeifftiznneelvdjth2h4lh3fchpe2fm2g7wfz7lkc3w53tpacu5slm,ok,139512
1645,bafybeiemmf7cqs34d2upevppoclg6lxfvodswjmsrpfu4vs6ztfvllxa2a,bafybeiemmf7cqs34d2upevppoclg6lxfvodswjmsrpfu4vs6ztfvllxa2a,ok,185600
1646,bafybeiej2tbilrsws6mp65nqmlixzt7shs6roddpjego6o37wnbu4nwlea,bafybeiej2tbilrsws6mp65nqmlixzt7shs6roddpjego6o37wnbu4nwlea,ok,243024
1647,bafybeidaubzkvorpzx6dxoo7ftv2bvzmjy2rh676pj2rlsdp7r3v7ktevq,bafybeidaubzkvorpzx6dxoo7ftv2bvzmjy2rh676pj2rlsdp7r3v7ktevq,ok,140648
1648,bafybeiangthlbrwe326qbg7tmstm6kadzoz25mlz4x7d776fvix7mb534e,bafybeiangthlbrwe326qbg7tmstm6kadzoz25mlz4x7d776fvix7mb534e,ok,211092
1649,bafybeicbpfouyhvnmzsczcndeuc6k3zsxdvmyb7ak24m5pmly4ydef4e7m,bafybeicbpfouyhvnmzsczcndeuc6k3zsxdvmyb7ak24m5pmly4ydef4e7m,ok,160632
1650,bafybeihdq3oj6rw5xuefuxnnusf5wcji3kwvttu7jyynwqnmdz7pdrfote,bafybeihdq3oj6rw5xuefuxnnusf5wcji3kwvttu7jyynwqnmdz7pdrfote,ok,165410
1651,bafybeiekxt6suu56sy7wuys6l7eftntxe3uad5gxu6uhf4aw3mwavea3tq,bafybeiekxt6suu56sy7wuys6l7eftntxe3uad5gxu6uhf4aw3mwavea3tq,ok,178112
1652,bafybeifz4biigm3clicu62r3jqjveb4kj2qeg63kneoeu3a4wvabvpviim,bafybeifz4biigm3clicu62r3jqjveb4kj2qeg63kneoeu3a4wvabvpviim,ok,227246
1653,bafybeihx2htj7wyh6wf64nxxoumsrvp6uxa5fzdonww3werj4ystfjkhkq,bafybeihx2htj7wyh6wf64nxxoumsrvp6uxa5fzdonww3werj4ystfjkhkq,ok,181466
1654,bafybeieur6ezi7yqxbfn2ala5itvnn236gozpwup7samfq2zq2idfdrvjm,bafybeieur6ezi7yqxbfn2ala5itvnn236gozpwup7samfq2zq2idfdrvjm,ok,196460
1655,bafybeif7wsktyzglte4nlndrnooozwmfzpoi464l63d7hhsyedpg4q2e4y,bafybeif7wsktyzglte4nlndrnooozwmfzpoi464l63d7hhsyedpg4q2e4y,ok,130526
1656,bafybeiduvwtkcc273q3mxppbpoejdchilnqm5bra3cu2x6spjtut4ad6ze,bafybeiduvwtkcc273q3mxppbpoejdchilnqm5bra3cu2x6spjtut4ad6ze,ok,195313
1657,bafybeihvtkmk2pprhvjtzqbj23wzp443n336jjh7wfy7cnpvej2hcvjyzq,bafybeihvtkmk2pprhvjtzqbj23wzp443n336jjh7wfy7cnpvej2hcvjyzq,ok,148269
1658,bafybeifoh56s65fb2aycvnfax4taap3qv3npsatzz6ybeb7hsx5he4os6m,bafybeifoh56s65fb2aycvnfax4taap3qv3npsatzz6ybeb7hsx5he4os6m,ok,143733
1659,bafybeia2khspdaihl6bvpxv2mripxwevmea2tyr6ccde7c4hql6e25fsji,bafybeia2khspdaihl6bvpxv2mripxwevmea2tyr6ccde7c4hql6e25fsji,ok,202790
1660,bafybeidpggmo45xd5cmzighg5uo6tud26zzlr7jmakgg7hvjueqs5ggwqi,bafybeidpggmo45xd5cmzighg5uo6tud26zzlr7jmakgg7hvjueqs5ggwqi,ok,128683
1661,bafybeibkmegkasckibmepz5xixycdzjdjgdkpxjzstzywvxyssutnds7ku,bafybeibkmegkasckibmepz5xixycdzjdjgdkpxjzstzywvxyssutnds7ku,ok,207801
1662,bafybeifa6xychphitujcricy47wzlci3lmft5ifpe2sfp6tu7frr55zweu,bafybeifa6xychphitujcricy47wzlci3lmft5ifpe2sfp6tu7frr55zweu,ok,194100
1663,bafybeientgemxbhvsmvairtew62unobgrmpxiomhk3qse3hkyg4nm4ir4m,bafybeientgemxbhvsmvairtew62unobgrmpxiomhk3qse3hkyg4nm4ir4m,ok,237556
1664,bafybeihgknzn6qr5nfssxycxcof4iotaggp3usjwythylygo6l3eteb7nq,bafybeihgknzn6qr5nfssxycxcof4iotaggp3usjwythylygo6l3eteb7nq,ok,129414
1665,bafybeih4egqxf4kpybffu3ybd3vkzjt2oo4didgb4um657qnvhfwq2k4zm,bafybeih4egqxf4kpybffu3ybd3vkzjt2oo4didgb4um657qnvhfwq2k4zm,ok,149714
1666,bafybeiesyluzris7w3igpdcgjg7xhoevh7wlicuitl3pr2jcralvbwpybq,bafybeiesyluzris7w3igpdcgjg7xhoevh7wlicuitl3pr2jcralvbwpybq,ok,202426
1667,bafybeifmkoi35p5tbsmr7yuvnosjcvf53f5xgimg2ve7j6lpn76ejbqo7u,bafybeifmkoi35p5tbsmr7yuvnosjcvf53f5xgimg2ve7j6lpn76ejbqo7u,ok,269290
1668,bafybeiacwvilchbne2tr3nof3zb4hrr2vr7medpeg7vorjoganwzjk2nue,bafybeiacwvilchbne2tr3nof3zb4hrr2vr7medpeg7vorjoganwzjk2nue,ok,159326
1669,bafybeih4z4hxzzbtluga47w3zrbfy5e5egpfq7typaryt6vnfajjkyhltq,bafybeih4z4hxzzbtluga47w3zrbfy5e5egpfq7typaryt6vnfajjkyhltq,ok,225512
1670,bafybeigqogopncgvv7hjntpesq44iy4hdr3nagagq7goew3cw67fvpetkq,bafybeigqogopncgvv7hjntpesq44iy4hdr3nagagq7goew3cw67fvpetkq,ok,233516
1671,bafybeif2vrtkcgge4m32qs2bktob4msdotycp57e2okqaikhtv3f3q7xhe,bafybeif2vrtkcgge4m32qs2bktob4msdotycp57e2okqaikhtv3f3q7xhe,ok,225915
1672,bafybeihuqs7dpupazw3h72ersgizid5khulggexglaxz22cc5dclpojk7u,bafybeihuqs7dpupazw3h72ersgizid5khulggexglaxz22cc5dclpojk7u,ok,159102
1673,bafybeidt37qc2gdrj2a3uxhd2fp52snle3y5btlmhkj7zi3bjuqgihyzjq,bafybeidt37qc2gdrj2a3uxhd2fp52snle3y5btlmhkj7zi3bjuqgihyzjq,ok,269194
1674,bafybeic7kmw5qucfpppsl5quy52jk4mj5epsgzdue7pgzdfpf24gs2ws5u,bafybeic7kmw5qucfpppsl5quy52jk4mj5epsgzdue7pgzdfpf24gs2ws5u,ok,222836
1675,bafybeibisn4cd6olta562tik5bvsmeisojud6fugqdpkxzpkljfslhhs4a,bafybeibisn4cd6olta562tik5bvsmeisojud6fugqdpkxzpkljfslhhs4a,ok,228247
1676,bafybeienweeu6vwqlpw6q2pcnypabqjfxf4gibh4rvl2swxw72kgaqk73a,bafybeienweeu6vwqlpw6q2pcnypabqjfxf4gibh4rvl2swxw72kgaqk73a,ok,197024
1677,bafybeif7xdfi5crynlbbqe4bkiuqn4znwclwncqvxvgepwsr22a4w34boi,bafybeif7xdfi5crynlbbqe4bkiuqn4znwclwncqvxvgepwsr22a4w34boi,ok,221810
1678,bafybeifoikgax3b4vlr4ubjgrty2n72h6pj3kdkhabf5trsfm4y4ia5awm,bafybeifoikgax3b4vlr4ubjgrty2n72h6pj3kdkhabf5trsfm4y4ia5awm,ok,171093
1679,bafybeiakjh7kk5hsufcguev4ktaz5sjra64upjfmvec2f5f36sygg6uta4,bafybeiakjh7kk5hsufcguev4ktaz5sjra64upjfmvec2f5f36sygg6uta4,ok,232061
1680,bafybeia2ltduacm4d43jyc2yuuo5ahjdqc6uddbtsezhpwrc6zux2b5btm,bafybeia2ltduacm4d43jyc2yuuo5ahjdqc6uddbtsezhpwrc6zux2b5btm,ok,134446
1681,bafybeih7gr7nzdztapq56htkmusfj5mlj6ijpoepb677zcnsdrheytvpoa,bafybeih7gr7nzdztapq56htkmusfj5mlj6ijpoepb677zcnsdrheytvpoa,ok,179668
1682,bafybeifyv4szyumr4q2w6y4mtduiafyobz26fzzle465rk7csg4p6ifip4,bafybeifyv4szyumr4q2w6y4mtduiafyobz26fzzle465rk7csg4p6ifip4,ok,122192
1683,bafybeic4rnv4vcw66fcro4454psrgieomlzlk4l5c7hoatbjyhxpynf7eq,bafybeic4rnv4vcw66fcro4454psrgieomlzlk4l5c7hoatbjyhxpynf7eq,ok,150906
1684,bafybeidvkvxclxsgxdxoky7fhe4d4tmjnj2y6wizh34xvwewoop44a2svm,bafybeidvkvxclxsgxdxoky7fhe4d4tmjnj2y6wizh34xvwewoop44a2svm,ok,142809
1685,bafybeidik35lbj4ayt5wmk66b7dyqdhs45i37ne4eipxtuxap25jcmr5xe,bafybeidik35lbj4ayt5wmk66b7dyqdhs45i37ne4eipxtuxap25jcmr5xe,ok,188346
1686,bafybeialmdqzvexzpebuqqnsbegnvlg2lmaotg4mprfvoitgn7k2rnpusu,bafybeialmdqzvexzpebuqqnsbegnvlg2lmaotg4mprfvoitgn7k2rnpusu,ok,200201
1687,bafybeihihzhmfhx5q7wxss4oicka6p5du2pek34miqslwz46iw6cmhde2i,bafybeihihzhmfhx5q7wxss4oicka6p5du2pek34miqslwz46iw6cmhde2i,ok,205075
1688,bafybeicr3z4kiiuzv56tpm47lbg54tdwalki3hsztoosphxiuxvx5zylum,bafybeicr3z4kiiuzv56tpm47lbg54tdwalki3hsztoosphxiuxvx5zylum,ok,231396
1689,bafybeiff43c65vrwni3izpxzs65yqxeexo3lwe2lbt33lmkcp3pebkib5q,bafybeiff43c65vrwni3izpxzs65yqxeexo3lwe2lbt33lmkcp3pebkib5q,ok,135448
1690,bafybeigtj6mipz235xgrhxwvxl4ng7ec5uc66f5xg5xfrbfveoyedzxx2m,bafybeigtj6mipz235xgrhxwvxl4ng7ec5uc66f5xg5xfrbfveoyedzxx2m,ok,214988
1691,bafybeieoyzmmqdxwnvr25lofxbvkgujgu5kndw6vvqftjqp3l626z3rufm,bafybeieoyzmmqdxwnvr25lofxbvkgujgu5kndw6vvqftjqp3l626z3rufm,ok,188108
1692,bafybeig4jubg2wzmfwnz6a3ayw43iy72aoluo7oyrvou5mocb6f3zdrage,bafybeig4jubg2wzmfwnz6a3ayw43iy72aoluo7oyrvou5mocb6f3zdrage,ok,221976
1693,bafybeiev3yyooffb777nbqodnciwv4qzzgrietkxqn5wa4wbhgu53c4c44,bafybeiev3yyooffb777nbqodnciwv4qzzgrietkxqn5wa4wbhgu53c4c44,ok,229306
1694,bafybeieudfqxq3yd4l555rjwmyxabrnqiyojn7i22xr7olcvhyqyinz2oe,bafybeieudfqxq3yd4l555rjwmyxabrnqiyojn7i22xr7olcvhyqyinz2oe,ok,272170
1695,bafybeig3hhinadm3x4svl3q5fcco5tgj44m3wa6lu5kdbn6jq2xmnnfmzu,bafybeig3hhinadm3x4svl3q5fcco5tgj44m3wa6lu5kdbn6jq2xmnnfmzu,ok,167434
1696,bafybeih62773kyohibnapyzumnfqqzuxqv2u4xyh6assoqpjhulflcllge,bafybeih62773kyohibnapyzumnfqqzuxqv2u4xyh6assoqpjhulflcllge,ok,155698
1697,bafybeibnoflclgfdykp5oq5alnbc23jpjcmu36iljhua5b2qgeewd2rpti,bafybeibnoflclgfdykp5oq5alnbc23jpjcmu36iljhua5b2qgeewd2rpti,ok,224180
1698,bafybeibbk5vbylss2ba6hv6cjidvmpgspyyr7ifhnfwydekzoyjgquzndy,bafybeibbk5vbylss2ba6hv6cjidvmpgspyyr7ifhnfwydekzoyjgquzndy,ok,218966
1699,bafybeigkysmt3qj7sre2c5scasj6fp2u3bbd5xhzyqurgdfuxtmw6dvepq,bafybeigkysmt3qj7sre2c5scasj6fp2u3bbd5xhzyqurgdfuxtmw6dvepq,ok,150324
1700,bafybeiecay2vr2bmau6fwsmab27r6dylmctrjhasy535ea7spgy4wtadgq,bafybeiecay2vr2bmau6fwsmab27r6dylmctrjhasy535ea7spgy4wtadgq,ok,196580
1701,bafybeiahp2ufywi66wgidmi3dti4xg22skwfzsfgs54ehjyhgwiqumnxai,bafybeiahp2ufywi66wgidmi3dti4xg22skwfzsfgs54ehjyhgwiqumnxai,ok,177937
1702,bafybeidb4ivvs2gy7btv67wcgx3f4bkjomir7t4z5fuleiyfj4btoq6e4y,bafybeidb4ivvs2gy7btv67wcgx3f4bkjomir7t4z5fuleiyfj4btoq6e4y,ok,197862
1703,bafybeiakddjkssmnezkhheqemvpgqv36bukc3tiavuf2s4y2ylxzzowc74,bafybeiakddjkssmnezkhheqemvpgqv36bukc3tiavuf2s4y2ylxzzowc74,ok,124221
1704,bafybeibqeq2enwb2teh76qfulf4mhmg4v6u4oysehdmgsmkfowx5nq62by,bafybeibqeq2enwb2teh76qfulf4mhmg4v6u4oysehdmgsmkfowx5nq62by,ok,190639
1705,bafybeignxg7zvl2ylx2na2fe3bn3vdlx47tclcn2kanpt4hkwnc4ggd4ya,bafybeignxg7zvl2ylx2na2fe3bn3vdlx47tclcn2kanpt4hkwnc4ggd4ya,ok,157862
1706,bafybeigw2qb6qzckey7lvrwb47bezstatmzsiksuqe56raabxwnksz2nwa,bafybeigw2qb6qzckey7lvrwb47bezstatmzsiksuqe56raabxwnksz2nwa,ok,172407
1707,bafybeiaiiqbauugjbnwyx3kwzjkzqw3ohx3msnjr7nshkfedwehmxp4xxu,bafybeiaiiqbauugjbnwyx3kwzjkzqw3ohx3msnjr7nshkfedwehmxp4xxu,ok,128556
1708,bafybeigkmbv4jl3lkmlhoqsec6sjytfyrgczjw3uglxt73sx37zlydv3mm,bafybeigkmbv4jl3lkmlhoqsec6sjytfyrgczjw3uglxt73sx37zlydv3mm,ok,132709
1709,bafybeic22ol33c6aoqpcx4uwrertcuun4ebnscpjz3dyxllkzfum4lqbku,bafybeic22ol33c6aoqpcx4uwrertcuun4ebnscpjz3dyxllkzfum4lqbku,ok,237147
1710,bafybeigpm6vpxwefz2bsxbkq3yo4gp3zbgkkstfpp2ggjmpwg2esfqe63m,bafybeigpm6vpxwefz2bsxbkq3yo4gp3zbgkkstfpp2ggjmpwg2esfqe63m,ok,139516
1711,bafybeic7rjh7z3ijpsabl2pcgnx5hqyvy3t3xqbihn2vw4lo25xbq3uaaq,bafybeic7rjh7z3ijpsabl2pcgnx5hqyvy3t3xqbihn2vw4lo25xbq3uaaq,ok,203556
1712,bafybeia3fvp6weg7xg5ntvnyjajf4u4idxamjbuuwybietic5mqeuh3mii,bafybeia3fvp6weg7xg5ntvnyjajf4u4idxamjbuuwybietic5mqeuh3mii,ok,204544
1713,bafybeiad5ooj6x56eh3tbbqdud4pfnwcpasifcnszk3juq3h57mvqtq42u,bafybeiad5ooj6x56eh3tbbqdud4pfnwcpasifcnszk3juq3h57mvqtq42u,ok,242082
1714,bafybeigjnzn3oe4xcyzymbl7rklmgzep2anc2tg7ud6o7j3mc5h3pw2l4q,bafybeigjnzn3oe4xcyzymbl7rklmgzep2anc2tg7ud6o7j3mc5h3pw2l4q,ok,187347
1715,bafybeifop55vdez3a73t5hkr5vnd2dovggspxq4cd66yskekbs5icgr3bm,bafybeifop55vdez3a73t5hkr5vnd2dovggspxq4cd66yskekbs5icgr3bm,ok,141061
1716,bafybeihd65dcdmioq43lukfs2fwqbfzoqswzz5kouaugg7vxl3im6lymda,bafybeihd65dcdmioq43lukfs2fwqbfzoqswzz5kouaugg7vxl3im6lymda,ok,170945
1717,bafybeifmoej3nweqqoor4hxyb6my7m6yys43flo4tzvsxkwc27whp54vdq,bafybeifmoej3nweqqoor4hxyb6my7m6yys43flo4tzvsxkwc27whp54vdq,ok,236236
1718,bafybeic2uqxcukgobrllzk4q65ogcof4j5gtwgd5gsfywiokzexmpou2hy,bafybeic2uqxcukgobrllzk4q65ogcof4j5gtwgd5gsfywiokzexmpou2hy,ok,204264
1719,bafybeier6r5cydhniq3uvemdbebnhrmvdnzrwokaads2mhthdyw53l3ns4,bafybeier6r5cydhniq3uvemdbebnhrmvdnzrwokaads2mhthdyw53l3ns4,ok,263128
1720,bafybeicd3ju4g7jbi7z5bopszlbvue26pqky6fy4xtvshmc2b5t5p76dbq,bafybeicd3ju4g7jbi7z5bopszlbvue26pqky6fy4xtvshmc2b5t5p76dbq,ok,233965
1721,bafybeidb5azc3mtopnfphgict2k4ymbiuj5zdcu5kaht3vktmpemqfzf5q,bafybeidb5azc3mtopnfphgict2k4ymbiuj5zdcu5kaht3vktmpemqfzf5q,ok,177924
1722,bafybeiapih7gcyxtplpuwepum5gsq6klljt3mc3s5cnulzyxvurb6tkjbe,bafybeiapih7gcyxtplpuwepum5gsq6klljt3mc3s5cnulzyxvurb6tkjbe,ok,138057
1723,bafybeielf3c4yn5iawq5ccove7i4sqrpuf6me3ujtse7gbpvqcrm3y2qaq,bafybeielf3c4yn5iawq5ccove7i4sqrpuf6me3ujtse7gbpvqcrm3y2qaq,ok,209215
1724,bafybeicndwylk44zijpg3k7fww26angt4cdewi26wjyxjexdmaiabvozx4,bafybeicndwylk44zijpg3k7fww26angt4cdewi26wjyxjexdmaiabvozx4,ok,185424
1725,bafybeiaaqfsedrkojk6pce3hdf6w6gerx7jx2krrkczkoml6q2nuv47eb4,bafybeiaaqfsedrkojk6pce3hdf6w6gerx7jx2krrkczkoml6q2nuv47eb4,ok,154808
1726,bafybeic6hy4fwc7yx6oadtytl2zde2rqpqrhfhcdgmsbfsxms4rjtwhlg4,bafybeic6hy4fwc7yx6oadtytl2zde2rqpqrhfhcdgmsbfsxms4rjtwhlg4,ok,164188
1727,bafybeibyifozicolssrr5mzdgnahxdg7q4cvxl6kmgtol4l6wfirwqnnni,bafybeibyifozicolssrr5mzdgnahxdg7q4cvxl6kmgtol4l6wfirwqnnni,ok,149832
1728,bafybeigxqsjagtzscma5q2o3uts5bkioeppq3hsnkp2keduxttu55xpwyy,bafybeigxqsjagtzscma5q2o3uts5bkioeppq3hsnkp2keduxttu55xpwyy,ok,159921
1729,bafybeidvk7bqnadv6mijvn3jr4d4mas5qzorsorfvrxjtbkxhfgfwtrqti,bafybeidvk7bqnadv6mijvn3jr4d4mas5qzorsorfvrxjtbkxhfgfwtrqti,ok,170114
1730,bafybeigwjckx7detlx4nvigeio43qi5ywfd2epdosanhpzcicyjuwbwlsy,bafybeigwjckx7detlx4nvigeio43qi5ywfd2epdosanhpzcicyjuwbwlsy,ok,218843
1731,bafybeiatk4pnkftmkt7js34fmgkqljyqf6gmutsw2ziwnez7fyrc5hgcmm,bafybeiatk4pnkftmkt7js34fmgkqljyqf6gmutsw2ziwnez7fyrc5hgcmm,ok,215933
1732,bafybeigtw3ilxb2zgvz5rt7xklos3cavskdd2tqqvfxwkio2r7fw3l2ofu,bafybeigtw3ilxb2zgvz5rt7xklos3cavskdd2tqqvfxwkio2r7fw3l2ofu,ok,196932
1733,bafybeidfz44gl5kf63vhvhxgrb62o2v2almuwo6emhdxka35tnpl77fthq,bafybeidfz44gl5kf63vhvhxgrb62o2v2almuwo6emhdxka35tnpl77fthq,ok,212593
1734,bafybeifrmgkropnzfy4smptx4sbvtboh6pvjl5bfenjsd6nxx4xqmiojdq,bafybeifrmgkropnzfy4smptx4sbvtboh6pvjl5bfenjsd6nxx4xqmiojdq,ok,153090
1735,bafybeieljlblotcj3i5fgizrlaglsl2xiquml65jyemfmlfckdoagv3mra,bafybeieljlblotcj3i5fgizrlaglsl2xiquml65jyemfmlfckdoagv3mra,ok,190614
1736,bafybeifatzixytlcms5ewitsyyo4iycs33b7hmfgz37pfxjj47uuwuzgkm,bafybeifatzixytlcms5ewitsyyo4iycs33b7hmfgz37pfxjj47uuwuzgkm,ok,251582
1737,bafybeihnuiqrodcuvlq3tmqmrnkpccjlevwjdhklkai5oiyb7scbk6gnee,bafybeihnuiqrodcuvlq3tmqmrnkpccjlevwjdhklkai5oiyb7scbk6gnee,ok,109482
1738,bafybeihgpsspc4zdliltgsui3j3gzlnynejklpbxd52exvba53iik2oe6m,bafybeihgpsspc4zdliltgsui3j3gzlnynejklpbxd52exvba53iik2oe6m,ok,146877
1739,bafybeial3m5nixzmwocwvz46owxlmkfbbguijntcnzlsowofumaqjnycti,bafybeial3m5nixzmwocwvz46owxlmkfbbguijntcnzlsowofumaqjnycti,ok,143506
1740,bafybeihjxlyt6xijkdanleavmnjd3aujdrjouatca5vdwmutb3qct2fa7q,bafybeihjxlyt6xijkdanleavmnjd3aujdrjouatca5vdwmutb3qct2fa7q,ok,215954
1741,bafybeigmj6mr3aabjkaotpjaxusi46dhgb2gkrihqznlaomx2teoapkuwm,bafybeigmj6mr3aabjkaotpjaxusi46dhgb2gkrihqznlaomx2teoapkuwm,ok,214947
1742,bafybeibsnwe62d2n46zi2l2rlm4kwp6e2s66dsnaylrujru3sfq26jt62e,bafybeibsnwe62d2n46zi2l2rlm4kwp6e2s66dsnaylrujru3sfq26jt62e,ok,147640
1743,bafybeiaoaimed76psdz2yez5tdmca5xp7bqd6gwgseq6qkfrnnra222zjy,bafybeiaoaimed76psdz2yez5tdmca5xp7bqd6gwgseq6qkfrnnra222zjy,ok,261453
1744,bafybeifw26dj3yj6zsfpueddffke7rt3eaeonb423gydutbj5rbqfso52a,bafybeifw26dj3yj6zsfpueddffke7rt3eaeonb423gydutbj5rbqfso52a,ok,205609
1745,bafybeicjmcnygrk3pdb63kqdaaug3rn6arsez74hm3y33fewrjedsrkn4i,bafybeicjmcnygrk3pdb63kqdaaug3rn6arsez74hm3y33fewrjedsrkn4i,ok,191100
1746,bafybeigajurhpz4gsapg7hz4ltjwrnyp5qidu2dextvj54mxnzgjnfto7a,bafybeiddb4pynjffmdlnoduomhwiqhq6pmxirogpo7oifoekixc7acupfa,MISMATCH,184088
1747,bafybeifuounlnqtl7l7nrvsjefldjxl4ebizj7c33t22huje63j43y4rg4,bafybeifuounlnqtl7l7nrvsjefldjxl4ebizj7c33t22huje63j43y4rg4,ok,248414
1748,bafybeib5tpfrzy67pbyojtd5rayruqlgsprivmyjxmkn2vejfcqs3ouwte,bafybeib5tpfrzy67pbyojtd5rayruqlgsprivmyjxmkn2vejfcqs3ouwte,ok,188077
1749,bafybeiavd7yjmrfh76cfdtmievbmam6asegoz7lb2cmrz4xlr37tjr33aq,bafybeiavd7yjmrfh76cfdtmievbmam6asegoz7lb2cmrz4xlr37tjr33aq,ok,220892
1750,bafybeielpmpjpcnlnjgqlzpm5d7tza2pyq44tc4p7ywwbqmftyhlg6pgbm,bafybeielpmpjpcnlnjgqlzpm5d7tza2pyq44tc4p7ywwbqmftyhlg6pgbm,ok,123638
1751,bafybeie76cvqgzb4mzqnp7zvrmox7aqexrkikdbdnt367ik4iwua7mjyvq,bafybeie76cvqgzb4mzqnp7zvrmox7aqexrkikdbdnt367ik4iwua7mjyvq,ok,140005
1752,bafybeigjtj77rmzk7hjted3zehhiwzf7jpqaimbmkt5sblrbrrhtdxhjta,bafybeigjtj77rmzk7hjted3zehhiwzf7jpqaimbmkt5sblrbrrhtdxhjta,ok,137224
1753,bafybeiaj2tonmxchxr6fh3djvfsjmx3gjrzquvrgxdapevg6fg7yj4ccci,bafybeiaj2tonmxchxr6fh3djvfsjmx3gjrzquvrgxdapevg6fg7yj4ccci,ok,120723
1754,bafybeihi2ssh22o3xjwhlcmywmuzex4g5qhhptttgiiwxt5tzmryh7bmxm,bafybeihi2ssh22o3xjwhlcmywmuzex4g5qhhptttgiiwxt5tzmryh7bmxm,ok,137604
1755,bafybeianrwnmljdqv3uhubtpfjokiwnkbodkts2ystxrd43qvjt2rb53gq,bafybeianrwnmljdqv3uhubtpfjokiwnkbodkts2ystxrd43qvjt2rb53gq,ok,267156
1756,bafybeie2sfyf6skbwzy46neuf5kuyrr3k4zpdnlmipoepedsmrb7lerirm,bafybeie2sfyf6skbwzy46neuf5kuyrr3k4zpdnlmipoepedsmrb7lerirm,ok,214693
1757,bafybeihd454ysdvj7rbkzsgqrt5wpx6vhumf75yx73csyreggtbeqhhivi,bafybeihd454ysdvj7rbkzsgqrt5wpx6vhumf75yx73csyreggtbeqhhivi,ok,187829
1758,bafybeiffrinu3ph7cinsrq32d2r4r6v5m4lqj3swbro4gamhocpwx6yx7e,bafybeiffrinu3ph7cinsrq32d2r4r6v5m4lqj3swbro4gamhocpwx6yx7e,ok,137213
1759,bafybeigfrw7snne5fo6zv3rh5zymxh5mtyzymdiaonxxfzl5undmbw3nxu,bafybeigfrw7snne5fo6zv3rh5zymxh5mtyzymdiaonxxfzl5undmbw3nxu,ok,145097
1760,bafybeieflperupo72islmrhchsn4c3gysbgcdv3iqmeiihy44bqhdeff3e,bafybeieflperupo72islmrhchsn4c3gysbgcdv3iqmeiihy44bqhdeff3e,ok,220178
1761,bafybeie57gpyauw2wcfyiejgn7opgvdy5vno4m23a5a7nfdo6iveccfrwi,bafybeie57gpyauw2wcfyiejgn7opgvdy5vno4m23a5a7nfdo6iveccfrwi,ok,135444
1762,bafybeidrwanaaiwvutj6llazogqhxzopwv65fnpkoxximbdrope3lmbbq4,bafybeidrwanaaiwvutj6llazogqhxzopwv65fnpkoxximbdrope3lmbbq4,ok,160534
1763,bafybeihfgginnfjcgv4unalsoa2qkkbnxywjtdzjfy3r2ekm6allht2sem,bafybeihfgginnfjcgv4unalsoa2qkkbnxywjtdzjfy3r2ekm6allht2sem,ok,181288
1764,bafybeid2zclqw6rx632ulaq2dsbl2xynajo3oobkcfkm4zr5hcvuewx5ku,bafybeid2zclqw6rx632ulaq2dsbl2xynajo3oobkcfkm4zr5hcvuewx5ku,ok,233222
1765,bafybeibwpd6qeca27kxqq52dpm34fnh6ntbqk346fzv4shsmvabez7xfh4,bafybeibwpd6qeca27kxqq52dpm34fnh6ntbqk346fzv4shsmvabez7xfh4,ok,194070
1766,bafybeiafr3fsivcnm7hpo2umiq6zt43xmu5mce75ghuthg7dt4zhdownuy,bafybeiafr3fsivcnm7hpo2umiq6zt43xmu5mce75ghuthg7dt4zhdownuy,ok,168087
1767,bafybeiacxevlsnmnlcntjqy7q5y5r6fvlxnk7qz4vz2tvvxi7jos3ieify,bafybeiacxevlsnmnlcntjqy7q5y5r6fvlxnk7qz4vz2tvvxi7jos3ieify,ok,154331
1768,bafybeigr5io3vf4n4p3stm5loh5xf3n4gbr3trc3xn3jfcqd5tgzk2ccby,bafybeigr5io3vf4n4p3stm5loh5xf3n4gbr3trc3xn3jfcqd5tgzk2ccby,ok,246536
1769,bafybeiegnpbjrvj5mwbruvyiy3bel7zgkvxsc6bip7alzizrhs7vwei6ge,bafybeiegnpbjrvj5mwbruvyiy3bel7zgkvxsc6bip7alzizrhs7vwei6ge,ok,187448
1770,bafybeifohcgqgr5pobpgp3sjy3kqv33va6mrxqdluv6q7anvld5aty7g5u,bafybeifohcgqgr5pobpgp3sjy3kqv33va6mrxqdluv6q7anvld5aty7g5u,ok,191292
1771,bafybeiatjrsaiuyk4qroqlqzyiagbkpd7jelssqvkm2f7slmomr2mbei44,bafybeiatjrsaiuyk4qroqlqzyiagbkpd7jelssqvkm2f7slmomr2mbei44,ok,213927
1772,bafybeicx3z222wy3rlopfyzuxk2l73pjbhksald56hhibw4ua7agl6k2pq,bafybeicx3z222wy3rlopfyzuxk2l73pjbhksald56hhibw4ua7agl6k2pq,ok,175407
1773,bafybeicrxfiimbohfkbq35lwxwsy7reu6s76txg4a75a6guct6egub4qkq,bafybeicrxfiimbohfkbq35lwxwsy7reu6s76txg4a75a6guct6egub4qkq,ok,233097
1774,bafybeieyxlau4g6h2chjc75tpqxnjadtgaysrh2ezskqa5wg23qdvt6rba,bafybeieyxlau4g6h2chjc75tpqxnjadtgaysrh2ezskqa5wg23qdvt6rba,ok,191694
1775,bafybeignfg7g7hhwtp2daihez4f6og3pogus75rzivh4suqlkoifqryehq,bafybeignfg7g7hhwtp2daihez4f6og3pogus75rzivh4suqlkoifqryehq,ok,282641
1776,bafybeidkeltgxocrqpbwz6acnln5qdjjfc6u2zo6fyzlny22orugoxqfte,bafybeidkeltgxocrqpbwz6acnln5qdjjfc6u2zo6fyzlny22orugoxqfte,ok,231763
1777,bafybeibtutuloxsrh4tfuaf2ztaz7kctfdb6y2djup4y6vyrrqifofzkje,bafybeibtutuloxsrh4tfuaf2ztaz7kctfdb6y2djup4y6vyrrqifofzkje,ok,147901
1778,bafybeifgo5cyhax5kcjqzgazqyoiu5uuwsai7rwslnxishk6udyo3xrgxe,bafybeifgo5cyhax5kcjqzgazqyoiu5uuwsai7rwslnxishk6udyo3xrgxe,ok,212099
1779,bafybeibnhgres5knx5k56ha4uhmuxoxzqqrezrwzsncoaxb23p2t2fasf4,bafybeibnhgres5knx5k56ha4uhmuxoxzqqrezrwzsncoaxb23p2t2fasf4,ok,191438
1780,bafybeidoolewxngw4trphvz6tcg35ped72kotme2nww6rbt7ojufok6u6m,bafybeidoolewxngw4trphvz6tcg35ped72kotme2nww6rbt7ojufok6u6m,ok,167349
1781,bafybeihli3toqhacftkvgn4rtge65gap2sfo64cxmc2etju7bi5rde6rwu,bafybeihli3toqhacftkvgn4rtge65gap2sfo64cxmc2etju7bi5rde6rwu,ok,153036
1782,bafybeifujfhgd3ne534uggxl4ikwvj7c2ydgek2ijdoq7u4u4fezqjox4y,bafybeifujfhgd3ne534uggxl4ikwvj7c2ydgek2ijdoq7u4u4fezqjox4y,ok,163170
1783,bafybeibz6ujs3a5imjkczpixkoclyzbhg6nn3kenpdpmo4gujpsdqzmrdu,bafybeibz6ujs3a5imjkczpixkoclyzbhg6nn3kenpdpmo4gujpsdqzmrdu,ok,236812
1784,bafybeiave564yga4do6g7e57zdwxb43df264wtztj7mcdviduxra3rcq5q,bafybeiave564yga4do6g7e57zdwxb43df264wtztj7mcdviduxra3rcq5q,ok,186286
1785,bafybeigb2w2hhxe6mdhwvrmx3njvisxmlc2pde57yqyspvgr2zudjjxlgu,bafybeigb2w2hhxe6mdhwvrmx3njvisxmlc2pde57yqyspvgr2zudjjxlgu,ok,180576
1786,bafybeiahg26reuly7zxziapy4cfkz2vuqbpgzd67xeda6xhkp3xjvaxysa,bafybeiahg26reuly7zxziapy4cfkz2vuqbpgzd67xeda6xhkp3xjvaxysa,ok,117487
1787,bafybeid33vvvss4nprtad6ropumh2gyg3kuhkj3yf5rpduijmr5oxh6bcu,bafybeid33vvvss4nprtad6ropumh2gyg3kuhkj3yf5rpduijmr5oxh6bcu,ok,214501
1788,bafybeichctrxz422bu6mvuujnsypp575ninnclx262dmw7yj5drlsdqnoy,bafybeichctrxz422bu6mvuujnsypp575ninnclx262dmw7yj5drlsdqnoy,ok,171381
1789,bafybeifrneamdqxrrlqoajslos56gk3cmorispqrssfc4dwxhdjiiyzrqe,bafybeifrneamdqxrrlqoajslos56gk3cmorispqrssfc4dwxhdjiiyzrqe,ok,139106
1790,bafybeiczxjdf76lfkw2etxgy7rcreukaok2exynqm2yfwl56y5osrgzj5y,bafybeiczxjdf76lfkw2etxgy7rcreukaok2exynqm2yfwl56y5osrgzj5y,ok,94353
1791,bafybeibppbfw3byakq2cfodzl7tmxw5yzfdck6a6tcjptjin5qjxtwrcde,bafybeibppbfw3byakq2cfodzl7tmxw5yzfdck6a6tcjptjin5qjxtwrcde,ok,169941
1792,bafybeiatsxgpeyvcdk3ihjafg5jjeyw3jzotiexjqkyildv7qxcpgdhwvm,bafybeiatsxgpeyvcdk3ihjafg5jjeyw3jzotiexjqkyildv7qxcpgdhwvm,ok,239661
1793,bafybeiezeuxudtxuz5zepyayzecoxms32nlrfapzxmaqkh24xdci2sux7q,bafybeiezeuxudtxuz5zepyayzecoxms32nlrfapzxmaqkh24xdci2sux7q,ok,154990
1794,bafybeig2ogt76gbpzimhdlsuakka3vi4qejb5z2ritf6elzjkogfj3ec4y,bafybeig2ogt76gbpzimhdlsuakka3vi4qejb5z2ritf6elzjkogfj3ec4y,ok,147200
1795,bafybeie4dxile5n5q5h2eg7olr3osdtmpkmy6umh7jcrxekhrjenuxqz5a,bafybeie4dxile5n5q5h2eg7olr3osdtmpkmy6umh7jcrxekhrjenuxqz5a,ok,184766
1796,bafybeihmjvv66rnk5nykedc6qvzsgpgvpq7qus6psx6aweesbujwqivnqm,bafybeihmjvv66rnk5nykedc6qvzsgpgvpq7qus6psx6aweesbujwqivnqm,ok,246152
1797,bafybeigw54xhqnfj2oeruha3mkz5jgeozagj7gxogvaku3unz27sx3g3kq,bafybeigw54xhqnfj2oeruha3mkz5jgeozagj7gxogvaku3unz27sx3g3kq,ok,227374
1798,bafybeih3zlnjjeza7t5u62bl65dvcs5h4ruu6yrvv5ca5txfgkcrqto6em,bafybeih3zlnjjeza7t5u62bl65dvcs5h4ruu6yrvv5ca5txfgkcrqto6em,ok,196020
1799,bafybeigpzsxmdb74qsk5w64qkrwju4u72slbgwu3y24uwtjcpmszchgagy,bafybeigpzsxmdb74qsk5w64qkrwju4u72slbgwu3y24uwtjcpmszchgagy,ok,150315
1800,bafybeihxgpziro4z33o25t42g26vqagbptpkmgs5okginmdr5osticxzua,bafybeihxgpziro4z33o25t42g26vqagbptpkmgs5okginmdr5osticxzua,ok,187696
1801,bafybeigvpffjg3u5vy4ib2lbtnrf7h5sh2mbbxjy4r6znez2rwohtbov7i,bafybeigvpffjg3u5vy4ib2lbtnrf7h5sh2mbbxjy4r6znez2rwohtbov7i,ok,165752
1802,bafybeifrfgdxfdvqrhgyjq6rxx4tpyb4jp4fxasgfhqze6kkvgyy7fdyky,bafybeifrfgdxfdvqrhgyjq6rxx4tpyb4jp4fxasgfhqze6kkvgyy7fdyky,ok,236313
1803,bafybeigt5cxk2ihv6anszeqd3bacomrcg4xvzqdmaj2djeys2mq4anu2im,bafybeigt5cxk2ihv6anszeqd3bacomrcg4xvzqdmaj2djeys2mq4anu2im,ok,238307
1804,bafybeifckzrawhaisutmcakeryrkvly7x3m5pwnwtusckfexemilpql4w4,bafybeifckzrawhaisutmcakeryrkvly7x3m5pwnwtusckfexemilpql4w4,ok,160448
1805,bafybeihrjwspmj4n2jzaxl33ptxzheawutdv5zlm7svsjridwsrkpkbd5y,bafybeihrjwspmj4n2jzaxl33ptxzheawutdv5zlm7svsjridwsrkpkbd5y,ok,193617
1806,bafybeigyal54ln5pa3du5r47gssle2jrhnsxaadenrf52dfn22gvfpwqbi,bafybeigyal54ln5pa3du5r47gssle2jrhnsxaadenrf52dfn22gvfpwqbi,ok,190793
1807,bafybeiacpef7av7rsdrpr5saxsh3bssqxiyuwtrkhrqn3yka44u7cvlmam,bafybeiacpef7av7rsdrpr5saxsh3bssqxiyuwtrkhrqn3yka44u7cvlmam,ok,128019
1808,bafybeihib4z7o45rwxceubyso7iujqsijwega4vswvqbdo4zvyw43hasdi,bafybeihib4z7o45rwxceubyso7iujqsijwega4vswvqbdo4zvyw43hasdi,ok,164456
1809,bafybeidoc6etm6ifzalhvhp36sjp5o55oygs5ejesjkxailg23xhqu64gq,bafybeidoc6etm6ifzalhvhp36sjp5o55oygs5ejesjkxailg23xhqu64gq,ok,158674
1810,bafybeienc2o3ifydv2tdxgm2nri2d234gw5sn3kww45jixcel3s3exyg4q,bafybeienc2o3ifydv2tdxgm2nri2d234gw5sn3kww45jixcel3s3exyg4q,ok,228344
1811,bafybeifcdfrighy45i32sga3nef4bb6zw44byiyghyybk6rrseo4sdw4iu,bafybeifcdfrighy45i32sga3nef4bb6zw44byiyghyybk6rrseo4sdw4iu,ok,182821
1812,bafybeicdjkg2n3psd5bfbsbqq4gtqfpcwrzvnljdooa4jbcbvsbe5fenyq,bafybeicdjkg2n3psd5bfbsbqq4gtqfpcwrzvnljdooa4jbcbvsbe5fenyq,ok,232224
1813,bafybeiaoyodgstdza3ruzccu2wk7i42g5kw4wx4jcbeweyex2clhwni7ny,bafybeiaoyodgstdza3ruzccu2wk7i42g5kw4wx4jcbeweyex2clhwni7ny,ok,247450
1814,bafybeicckks4g2pv3evifz5q3cci7wxt57a5qnpvpxw5vmwgzgr5qxovom,bafybeicckks4g2pv3evifz5q3cci7wxt57a5qnpvpxw5vmwgzgr5qxovom,ok,226509
1815,bafybeig4bkt7s7ld64np2z7yqowfiqw7nffiwuv6a4qzfjke4owhbhn6iy,bafybeig4bkt7s7ld64np2z7yqowfiqw7nffiwuv6a4qzfjke4owhbhn6iy,ok,228875
1816,bafybeiah2zooeyevk3vnpypcu66xmle3mxiezydkfayujynm3wvitn32s4,bafybeiah2zooeyevk3vnpypcu66xmle3mxiezydkfayujynm3wvitn32s4,ok,263337
1817,bafybeibqfkcc2a67htbhtoswtueops46ma4sb6efcsc3wlvkc57snx75fq,bafybeibqfkcc2a67htbhtoswtueops46ma4sb6efcsc3wlvkc57snx75fq,ok,155522
1818,bafybeiacm4bf4uaamssqt2hwfz4zzqyqvluy7dlca2ynkeot7hfyditjf4,bafybeiacm4bf4uaamssqt2hwfz4zzqyqvluy7dlca2ynkeot7hfyditjf4,ok,139200
1819,bafybeigrtkgyxa3r5rngzplicq4v72mlgfi4zki6xcsczhegv4izjyiwom,bafybeigrtkgyxa3r5rngzplicq4v72mlgfi4zki6xcsczhegv4izjyiwom,ok,144796
1820,bafybeiabb3pz2da2fnlu46jtq5qvev6tr66gj72vcjacfoqkgrespdcrny,bafybeiabb3pz2da2fnlu46jtq5qvev6tr66gj72vcjacfoqkgrespdcrny,ok,219549
1821,bafybeiezft7em35yupyur7y523m5pjnkduc6clzjxf2np5je7cigrj7ama,bafybeiezft7em35yupyur7y523m5pjnkduc6clzjxf2np5je7cigrj7ama,ok,186558
1822,bafybeigy7tdghus46cdl2h666dtoofqfetsunagd67swpwlg2wxoykir4y,bafybeigy7tdghus46cdl2h666dtoofqfetsunagd67swpwlg2wxoykir4y,ok,134870
1823,bafybeiflq7vhqmcicaghf6wekaa4f2bary3g2oc4dpfo23f4s2ojyeyriu,bafybeiflq7vhqmcicaghf6wekaa4f2bary3g2oc4dpfo23f4s2ojyeyriu,ok,226643
1824,bafybeibpz2tsaarabllcqqafeqdjn77inhq4a5333s2is335znjnn3sdg4,bafybeibpz2tsaarabllcqqafeqdjn77inhq4a5333s2is335znjnn3sdg4,ok,193743
1825,bafybeidog533mpzxljdes4nx2rzyxjxdfv6iifvbdpciqmvlb5wo7qblfa,bafybeidog533mpzxljdes4nx2rzyxjxdfv6iifvbdpciqmvlb5wo7qblfa,ok,187025
1826,bafybeihfxnkrzld662v7szgkle2jvljfkwrixs3dtlpmiznflxim7pdc3a,bafybeihfxnkrzld662v7szgkle2jvljfkwrixs3dtlpmiznflxim7pdc3a,ok,216642
1827,bafybeigl3eeux2bzbwdzb3l3efccbeked2zk2xl5plvnpd3dyiz4gjs4em,bafybeigl3eeux2bzbwdzb3l3efccbeked2zk2xl5plvnpd3dyiz4gjs4em,ok,205641
1828,bafybeia7wwmf26gv7le7r2qpvtmxk2ufegtyluhpcawtoiapa2gi7j72vi,bafybeia7wwmf26gv7le7r2qpvtmxk2ufegtyluhpcawtoiapa2gi7j72vi,ok,192276
1829,bafybeifmredimya62tr4rm5txedbyxltvsddup2qdmup4m2htovi32l7qm,bafybeifmredimya62tr4rm5txedbyxltvsddup2qdmup4m2htovi32l7qm,ok,192840
1830,bafybeifu32gpgprtm7tgmtjgl4i3ih7eblkktzp3f6eihiukjlarbizl2m,bafybeifu32gpgprtm7tgmtjgl4i3ih7eblkktzp3f6eihiukjlarbizl2m,ok,168506
1831,bafybeibylt64pjmrgb2oiq2kksjjrxh5klbxwemdo54bxdfpmyfnmnvdiq,bafybeibylt64pjmrgb2oiq2kksjjrxh5klbxwemdo54bxdfpmyfnmnvdiq,ok,134933
1832,bafybeihn3zjpmq4sey3f6yqrovvrllpe6yo66advliuxuetdp7afos2ida,bafybeihn3zjpmq4sey3f6yqrovvrllpe6yo66advliuxuetdp7afos2ida,ok,156275
1833,bafybeicewiqibdtar5r2hmbgro4wqmcqjj3gmjxplv4oxp4hzsafvwe3k4,bafybeicewiqibdtar5r2hmbgro4wqmcqjj3gmjxplv4oxp4hzsafvwe3k4,ok,205737
1834,bafybeianyqrg3tyl6asg3kvketoffid7dfvsml5y26chcvm4dhmw5d4x3u,bafybeianyqrg3tyl6asg3kvketoffid7dfvsml5y26chcvm4dhmw5d4x3u,ok,135950
1835,bafybeiayfhxjszh6ttrou7b5v3qno6watvjlcgxk4y7trozqz2e3li3slq,bafybeiayfhxjszh6ttrou7b5v3qno6watvjlcgxk4y7trozqz2e3li3slq,ok,229628
1836,bafybeia7vixa6mg4yuwpdnbudi5omkywqpk7pu7gh43hd7hvzcrbilwp24,bafybeia7vixa6mg4yuwpdnbudi5omkywqpk7pu7gh43hd7hvzcrbilwp24,ok,243784
1837,bafybeifdcpm447vbwapi7ffgbbrxdhnahdgsctb6qlhjsdd6fyjhilr7fa,bafybeifdcpm447vbwapi7ffgbbrxdhnahdgsctb6qlhjsdd6fyjhilr7fa,ok,141417
1838,bafybeifd56cnodygq4xt6kl3oa4o3yuupr6lin7awtkgump24wkczu3zai,bafybeifd56cnodygq4xt6kl3oa4o3yuupr6lin7awtkgump24wkczu3zai,ok,186769
1839,bafybeibxks2qhs4ghez37jitzx3q6ujewcwksmsa6w7zu6dihmshwdio4m,bafybeibxks2qhs4ghez37jitzx3q6ujewcwksmsa6w7zu6dihmshwdio4m,ok,207824
1840,bafybeiftrzr6jon3eclppmtx77yxuqm3rokirqn3dfkzlotr3rgmofeogu,bafybeiftrzr6jon3eclppmtx77yxuqm3rokirqn3dfkzlotr3rgmofeogu,ok,166843
1841,bafybeibusre2l7rskxnv4bavx737yi224relry3t6lv7khowqhsmprpxry,bafybeibusre2l7rskxnv4bavx737yi224relry3t6lv7khowqhsmprpxry,ok,148190
1842,bafybeihbe4w7aljxpja7qnq6gbe7gp2whm7g4w5npe5xzitcteil6g274e,bafybeihbe4w7aljxpja7qnq6gbe7gp2whm7g4w5npe5xzitcteil6g274e,ok,180761
1843,bafybeib5zbx4qfs5sowyu2cyn2zjlzcesbssrp7hnhfi7p3qukbnycqzba,bafybeib5zbx4qfs5sowyu2cyn2zjlzcesbssrp7hnhfi7p3qukbnycqzba,ok,234522
1844,bafybeifiavv4r3jjf6mxbvwxyoog7o7tq3vms5cj6wjjgmjzmser6lhfgq,bafybeifiavv4r3jjf6mxbvwxyoog7o7tq3vms5cj6wjjgmjzmser6lhfgq,ok,129841
1845,bafybeibgiol4v532bgfetox2eomjz7umenyg5xtfkulql2aizuidpapqna,bafybeibgiol4v532bgfetox2eomjz7umenyg5xtfkulql2aizuidpapqna,ok,143750
1846,bafybeigpdlftypsy4k4mtlqfkbwec3pgmx5lbiy2cl5z6k5jf3gote4hra,bafybeigpdlftypsy4k4mtlqfkbwec3pgmx5lbiy2cl5z6k5jf3gote4hra,ok,224896
1847,bafybeicqyijnbtspi3tjzmn6oy36p4r67kifwwvrsk7gcwpnaqbi2jt43a,bafybeicqyijnbtspi3tjzmn6oy36p4r67kifwwvrsk7gcwpnaqbi2jt43a,ok,210777
1848,bafybeiaavnqbux6wfvdqjpfi2rnqa627pbq3hbh5ygfqsp42xjuqlhxabi,bafybeiaavnqbux6wfvdqjpfi2rnqa627pbq3hbh5ygfqsp42xjuqlhxabi,ok,161405
1849,bafybeidxm5euompxfsvwq4qgm4evhsaqeo5ncqrjlwlq3cemxkyo67a3gi,bafybeidxm5euompxfsvwq4qgm4evhsaqeo5ncqrjlwlq3cemxkyo67a3gi,ok,205668
1850,bafybeibxkhsyfflu5yfeij43ihv56nn5o7gxv57k7jqkdpjvglve2wxvxa,bafybeibxkhsyfflu5yfeij43ihv56nn5o7gxv57k7jqkdpjvglve2wxvxa,ok,139993
1851,bafybeih6kefys6azeowxhiavifsl5cdpwsodhudexo74lybll7ri4tgr3q,bafybeifjnwwerklv5if4fwd7aatwfzdz6nokkxgjnkjrau5bvz3xvnzpr4,MISMATCH,174502
1852,bafybeiarj645ovsnua4xx7zpx5zqmp4stlcudqrvxk75xws3jndikg6ctu,bafybeiarj645ovsnua4xx7zpx5zqmp4stlcudqrvxk75xws3jndikg6ctu,ok,191082
1853,bafybeic3oruutu36pzqqsviqdkbkpfalxfczo222d7tv2n3m3f5dbixcci,bafybeic3oruutu36pzqqsviqdkbkpfalxfczo222d7tv2n3m3f5dbixcci,ok,218503
1854,bafybeiawqgz63sf573kin7ftdzr5xdyyl75gfrp3xc7abqo5sn4pt5qtui,bafybeiawqgz63sf573kin7ftdzr5xdyyl75gfrp3xc7abqo5sn4pt5qtui,ok,165700
1855,bafybeibxit3q35uedjsk5tdypczj6s47nnrct7laapcj5lw66in7g4yt34,bafybeibxit3q35uedjsk5tdypczj6s47nnrct7laapcj5lw66in7g4yt34,ok,243731
1856,bafybeiexen7fpt3t4sdlbv5cexkj3zq6jqqcy6r66rlt27x4co4eve2aea,bafybeiexen7fpt3t4sdlbv5cexkj3zq6jqqcy6r66rlt27x4co4eve2aea,ok,189317
1857,bafybeigd65zz2wax7u5233qah4qmsbgxjbf6bq3rftjq2osootzad5hgje,bafybeigd65zz2wax7u5233qah4qmsbgxjbf6bq3rftjq2osootzad5hgje,ok,152689
1858,bafybeigq6h5cxkcw767m2elir2u3qetqdic72dgz3kijbjtyrh27mvw5rq,bafybeigq6h5cxkcw767m2elir2u3qetqdic72dgz3kijbjtyrh27mvw5rq,ok,155306
1859,bafybeigvwj3mc5j645vrvx4qeuhcct6szezityd3ozgddcevnorwxoxk5a,bafybeigvwj3mc5j645vrvx4qeuhcct6szezityd3ozgddcevnorwxoxk5a,ok,220716
1860,bafybeibkmjgdjwxwsglu2u6fkrz26fki6uimie2etruishllcjjsy5p36y,bafybeibkmjgdjwxwsglu2u6fkrz26fki6uimie2etruishllcjjsy5p36y,ok,186014
1861,bafybeigyn22wlb6lptyu7emxxjp3wgnlsxllqxnosrw74juxz3tvsykfxe,bafybeigyn22wlb6lptyu7emxxjp3wgnlsxllqxnosrw74juxz3tvsykfxe,ok,200342
1862,bafybeihwfhmtkwbiase7odlvsgoqf5vmteq7xdv6ojv57ox2sgbyop75ve,bafybeihwfhmtkwbiase7odlvsgoqf5vmteq7xdv6ojv57ox2sgbyop75ve,ok,126996
1863,bafybeid75fs2oqw46vy4e5gvux7ivmofkp743la6qk5wwamas5yq753bqq,bafybeid75fs2oqw46vy4e5gvux7ivmofkp743la6qk5wwamas5yq753bqq,ok,200372
1864,bafybeiapo2eyej34u4isllaxcaiijvjcx32cwwujw3y5nbbp67qc2thb7m,bafybeiapo2eyej34u4isllaxcaiijvjcx32cwwujw3y5nbbp67qc2thb7m,ok,131285
1865,bafybeifmvcznl4t6hsj34rbuaeda7gheywiog27giifyh4r26rw7oh6fwe,bafybeifmvcznl4t6hsj34rbuaeda7gheywiog27giifyh4r26rw7oh6fwe,ok,138300
1866,bafybeidaqvwwpqm5upyhvq6tsecvq7cbirrnmtohu2pqyby5zvewnkifdi,bafybeidaqvwwpqm5upyhvq6tsecvq7cbirrnmtohu2pqyby5zvewnkifdi,ok,155453
1867,bafybeibag72ji4pnplvtx7zunq7fkt4uxi5hdsiasayugoqkv3m3cgmj5e,bafybeibag72ji4pnplvtx7zunq7fkt4uxi5hdsiasayugoqkv3m3cgmj5e,ok,145879
1868,bafybeighnminkdb2quo7ojbora3too4ecjlzo3krpn36t6w24ozyahdpka,bafybeighnminkdb2quo7ojbora3too4ecjlzo3krpn36t6w24ozyahdpka,ok,224533
1869,bafybeiccepkujtl2zfhnjphsuk3vw6rtdfftofawldjxqg2pzlybohu3h4,bafybeiccepkujtl2zfhnjphsuk3vw6rtdfftofawldjxqg2pzlybohu3h4,ok,174078
1870,bafybeicbquqiziecg5wadx6hwwzna2kz6734x4wwtauiqf47y72it3vwuu,bafybeicbquqiziecg5wadx6hwwzna2kz6734x4wwtauiqf47y72it3vwuu,ok,234551
1871,bafybeiap7eaqitbkxw6oq3mvbgkbdov7diwfqnlyra5wulcrgxnk3qwz5a,bafybeiap7eaqitbkxw6oq3mvbgkbdov7diwfqnlyra5wulcrgxnk3qwz5a,ok,151029
1872,bafybeib5rorixy4hmdza6iluhnbivovvgcwo7d3noy5n4wg2xax6eqzgbi,bafybeib5rorixy4hmdza6iluhnbivovvgcwo7d3noy5n4wg2xax6eqzgbi,ok,196085
1873,bafybeibt5e6vepdqxrpfy2zoxgglvwhi46hzbbqzl76qcyy6vj2ugehuoy,bafybeibt5e6vepdqxrpfy2zoxgglvwhi46hzbbqzl76qcyy6vj2ugehuoy,ok,224100
1874,bafybeidqzrhswwmsacxlehwv455b5megrk4e7je2zty4elgf5a2bkqxnqu,bafybeidqzrhswwmsacxlehwv455b5megrk4e7je2zty4elgf5a2bkqxnqu,ok,230937
1875,bafybeiaqgcxckdozqiqg37bbp26rj3l5d4x3zjcmwgj2clxraivjojobsa,bafybeiaqgcxckdozqiqg37bbp26rj3l5d4x3zjcmwgj2clxraivjojobsa,ok,192839
1876,bafybeifyk4xner42sdzdfqvyghsrzvo2n3y2fgvssqmzyxf7c7ptvnbwni,bafybeifyk4xner42sdzdfqvyghsrzvo2n3y2fgvssqmzyxf7c7ptvnbwni,ok,163325
1877,bafybeigkfkjvdjv5kft53a3gybs5q3jgvz47hc7jfvb72naslqvqhmb7qa,bafybeigkfkjvdjv5kft53a3gybs5q3jgvz47hc7jfvb72naslqvqhmb7qa,ok,155179
1878,bafybeiaa5p5perctumxataw743ocksk3c74pxvppizshgglwl765tfza3m,bafybeiaa5p5perctumxataw743ocksk3c74pxvppizshgglwl765tfza3m,ok,124475
1879,bafybeidd56gpxsaerhgsstryp6n5l5fu6vtmjl3lt63am3nx3ffrtdjbtu,bafybeidd56gpxsaerhgsstryp6n5l5fu6vtmjl3lt63am3nx3ffrtdjbtu,ok,231942
1880,bafybeicrpldfknqmsuj33sy7ucwkf7p563pfp5qnmppg3rkribbzuwazeu,bafybeicrpldfknqmsuj33sy7ucwkf7p563pfp5qnmppg3rkribbzuwazeu,ok,151398
1881,bafybeiglzgl3inwnh5v7i7qkn4p7lelbxydgjkwlrnqmk2yknvwwsf444q,bafybeiglzgl3inwnh5v7i7qkn4p7lelbxydgjkwlrnqmk2yknvwwsf444q,ok,183284
1882,bafybeiad44mghz6uec6iftpq7dr2c37ol37fl2djemjfwlqd2axgxt6uni,bafybeiad44mghz6uec6iftpq7dr2c37ol37fl2djemjfwlqd2axgxt6uni,ok,217934
1883,bafybeih2geewgi43uutq6ezhk7mc7jqvavi33zhuzgxe2gwyhcwermjsem,bafybeih2geewgi43uutq6ezhk7mc7jqvavi33zhuzgxe2gwyhcwermjsem,ok,200929
1884,bafybeicvdlylpamiwbjhn4upopmwgsik4ier7pdj3d7s56fbffbizhscvi,bafybeicvdlylpamiwbjhn4upopmwgsik4ier7pdj3d7s56fbffbizhscvi,ok,174239
1885,bafybeihhzey2horfnclrgl3dqto4nlvekmiacq5lr57eaohkpeprwq6wea,bafybeihhzey2horfnclrgl3dqto4nlvekmiacq5lr57eaohkpeprwq6wea,ok,193273
1886,bafybeifewmydxzolxklbh45klswnmczrgwipmxsz477swzgvcmzmzyvqmm,bafybeifewmydxzolxklbh45klswnmczrgwipmxsz477swzgvcmzmzyvqmm,ok,154006
1887,bafybeihb65i4y42zigrizdg65aixgxe35g66v4mmjo7g3qsgk6ds6uxz2u,bafybeihb65i4y42zigrizdg65aixgxe35g66v4mmjo7g3qsgk6ds6uxz2u,ok,129846
1888,bafybeihodkmnoha4k5b5a6utce4csh6pj32fxw6id2lbb2gxe25pehhoey,bafybeihodkmnoha4k5b5a6utce4csh6pj32fxw6id2lbb2gxe25pehhoey,ok,144040
1889,bafybeie5bmr2a2gasguu2xva736ravsdr6er4ac2tegs2rch7zl72sgc54,bafybeie5bmr2a2gasguu2xva736ravsdr6er4ac2tegs2rch7zl72sgc54,ok,257042
1890,bafybeicw3abqegraxmpgygqgrq66sgziagkvi4tzie336es5grigdjzp3u,bafybeicw3abqegraxmpgygqgrq66sgziagkvi4tzie336es5grigdjzp3u,ok,174473
1891,bafybeib7g4rscphbvho4tm5upthyzakejrjqbhieywdox6ygrdjckxodnm,bafybeib7g4rscphbvho4tm5upthyzakejrjqbhieywdox6ygrdjckxodnm,ok,258748
1892,bafybeih6smvbsjopjgscnnj7444ryb5i4j7y2ceeibwdki2vg6h3l2jxry,bafybeih6smvbsjopjgscnnj7444ryb5i4j7y2ceeibwdki2vg6h3l2jxry,ok,242425
1893,bafybeieu32urw5f2hgfkkdjxxhndu2jyeyex2b26kdslle4kxes26degcq,bafybeieu32urw5f2hgfkkdjxxhndu2jyeyex2b26kdslle4kxes26degcq,ok,158242
1894,bafybeiehhj2m3t7f7apnb2ireldy4apsujprtdbrijz2ax6blfhufyi7xi,bafybeiehhj2m3t7f7apnb2ireldy4apsujprtdbrijz2ax6blfhufyi7xi,ok,154827
1895,bafybeigz3hbhuwsv3itzgzy4ctp47flg65gbplzv6g6dctqk7lczkasytu,bafybeigz3hbhuwsv3itzgzy4ctp47flg65gbplzv6g6dctqk7lczkasytu,ok,119997
1896,bafybeidnuynnxw5rm4725q5wcg6hthtadb3qvtn43gv5gh4q6kvl6panqu,bafybeidnuynnxw5rm4725q5wcg6hthtadb3qvtn43gv5gh4q6kvl6panqu,ok,174729
1897,bafybeigs33mkzbxp2to3qkdg43whpofkcfymjmfvzq52k34qj4sbeycvjq,bafybeigs33mkzbxp2to3qkdg43whpofkcfymjmfvzq52k34qj4sbeycvjq,ok,227751
1898,bafybeihoe7u2coxzvxh33yfml4l37mwrlls5q4i3q4lmpvnkohyck4h6iy,bafybeihoe7u2coxzvxh33yfml4l37mwrlls5q4i3q4lmpvnkohyck4h6iy,ok,214702
1899,bafybeidm5sq76nstzxf4w35ybtvr22jybiijxv3ezfiv65nijrr7mso57a,bafybeidm5sq76nstzxf4w35ybtvr22jybiijxv3ezfiv65nijrr7mso57a,ok,196805
1900,bafybeibjl2x2ilbuyxe3ht4fedrskg6zxueutsc54oqxibmbd74jnaujmy,bafybeibjl2x2ilbuyxe3ht4fedrskg6zxueutsc54oqxibmbd74jnaujmy,ok,185063
1901,bafybeiaojjwqeittaf7wjcd7vtzwenkd5fcn2t6u54pi5rqjif5szxat3e,bafybeiaojjwqeittaf7wjcd7vtzwenkd5fcn2t6u54pi5rqjif5szxat3e,ok,230515
1902,bafybeifuhwm27te2hcz5udqmbdk4qbbbwsqxdwayc2flx7jpctphdchl7m,bafybeifuhwm27te2hcz5udqmbdk4qbbbwsqxdwayc2flx7jpctphdchl7m,ok,229993
1903,bafybeigaywsaniav7u6ysimp7ajzczya7e5kiic2r2lktrnsnzojhgtjqq,bafybeigaywsaniav7u6ysimp7ajzczya7e5kiic2r2lktrnsnzojhgtjqq,ok,168450
1904,bafybeigug6pdsvfftdoh4uomekxvcy2uacoh6qrlxxdynbwx2yobc6zgxy,bafybeigug6pdsvfftdoh4uomekxvcy2uacoh6qrlxxdynbwx2yobc6zgxy,ok,201441
1905,bafybeicgmc7zttub256kxubw27duoity3uhxgmwgr4avfmlgvu3dggxy3q,bafybeicgmc7zttub256kxubw27duoity3uhxgmwgr4avfmlgvu3dggxy3q,ok,139911
1906,bafybeia54kh44zs7zepqe42yzsyrw56xcoyiivtdpue5x2p3ts2yz2fzra,bafybeia54kh44zs7zepqe42yzsyrw56xcoyiivtdpue5x2p3ts2yz2fzra,ok,214722
1907,bafybeihv5qvw3odcggmq43szbodijotx2wowbw65cz67i5w4bqyjkw4jtm,bafybeihv5qvw3odcggmq43szbodijotx2wowbw65cz67i5w4bqyjkw4jtm,ok,229897
1908,bafybeig45vdr56a6huzh3lktw3y7jyz44hh2x6joyaxpnomeiwfgecvb5q,bafybeig45vdr56a6huzh3lktw3y7jyz44hh2x6joyaxpnomeiwfgecvb5q,ok,147873
1909,bafybeicdaarwdob62mkhswcfdecbigabd5ywvo22gexsiqwsuubmiakhmq,bafybeicdaarwdob62mkhswcfdecbigabd5ywvo22gexsiqwsuubmiakhmq,ok,235278
1910,bafybeieic4q2g5o7hlcx5mo3e5vvkieoihaxbj3z4baun76rqta64izgle,bafybeieic4q2g5o7hlcx5mo3e5vvkieoihaxbj3z4baun76rqta64izgle,ok,203508
1911,bafybeig7ybiaan6ou4iimrfaiecqrdzyts4qkz3gaioiqez2syigft4dnu,bafybeig7ybiaan6ou4iimrfaiecqrdzyts4qkz3gaioiqez2syigft4dnu,ok,139010
1912,bafybeihvih77j6htd3any5kihionxfvlvpyuuqytbbhja2x3cwsj5ccwyu,bafybeihvih77j6htd3any5kihionxfvlvpyuuqytbbhja2x3cwsj5ccwyu,ok,217076
1913,bafybeiagmfoykbxenu7w5xxecfyb3gqel5kb6rxec2d2pi5hxbsrtrn3za,bafybeiagmfoykbxenu7w5xxecfyb3gqel5kb6rxec2d2pi5hxbsrtrn3za,ok,271046
1914,bafybeiffr6v5nk2bewynszrmcazjiky3egojugrdupufwyj6mnnyy6v2dq,bafybeiffr6v5nk2bewynszrmcazjiky3egojugrdupufwyj6mnnyy6v2dq,ok,199127
1915,bafybeibnapf7lxjjdnluxba3ic6rh3cgqtp7cgzpyrhwvyqp44tdsjmxme,bafybeibnapf7lxjjdnluxba3ic6rh3cgqtp7cgzpyrhwvyqp44tdsjmxme,ok,161213
1916,bafybeihprk5rzr6gfocmpym7eu7npyej4rzsr6yg47tft6mn24hit4oh4e,bafybeihprk5rzr6gfocmpym7eu7npyej4rzsr6yg47tft6mn24hit4oh4e,ok,191669
1917,bafybeihuo7ppuk25hefeqgkmntjtvl7w5b4bmjkycsvalqvpnzwhxfh2pe,bafybeihuo7ppuk25hefeqgkmntjtvl7w5b4bmjkycsvalqvpnzwhxfh2pe,ok,136305
1918,bafybeifwyw4bdx5d2gjr5x6irk3dtanydnzogapm2bmnvctys2mq5ankvy,bafybeifwyw4bdx5d2gjr5x6irk3dtanydnzogapm2bmnvctys2mq5ankvy,ok,145162
1919,bafybeicxlawnmislgjnhjrjyxv4z7gwhkx3pvyaup3zvaju3mjqrm5v2ca,bafybeicxlawnmislgjnhjrjyxv4z7gwhkx3pvyaup3zvaju3mjqrm5v2ca,ok,150226
1920,bafybeiey2jsdqr2eqwn5rg7x3jwxklv2e3cw7yjdj6yoorsyrjbfdboluy,bafybeiey2jsdqr2eqwn5rg7x3jwxklv2e3cw7yjdj6yoorsyrjbfdboluy,ok,182022
1921,bafybeignbzjv2ibeqstc3raojtvgcby3sg53z5oxvdb4nt6hfelv3yo3wm,bafybeignbzjv2ibeqstc3raojtvgcby3sg53z5oxvdb4nt6hfelv3yo3wm,ok,213828
1922,bafybeidbxtn265s4hmwah6j47mrvqxoql36pvzdhuemsj6dhw4bijkm53y,bafybeidbxtn265s4hmwah6j47mrvqxoql36pvzdhuemsj6dhw4bijkm53y,ok,155940
1923,bafybeib3bt6uybty644ptayg5mbn5ru3psdrxyrsir6upgux2m5h72ukbi,bafybeib3bt6uybty644ptayg5mbn5ru3psdrxyrsir6upgux2m5h72ukbi,ok,143148
1924,bafybeidwjqbycu3hwy32ddq526en5c5xzvnsn3finqdijl3xl6y7kdckgy,bafybeidwjqbycu3hwy32ddq526en5c5xzvnsn3finqdijl3xl6y7kdckgy,ok,178190
1925,bafybeifdhtlljetbuqv5tajuy5kdsvo37ov44xjczldmbuqfmn6zqpa7kq,bafybeifdhtlljetbuqv5tajuy5kdsvo37ov44xjczldmbuqfmn6zqpa7kq,ok,126063
1926,bafybeiecm3zibzgnaf2fft7i3nqbhlzy6wioaf5pvvraxscaepitarynsy,bafybeiecm3zibzgnaf2fft7i3nqbhlzy6wioaf5pvvraxscaepitarynsy,ok,110629
1927,bafybeihrjgqgsucjglrxsmq2u2kz7kcxpglcf724pppvzypx6mwfzrqipq,bafybeihrjgqgsucjglrxsmq2u2kz7kcxpglcf724pppvzypx6mwfzrqipq,ok,197391
1928,bafybeic5x4swaosjrnitdzhwriyizsv5cc2fwzhzd2z3mbca2xo6uepkhi,bafybeic5x4swaosjrnitdzhwriyizsv5cc2fwzhzd2z3mbca2xo6uepkhi,ok,157651
1929,bafybeihefxfpigs4c2nddglmtgxtt6g6ojh5p5l5bnspa3z7rr2pn2xewm,bafybeihefxfpigs4c2nddglmtgxtt6g6ojh5p5l5bnspa3z7rr2pn2xewm,ok,139824
1930,bafybeigoc23ebamrjtr3jakd26mtpoad7wttdpfbpj3pn6tixxo3fmupvy,bafybeigoc23ebamrjtr3jakd26mtpoad7wttdpfbpj3pn6tixxo3fmupvy,ok,137973
1931,bafybeiauvbvmfv52hllvtrs254xhoparzrsvur3vffygva2txm5ofqnwmi,bafybeiauvbvmfv52hllvtrs254xhoparzrsvur3vffygva2txm5ofqnwmi,ok,134630
1932,bafybeicytqayhjp23lfxi33au3cuazz4j5cyfxcwfgsdb6ptgd5lnvta4a,bafybeicytqayhjp23lfxi33au3cuazz4j5cyfxcwfgsdb6ptgd5lnvta4a,ok,134935
1933,bafybeib5bxrvqgzn4esqedbip7vb5g5qd3k7aja7g6kh7avu7ytkitp5om,bafybeib5bxrvqgzn4esqedbip7vb5g5qd3k7aja7g6kh7avu7ytkitp5om,ok,194365
1934,bafybeifwtyabsu32rtkplyeaqvivoo7i5t2wht5cdcb6k6ahubddexu4dm,bafybeifwtyabsu32rtkplyeaqvivoo7i5t2wht5cdcb6k6ahubddexu4dm,ok,215701
1935,bafybeihueptf4ge6aejktt4ig5wumcjqetz6qu5zk5zcx6zaxgmcdmgin4,bafybeihueptf4ge6aejktt4ig5wumcjqetz6qu5zk5zcx6zaxgmcdmgin4,ok,218518
1936,bafybeiangwnsv67m3w2nxbfo6273qiwsdk3fxghezfsw7epv3ldpyefbay,bafybeiangwnsv67m3w2nxbfo6273qiwsdk3fxghezfsw7epv3ldpyefbay,ok,199820
1937,bafybeiblf3q3g3za63opvr5c3u4frnzxyq2bbxxo2yxcroospbanva6gdu,bafybeiblf3q3g3za63opvr5c3u4frnzxyq2bbxxo2yxcroospbanva6gdu,ok,195484
1938,bafybeidawieqkrxufajth7jrsrnbdqpeks2zd3txr5b5zz6366ehhubatq,bafybeidawieqkrxufajth7jrsrnbdqpeks2zd3txr5b5zz6366ehhubatq,ok,238303
1939,bafybeigfjnpkd4g7x232avhux7si6hlrqh3mqk2cbp7m6rqguklfmsw3ue,bafybeigfjnpkd4g7x232avhux7si6hlrqh3mqk2cbp7m6rqguklfmsw3ue,ok,146310
1940,bafybeibhpnqsuxpjqdetuirphwh5cu2edn5l2imyznks4dohlshoqgqwiy,bafybeibhpnqsuxpjqdetuirphwh5cu2edn5l2imyznks4dohlshoqgqwiy,ok,140546
1941,bafybeidj6fy3ckc5ebyiwywgq7mxaryneroyznpltduzybmf3bg736eal4,bafybeidj6fy3ckc5ebyiwywgq7mxaryneroyznpltduzybmf3bg736eal4,ok,188906
1942,bafybeihuifsezppvadh3j72ip7qyh3uwczfbul32kxu3fy3xagsryzkx4m,bafybeihuifsezppvadh3j72ip7qyh3uwczfbul32kxu3fy3xagsryzkx4m,ok,162458
1943,bafybeibgbil27ezfd4ff3h6vjzxger4nnrb4kjq22qt26cv27cvwgzkmkq,bafybeibgbil27ezfd4ff3h6vjzxger4nnrb4kjq22qt26cv27cvwgzkmkq,ok,135602
1944,bafybeibbno7e3xkmtuny4bw6ae4kfd75qcpnw2angqxsg4jzbcod3a23am,bafybeibbno7e3xkmtuny4bw6ae4kfd75qcpnw2angqxsg4jzbcod3a23am,ok,260776
1945,bafybeihtf7i5ltbq6rzsirtyy26xnotmzy4qvrtphy77dvhukmcs7fwi3e,bafybeihtf7i5ltbq6rzsirtyy26xnotmzy4qvrtphy77dvhukmcs7fwi3e,ok,144914
1946,bafybeigjvunu6renjj3aohkidkmvw4s7ld7krkehscctty3ymszv3v5lbq,bafybeigjvunu6renjj3aohkidkmvw4s7ld7krkehscctty3ymszv3v5lbq,ok,235826
1947,bafybeihxier3ispi7dia7bf34nvlg3g55pcneris7biaiwovrvf6n2ozwi,bafybeihxier3ispi7dia7bf34nvlg3g55pcneris7biaiwovrvf6n2ozwi,ok,138522
1948,bafybeifvsqfldcuvqejx43julhyspo2x2j6ng6es3s2w6y5vnnshvxpkrm,bafybeifvsqfldcuvqejx43julhyspo2x2j6ng6es3s2w6y5vnnshvxpkrm,ok,201225
1949,bafybeifcxlbhzqchqt5lk53lvprfncbpw4r76kvwvsimbnltjtrk433poq,bafybeifcxlbhzqchqt5lk53lvprfncbpw4r76kvwvsimbnltjtrk433poq,ok,222719
1950,bafybeihy2bpmd7ldnizxljjekvidhh7mk6mag3kzuq6ee34j5vujxpg6xe,bafybeihy2bpmd7ldnizxljjekvidhh7mk6mag3kzuq6ee34j5vujxpg6xe,ok,167891
1951,bafybeiht3rsirqtvab73kxcr6rdhtsq7bqs6llwdsha5sls2ek6xvgv5ki,bafybeiht3rsirqtvab73kxcr6rdhtsq7bqs6llwdsha5sls2ek6xvgv5ki,ok,235823
1952,bafybeicxgs7xhdk7zyebrycqvywpjg76uzvlgxjndgt6w7yr4eoaknjjc4,bafybeicxgs7xhdk7zyebrycqvywpjg76uzvlgxjndgt6w7yr4eoaknjjc4,ok,135654
1953,bafybeiggjza3leavg6xa7wnzvrkmoirbw3grjy26wlulwanrevt2cuxkie,bafybeiggjza3leavg6xa7wnzvrkmoirbw3grjy26wlulwanrevt2cuxkie,ok,121820
1954,bafybeigdxbcgxlbaeust74wgyjud6snqol3ujgqnghl2meqfwdzfbybfry,bafybeigdxbcgxlbaeust74wgyjud6snqol3ujgqnghl2meqfwdzfbybfry,ok,130943
1955,bafybeieg4qrijyrryvr5wvgypwsgurfzfdiuvoeskp4deax6wyzl3mpdfu,bafybeieg4qrijyrryvr5wvgypwsgurfzfdiuvoeskp4deax6wyzl3mpdfu,ok,252995
1956,bafybeiaf4h22gphl577u3v4ri6a7srefcxvohebndgumovdnbi2cc7eoui,bafybeiaf4h22gphl577u3v4ri6a7srefcxvohebndgumovdnbi2cc7eoui,ok,169035
1957,bafybeiepsjj7mqf7vh4pst25hva4ceso42px5s75di4umr65mv7dawehbu,bafybeiepsjj7mqf7vh4pst25hva4ceso42px5s75di4umr65mv7dawehbu,ok,194679
1958,bafybeifq3wjxepqhaaqs2scigsywtlrrsl2f674fkc46zfo256x6f6svfy,bafybeifq3wjxepqhaaqs2scigsywtlrrsl2f674fkc46zfo256x6f6svfy,ok,245929
1959,bafybeibldn54occzpjlxpg24zzs75nxdtn37o7fabo7bw5szg6xgxif3sq,bafybeibldn54occzpjlxpg24zzs75nxdtn37o7fabo7bw5szg6xgxif3sq,ok,167328
1960,bafybeiceqmqve3uk3xg7p6joseqw35h4exvmdkazzjdtzkpq42ygz2vwme,bafybeiceqmqve3uk3xg7p6joseqw35h4exvmdkazzjdtzkpq42ygz2vwme,ok,236977
1961,bafybeid6frorqvy7mwyj5feqqsav7oagn6fw362zapk7onk6qqmmdpgo6y,bafybeid6frorqvy7mwyj5feqqsav7oagn6fw362zapk7onk6qqmmdpgo6y,ok,198765
1962,bafybeicphhvh6giir4cvplhctiyd2yo77p7sxjut5qnnhnfhvbb67wz37m,bafybeicphhvh6giir4cvplhctiyd2yo77p7sxjut5qnnhnfhvbb67wz37m,ok,222349
1963,bafybeifp3nzxtsxprlrnpbtbeaojwlqxfxjsdqtji7nejfeyjdig2jy6ly,bafybeifp3nzxtsxprlrnpbtbeaojwlqxfxjsdqtji7nejfeyjdig2jy6ly,ok,199655
1964,bafybeidaqcx6vu7mo2agap7rpbcc6doobaiorsmbdzec4jb5v7x5x2ai3i,bafybeidaqcx6vu7mo2agap7rpbcc6doobaiorsmbdzec4jb5v7x5x2ai3i,ok,133246
1965,bafybeib2rrtna7tzlmiitk7f27dgeowosgxbc5o5u5q6ildwqblog3iuku,bafybeib2rrtna7tzlmiitk7f27dgeowosgxbc5o5u5q6ildwqblog3iuku,ok,198265
1966,bafybeibjn3jhexxxkp3fgbuyimi5wjppvwsmkyexp77tljo4672vdlu2h4,bafybeibjn3jhexxxkp3fgbuyimi5wjppvwsmkyexp77tljo4672vdlu2h4,ok,213660
1967,bafybeicdzuwu5pu2pam2mqnpc7gfv3gwl26knnam6xiqyxk4izeryd6uka,bafybeicdzuwu5pu2pam2mqnpc7gfv3gwl26knnam6xiqyxk4izeryd6uka,ok,184653
1968,bafybeiccrtt4qw7v6nj7zqkkojv4lu6renqvg5gocj42tj3fvrgdq6btna,bafybeiccrtt4qw7v6nj7zqkkojv4lu6renqvg5gocj42tj3fvrgdq6btna,ok,264159
1969,bafybeihg372nmtnj6pmumb7r4jfanqzpdigtxofytgtgjxa4c73begigwm,bafybeihg372nmtnj6pmumb7r4jfanqzpdigtxofytgtgjxa4c73begigwm,ok,232277
1970,bafybeidngpnszsiomxqntakzdizhjbybuzbg3e5omdya2kvevxxc7gqo4m,bafybeidngpnszsiomxqntakzdizhjbybuzbg3e5omdya2kvevxxc7gqo4m,ok,134431
1971,bafybeiddgsa4afxmtesnwyl2w5ksjkjzz6ah5fpbzvsezkg4imsrgeedzy,bafybeiddgsa4afxmtesnwyl2w5ksjkjzz6ah5fpbzvsezkg4imsrgeedzy,ok,133432
1972,bafybeialnhzj4jeb5s5njii74yizkgse5oguixzrxqmwq7d3cnekk4shri,bafybeialnhzj4jeb5s5njii74yizkgse5oguixzrxqmwq7d3cnekk4shri,ok,245599
1973,bafybeibjzwxxo5en23eh7vwwdx4fdqfzcy4wmyjd6r34zda7z64ehbz44q,bafybeibjzwxxo5en23eh7vwwdx4fdqfzcy4wmyjd6r34zda7z64ehbz44q,ok,194028
1974,bafybeidunzfacksvcuyne36vkom4grhiuezfz4a5nfs36ixhrz4murogwi,bafybeidunzfacksvcuyne36vkom4grhiuezfz4a5nfs36ixhrz4murogwi,ok,161136
1975,bafybeicx5fprun6ulfxbcjnrwooqiakrvuqgh7lqul5hriy2nhbb6sdndq,bafybeicx5fprun6ulfxbcjnrwooqiakrvuqgh7lqul5hriy2nhbb6sdndq,ok,188198
1976,bafybeidfnymlwylm2hvkbkzljptx7pnqv3yjkbc743lj7abtguerh2nxdm,bafybeidfnymlwylm2hvkbkzljptx7pnqv3yjkbc743lj7abtguerh2nxdm,ok,275379
1977,bafybeifm4k7d5djjd2peq7rewtwrz7m6546ickvqmbedqzgf2pios3buly,bafybeifm4k7d5djjd2peq7rewtwrz7m6546ickvqmbedqzgf2pios3buly,ok,135728
1978,bafybeidn2zw6uj7mijrcaf7qrscksh6iqcy5cqujbz33jnig3pwdxjztqy,bafybeidn2zw6uj7mijrcaf7qrscksh6iqcy5cqujbz33jnig3pwdxjztqy,ok,128260
1979,bafybeido2yu5z4gxulaq7c2yi3w7dnwlex7mis2t7phym2nbzymk7hefzy,bafybeido2yu5z4gxulaq7c2yi3w7dnwlex7mis2t7phym2nbzymk7hefzy,ok,197162
1980,bafybeihserlnxbf7vcmoem2uvmd73x4bnbdf7ooeq4e3kh2r5c6bbrugva,bafybeihserlnxbf7vcmoem2uvmd73x4bnbdf7ooeq4e3kh2r5c6bbrugva,ok,199610
1981,bafybeiez6lvhhqtcvs2sscnklpzfozgb52pt42qqn5qdurowdwdzf2orsi,bafybeiez6lvhhqtcvs2sscnklpzfozgb52pt42qqn5qdurowdwdzf2orsi,ok,203974
1982,bafybeibp3ddzfchvdachjjyopgcx3mr4gyqhjhlo3vao5a3iojcruuh6jq,bafybeibp3ddzfchvdachjjyopgcx3mr4gyqhjhlo3vao5a3iojcruuh6jq,ok,154050
1983,bafybeih6oijlqb74c5d73laghnbyinffvhiwlrsmfzoge2rd5ojsjs6kx4,bafybeih6oijlqb74c5d73laghnbyinffvhiwlrsmfzoge2rd5ojsjs6kx4,ok,230034
1984,bafybeifgcouag6xwatqzhr4auqxffwg56ir4y3vrzejbftb3afgjc4m7te,bafybeifgcouag6xwatqzhr4auqxffwg56ir4y3vrzejbftb3afgjc4m7te,ok,159027
1985,bafybeiezmsc5abnqpvl2tea67iw24yrp5wigntiqyzoekjlkt3l75wy3mm,bafybeiezmsc5abnqpvl2tea67iw24yrp5wigntiqyzoekjlkt3l75wy3mm,ok,131027
1986,bafybeiaard45txksusihbynw2wo25cquhaz4rjaxtbuqy7penuvd2wfmbu,bafybeiaard45txksusihbynw2wo25cquhaz4rjaxtbuqy7penuvd2wfmbu,ok,187943
1987,bafybeih57zdf64pf3icl3npr2g5q2sydl4tb7wxp5z7d33yntxaetlukwm,bafybeih57zdf64pf3icl3npr2g5q2sydl4tb7wxp5z7d33yntxaetlukwm,ok,175029
1988,bafybeid7h2mt63hdlj7icw226pofhndp74v6ggaqionkeo5pzlcmff7fqe,bafybeid7h2mt63hdlj7icw226pofhndp74v6ggaqionkeo5pzlcmff7fqe,ok,202300
1989,bafybeibymdlxg6hzfdhnzswzjchc3bmvc4g7kkatyhqlmwsa3ockerpyvy,bafybeibymdlxg6hzfdhnzswzjchc3bmvc4g7kkatyhqlmwsa3ockerpyvy,ok,198996
1990,bafybeibz7blqffgqugnitnroi4n4cygl6o5kdxh7y7yflkbbkfwmben7zy,bafybeibz7blqffgqugnitnroi4n4cygl6o5kdxh7y7yflkbbkfwmben7zy,ok,259430
1991,bafybeic76v4gbrlyjuxz5ufpmmficwvldhd6jyf6ifathmkfy43or4ub2m,bafybeic76v4gbrlyjuxz5ufpmmficwvldhd6jyf6ifathmkfy43or4ub2m,ok,143950
1992,bafybeicb2uy55xl7f3ia37djf7iqellfod2vw5xbb2ww47xnkj4sghr3lq,bafybeicb2uy55xl7f3ia37djf7iqellfod2vw5xbb2ww47xnkj4sghr3lq,ok,243265
1993,bafybeigrpeu2b46zwchig3v5tghpygful26ciasetqps35lcx6ukmy75ru,bafybeigrpeu2b46zwchig3v5tghpygful26ciasetqps35lcx6ukmy75ru,ok,160694
1994,bafybeih5ks4jt6hlly3pbnp6kgoi2krt6i2453m4ossoeldlx4ylwasiuq,bafybeih5ks4jt6hlly3pbnp6kgoi2krt6i2453m4ossoeldlx4ylwasiuq,ok,138014
1995,bafybeifukvrtb5ogyjpzt5betbhmyjhap4xabkp66ruajrpx7vlipvky2i,bafybeifukvrtb5ogyjpzt5betbhmyjhap4xabkp66ruajrpx7vlipvky2i,ok,149652
1996,bafybeibaqzt2ef5e4vpgphqbeqzxqvuskmxyxq3fgrnaredn6zh4xtwz64,bafybeibaqzt2ef5e4vpgphqbeqzxqvuskmxyxq3fgrnaredn6zh4xtwz64,ok,138176
1997,bafybeid3rnxyeqdf4cxlm4g2m5ijlimwxi24tatxfw6b3nbkbo5m5hht3u,bafybeid3rnxyeqdf4cxlm4g2m5ijlimwxi24tatxfw6b3nbkbo5m5hht3u,ok,161668
1998,bafybeig5m62idwr6aryg7cxu7tsqbkoeuaoluonafx2tr6giow5dr7svju,bafybeig5m62idwr6aryg7cxu7tsqbkoeuaoluonafx2tr6giow5dr7svju,ok,218182
1999,bafybeidax77gm7owshcdi6cgpbqbqsutggxstgwcdw6tytnyntbxnilzda,bafybeidax77gm7owshcdi6cgpbqbqsutggxstgwcdw6tytnyntbxnilzda,ok,160169
2000,bafybeib3cqrglk2rvgiypoqi5tyhm34gf5spif4lg5zfpvsuurhd6xul74,bafybeib3cqrglk2rvgiypoqi5tyhm34gf5spif4lg5zfpvsuurhd6xul74,ok,171697
2001,bafybeifklqdylpqoends5goj52fihh6uol5qviesvc27ihhw5z5idfqxq4,bafybeifklqdylpqoends5goj52fihh6uol5qviesvc27ihhw5z5idfqxq4,ok,158535
2002,bafybeiedltsczhsu34f2owvuqh6vijdw43ocdckoezrgdijuabyok2jtgq,bafybeiedltsczhsu34f2owvuqh6vijdw43ocdckoezrgdijuabyok2jtgq,ok,136171
2003,bafybeigstwt7wqqgnahryn4jbaflphy6vxolfw2ngj5aa5yteelnaczldq,bafybeigstwt7wqqgnahryn4jbaflphy6vxolfw2ngj5aa5yteelnaczldq,ok,185808
2004,bafybeigp74urhec2yl4iwxyntvduwgiqkasgtgu4woal3ugdckody2vbm4,bafybeigp74urhec2yl4iwxyntvduwgiqkasgtgu4woal3ugdckody2vbm4,ok,145248
2005,bafybeiaqllbzoq6y5q46ctjngbm7ek3bguxwcpbkvk4qpipsvis45e22he,bafybeiaqllbzoq6y5q46ctjngbm7ek3bguxwcpbkvk4qpipsvis45e22he,ok,187141
2006,bafybeifmmrwsfigl5f6225icdlp7tkz3k67k5tzdjbulthhkmbqf54xt7y,bafybeifmmrwsfigl5f6225icdlp7tkz3k67k5tzdjbulthhkmbqf54xt7y,ok,262800
2007,bafybeigxea56jv3wtvblxkcu74q66uteznpl2x75nupauc3tldf3taaltq,bafybeigxea56jv3wtvblxkcu74q66uteznpl2x75nupauc3tldf3taaltq,ok,231456
2008,bafybeifzi27s2sqihxasstibscyyxmdidfyufy7rwqq5jtewm62g4k6x7i,bafybeifzi27s2sqihxasstibscyyxmdidfyufy7rwqq5jtewm62g4k6x7i,ok,127099
2009,bafybeidla7hyqqrkbanluwguypdhn3t2ze34smw7o4eru6pc5y5gbcnkoi,bafybeidla7hyqqrkbanluwguypdhn3t2ze34smw7o4eru6pc5y5gbcnkoi,ok,162672
2010,bafybeihcvpius7azlmzyep3rxhg7vwrbe6qsskpigrvs3zf7shq3hg74sa,bafybeihcvpius7azlmzyep3rxhg7vwrbe6qsskpigrvs3zf7shq3hg74sa,ok,131021
2011,bafybeia7i7mmcm6cdoxsasdrgpdjzxs6gs472kocmb72ukoihtyzkribnm,bafybeia7i7mmcm6cdoxsasdrgpdjzxs6gs472kocmb72ukoihtyzkribnm,ok,136396
2012,bafybeifgprvzp5pejombyaqtbzvaa53dz3hmebrndgacqoqdz3oczcrqdm,bafybeifgprvzp5pejombyaqtbzvaa53dz3hmebrndgacqoqdz3oczcrqdm,ok,243181
2013,bafybeiani4pjnl37kimhfy2rwl74slgydh5wlbqqo7qcqu5tx23nnpzwiq,bafybeiani4pjnl37kimhfy2rwl74slgydh5wlbqqo7qcqu5tx23nnpzwiq,ok,135428
2014,bafybeich5ojoodmnybpvigs4xfmnliveicci3z52tankqljszii27ue4hq,bafybeich5ojoodmnybpvigs4xfmnliveicci3z52tankqljszii27ue4hq,ok,119825
2015,bafybeiai6hwpebazfas6pynnmx5bbkcsvnkxl2ug7teqbbn43x7nlhhpsa,bafybeiai6hwpebazfas6pynnmx5bbkcsvnkxl2ug7teqbbn43x7nlhhpsa,ok,209366
2016,bafybeicglvxjgx5o45ij6o6zwevnktb5j2sabvqpc45vplf47nm5jp3e7m,bafybeicglvxjgx5o45ij6o6zwevnktb5j2sabvqpc45vplf47nm5jp3e7m,ok,214064
2017,bafybeic77ydsft2iur3gxlwqzjtbhj3qb62kz35ydkdva22n2mbdvmkuue,bafybeic77ydsft2iur3gxlwqzjtbhj3qb62kz35ydkdva22n2mbdvmkuue,ok,220860
2018,bafybeihpu3ftmb47crbuq56meolbndbj26z3mvl2amuec7vh5eenvjhvpu,bafybeihpu3ftmb47crbuq56meolbndbj26z3mvl2amuec7vh5eenvjhvpu,ok,177816
2019,bafybeid2yo7y3nxoak3uwdlond5hmmvihmdopufpukeqi2afczilsnmiqe,bafybeid2yo7y3nxoak3uwdlond5hmmvihmdopufpukeqi2afczilsnmiqe,ok,220346
2020,bafybeidjf2onfh574zkauef6pzcztme7olqlz454ymcoqhri2fkhjqzjoq,bafybeidjf2onfh574zkauef6pzcztme7olqlz454ymcoqhri2fkhjqzjoq,ok,196646
2021,bafybeiayqkpdnw7jhg57b527vtjt6bfivf3ehbbwifn47dzuenhlj4sqri,bafybeiayqkpdnw7jhg57b527vtjt6bfivf3ehbbwifn47dzuenhlj4sqri,ok,209104
2022,bafybeiab45ulonhnu46kyxyre25odovljyu4hyvj7bbuo7ns7de24hngmi,bafybeiab45ulonhnu46kyxyre25odovljyu4hyvj7bbuo7ns7de24hngmi,ok,161331
2023,bafybeihfw6sywruqvzvbfd2hfyyaqiurcywilz7trsjgxq5k2fak2mg33q,bafybeihfw6sywruqvzvbfd2hfyyaqiurcywilz7trsjgxq5k2fak2mg33q,ok,149125
2024,bafybeib6frad53g5e6jp2rpvmssnpya5lplmcbxnqmiwplrfjb3pulyvfy,bafybeib6frad53g5e6jp2rpvmssnpya5lplmcbxnqmiwplrfjb3pulyvfy,ok,170696
2025,bafybeih4mv4ciq4obzsln7gnhoqva2wal2d6xbz632c6diguq5vejhqjii,bafybeih4mv4ciq4obzsln7gnhoqva2wal2d6xbz632c6diguq5vejhqjii,ok,242118
2026,bafybeih2ukhvowlg363mb4edsl4n4h3dq5kuzwsdqnliwpp3sxqmpja66e,bafybeih2ukhvowlg363mb4edsl4n4h3dq5kuzwsdqnliwpp3sxqmpja66e,ok,187134
2027,bafybeidj6qzrpvohbfmm6aoypuuaoo3x577csobxmgqrollt3r26mvxmha,bafybeidj6qzrpvohbfmm6aoypuuaoo3x577csobxmgqrollt3r26mvxmha,ok,155622
2028,bafybeigl5eljrq3yqw3zbgbr3luvrn6i7ybmd2ovo75oxi5cllqnth5ajm,bafybeigl5eljrq3yqw3zbgbr3luvrn6i7ybmd2ovo75oxi5cllqnth5ajm,ok,124762
2029,bafybeiccekt2aqsbu76f2p3pdvuvmrojmsvxjfl2uxs47txxgsgyqhcfs4,bafybeiccekt2aqsbu76f2p3pdvuvmrojmsvxjfl2uxs47txxgsgyqhcfs4,ok,171128
2030,bafybeibspk6tsnrupmhruhvhidtlhepyij34vsrlaah7vqhjy5ghczjk4y,bafybeibspk6tsnrupmhruhvhidtlhepyij34vsrlaah7vqhjy5ghczjk4y,ok,132530
2031,bafybeiap4cghgf6akszzdaphmx6wjci4kx35nxfljtmcbgmvgidiwwpwi4,bafybeiap4cghgf6akszzdaphmx6wjci4kx35nxfljtmcbgmvgidiwwpwi4,ok,162033
2032,bafybeibvdp76iikthitpirpenrw7til4ecqel6uzawwvbm5wxeryareqdy,bafybeibvdp76iikthitpirpenrw7til4ecqel6uzawwvbm5wxeryareqdy,ok,206223
2033,bafybeibv6joghgtrxmutpz3c7zlrwadr4wuu4qtiqlnjz6pdpqyaxxbrey,bafybeibv6joghgtrxmutpz3c7zlrwadr4wuu4qtiqlnjz6pdpqyaxxbrey,ok,123052
2034,bafybeifxyypz2zcwlfwowm7sssuhczpxbxyuef3wxzsg6kxuftaa3mg75e,bafybeifxyypz2zcwlfwowm7sssuhczpxbxyuef3wxzsg6kxuftaa3mg75e,ok,226264
2035,bafybeiahlb3rgpzglvsvumis7e2cjc55by6v4e3kim3hm3bjmfhxfclpaa,bafybeiahlb3rgpzglvsvumis7e2cjc55by6v4e3kim3hm3bjmfhxfclpaa,ok,182824
2036,bafybeihcgdcxd2jwvkszr7d7kkh5f2phfjqqztfb234vgxhxeptmlpp5ky,bafybeihcgdcxd2jwvkszr7d7kkh5f2phfjqqztfb234vgxhxeptmlpp5ky,ok,209037
2037,bafybeicd5flmrrwgadqj5rjztpptuqqlejekbzshkgz3vvte4hkxp5dewi,bafybeicd5flmrrwgadqj5rjztpptuqqlejekbzshkgz3vvte4hkxp5dewi,ok,201991
2038,bafybeifxox4tbhjrpu7ft4jh2ft3qmum2y54wnb67ldugyhq3yxka4kkja,bafybeifxox4tbhjrpu7ft4jh2ft3qmum2y54wnb67ldugyhq3yxka4kkja,ok,223766
2039,bafybeicx6zhv7lcpqcbogra6hy77qo5guwppjfnfozh7wttikqnci7aawm,bafybeicx6zhv7lcpqcbogra6hy77qo5guwppjfnfozh7wttikqnci7aawm,ok,214446
2040,bafybeifncb6qgh7a7avauukbt2dyan4qlk4y63o2jodjam3ipra73legqm,bafybeifncb6qgh7a7avauukbt2dyan4qlk4y63o2jodjam3ipra73legqm,ok,196139
2041,bafybeigmy626zxftav7cd5e3hc4tgspvhk5geirmr7hzn7yd2e65qz77i4,bafybeigmy626zxftav7cd5e3hc4tgspvhk5geirmr7hzn7yd2e65qz77i4,ok,174839
2042,bafybeibcphdfbfymhlg3ubttcdvadma2pidf4ncju33vanvjrzflkhfnuu,bafybeibcphdfbfymhlg3ubttcdvadma2pidf4ncju33vanvjrzflkhfnuu,ok,222690
2043,bafybeicklwzq37uxegmkt4xqh3w2h4mvalzezce4duavdkzgpkg26ha4ha,bafybeicklwzq37uxegmkt4xqh3w2h4mvalzezce4duavdkzgpkg26ha4ha,ok,136756
2044,bafybeigg46brgmc3lpcbqjlqaf5raex7acc5qdx4ssepcvno55stuibhii,bafybeigg46brgmc3lpcbqjlqaf5raex7acc5qdx4ssepcvno55stuibhii,ok,139454
2045,bafybeifzfcccrddzgdny57r75yizxm33oxdju4pmqrmytzulgf7wnlgfxq,bafybeifzfcccrddzgdny57r75yizxm33oxdju4pmqrmytzulgf7wnlgfxq,ok,247292
2046,bafybeiagmagwe4atqbhpzm3y6k2dfvun7koo73l2np5qkbnbcasmfucgu4,bafybeiagmagwe4atqbhpzm3y6k2dfvun7koo73l2np5qkbnbcasmfucgu4,ok,189765
2047,bafybeiadosrrcczlkemw3i6bpveflflczzlhp52fare6fnnqmqtkyclcwy,bafybeiadosrrcczlkemw3i6bpveflflczzlhp52fare6fnnqmqtkyclcwy,ok,210838
2048,bafybeihd764ikhcgx4zmsjkenqgfxb2qlk7olrjl5yjeeax7iftdjfhn4u,bafybeihd764ikhcgx4zmsjkenqgfxb2qlk7olrjl5yjeeax7iftdjfhn4u,ok,138145
2049,bafybeifdwzzs3zvvbfiaidvwzkgqkyxtjkiwfvrdpfkac4s65glr6my2nm,bafybeifdwzzs3zvvbfiaidvwzkgqkyxtjkiwfvrdpfkac4s65glr6my2nm,ok,221385
2050,bafybeiha5kmmgkd5af67jmhmu43mmbz6pvaph3ngwwo42xlcjxyocmvm2a,bafybeiha5kmmgkd5af67jmhmu43mmbz6pvaph3ngwwo42xlcjxyocmvm2a,ok,217898
2051,bafybeihl6pckfcxhvyr3vc4k453z42zi5wma55mceeycg2o7vlznc3ewgm,bafybeihl6pckfcxhvyr3vc4k453z42zi5wma55mceeycg2o7vlznc3ewgm,ok,203597
2052,bafybeib72ogt55hcuvlqi7ztpis43ngjck27pznwadod64cpyzzgwrv2nm,bafybeib72ogt55hcuvlqi7ztpis43ngjck27pznwadod64cpyzzgwrv2nm,ok,221915
2053,bafybeiamo22ctb326bhdbjcv6h73xl54zbjifxegxrl25xsd4m2mawzrhq,bafybeiamo22ctb326bhdbjcv6h73xl54zbjifxegxrl25xsd4m2mawzrhq,ok,142939
2054,bafybeihi7fesj7a55spee6nzttvbgbhr42dmdzybkukmjjixs6fluoajkq,bafybeihi7fesj7a55spee6nzttvbgbhr42dmdzybkukmjjixs6fluoajkq,ok,136783
2055,bafybeicyoey7t6634tkepnm7dw3fkr7xdnwujrs4j2xf2dz7khy5dvujx4,bafybeicyoey7t6634tkepnm7dw3fkr7xdnwujrs4j2xf2dz7khy5dvujx4,ok,219431
2056,bafybeicfbnmzrr3gztqpihgdcqftzystpuz74grwclghk5hsgskodapvjy,bafybeicfbnmzrr3gztqpihgdcqftzystpuz74grwclghk5hsgskodapvjy,ok,202215
2057,bafybeicpp5gytfnxplzffs6woeqy5vp2qbozkfstrxtkpvyjyusa5exzsy,bafybeicpp5gytfnxplzffs6woeqy5vp2qbozkfstrxtkpvyjyusa5exzsy,ok,206939
2058,bafybeibtkjtc5gwflrub2fcwjawacrr3t6chs2huia5q572thbb7iy47a4,bafybeibtkjtc5gwflrub2fcwjawacrr3t6chs2huia5q572thbb7iy47a4,ok,176663
2059,bafybeicqleeirf3735pfltf45wfxitgdi4ssshebphtzy3autwwvqlctwa,bafybeicqleeirf3735pfltf45wfxitgdi4ssshebphtzy3autwwvqlctwa,ok,231819
2060,bafybeig4kqy6hsnzkpioez52ozbegec5u52k4phuskd5ebsu4rdlpr4ksy,bafybeig4kqy6hsnzkpioez52ozbegec5u52k4phuskd5ebsu4rdlpr4ksy,ok,175446
2061,bafybeieuatqdbqmlsqeakjhoybecarjg5lw2jnn2amqz6u2f55rszahixe,bafybeieuatqdbqmlsqeakjhoybecarjg5lw2jnn2amqz6u2f55rszahixe,ok,151172
2062,bafybeib2as42pm3ujaw67ad2hbi6d2eygmvyxl37rildlfr4ftdafpvsmq,bafybeib2as42pm3ujaw67ad2hbi6d2eygmvyxl37rildlfr4ftdafpvsmq,ok,209428
2063,bafybeihsplmznmi3cczykzrozvm5ftdeqcoo64jqkrsdjshllmixnjooka,bafybeiahgquox7ai2cfm44ig5wfmu4obndotv7bxnhmus4ycowzfreakly,MISMATCH,208988
2064,bafybeiemscaxzm47k5zaolx427ccqjxsjnwgqlnk4idmqj7kijxwnhm5cy,bafybeiemscaxzm47k5zaolx427ccqjxsjnwgqlnk4idmqj7kijxwnhm5cy,ok,238468
2065,bafybeiburzjuzfvzjvcwr4q6qjfjpzsfngtfyxlqwpaiihkn537ckxzsrm,bafybeiburzjuzfvzjvcwr4q6qjfjpzsfngtfyxlqwpaiihkn537ckxzsrm,ok,183652
2066,bafybeifvzn5yhqxrukg3wo46un53aywcuxl4obbp76fqpxbqutdhkjy6ze,bafybeifvzn5yhqxrukg3wo46un53aywcuxl4obbp76fqpxbqutdhkjy6ze,ok,135969
2067,bafybeicqp2aqsdds6k5tbgvoynuab7cpy23bw3dfblptvrgyj5ak7rk4oi,bafybeicqp2aqsdds6k5tbgvoynuab7cpy23bw3dfblptvrgyj5ak7rk4oi,ok,126850
2068,bafybeie6ygo7ugsm43im6olwduj7bsmyz3ewi6lyjqiunt5dcq5xyrkrry,bafybeie6ygo7ugsm43im6olwduj7bsmyz3ewi6lyjqiunt5dcq5xyrkrry,ok,246861
2069,bafybeif455r6nazl6vcigsh45nl5soifoeyikgniulizdkuku7ay55k6ke,bafybeif455r6nazl6vcigsh45nl5soifoeyikgniulizdkuku7ay55k6ke,ok,221887
2070,bafybeiah2qeaf25mydxe5b452tlwon64ibvlclsfpmwslf5hu2rgw7ruva,bafybeiah2qeaf25mydxe5b452tlwon64ibvlclsfpmwslf5hu2rgw7ruva,ok,190685
2071,bafybeicycfwz3xs7utbj4b4lithj2yv7zkwxd6kbymplfrd7pbwt45mhbi,bafybeicycfwz3xs7utbj4b4lithj2yv7zkwxd6kbymplfrd7pbwt45mhbi,ok,157205
2072,bafybeib5hngmynoinoqq53fx4i37uyjc7sdkcsve4zhojnlgbwosm52bfa,bafybeib5hngmynoinoqq53fx4i37uyjc7sdkcsve4zhojnlgbwosm52bfa,ok,144557
2073,bafybeid2viepejgl4d3jhbe2lytcpdrc4gxvnfzlsem3sk7g3cucktxomm,bafybeid2viepejgl4d3jhbe2lytcpdrc4gxvnfzlsem3sk7g3cucktxomm,ok,126645
2074,bafybeifcoffnmfzsceuazdndooug5xaztgzpgvouebgcsxosydhfxjndya,bafybeifcoffnmfzsceuazdndooug5xaztgzpgvouebgcsxosydhfxjndya,ok,211528
2075,bafybeidfdrqblzjaqlfha4mjkwnxgdjoj64xrcnizwkh44d2byu72kknfm,bafybeidfdrqblzjaqlfha4mjkwnxgdjoj64xrcnizwkh44d2byu72kknfm,ok,279911
2076,bafybeiawkbrfozr772zoc5vil3fc3mdc2b7vrpac3vjz2pc3e5ceufzrpi,bafybeiawkbrfozr772zoc5vil3fc3mdc2b7vrpac3vjz2pc3e5ceufzrpi,ok,135416
2077,bafybeieazuanpa6u5ouxvkbkqmzdlibiue6jhusziex7z7miwuxv4bry4u,bafybeieazuanpa6u5ouxvkbkqmzdlibiue6jhusziex7z7miwuxv4bry4u,ok,198945
2078,bafybeibels6drd7p2eqmtavtedfnjmeqc3ra26k7kd5ownqoxxgxm3yzf4,bafybeibels6drd7p2eqmtavtedfnjmeqc3ra26k7kd5ownqoxxgxm3yzf4,ok,232950
2079,bafybeic5s4agqzh7tpapmbl3dv6rucpxxlsghwmkub5wbnj4kocfsrwycm,bafybeic5s4agqzh7tpapmbl3dv6rucpxxlsghwmkub5wbnj4kocfsrwycm,ok,178467
2080,bafybeialyotdvhakuent66wp56awvvfajiwrxy5cebl4isypkyvqzcxki4,bafybeialyotdvhakuent66wp56awvvfajiwrxy5cebl4isypkyvqzcxki4,ok,227603
2081,bafybeifli2icixhiv2ezdwxb2iofuufgy7myxjdm62gx7yarxf3l76vjue,bafybeifli2icixhiv2ezdwxb2iofuufgy7myxjdm62gx7yarxf3l76vjue,ok,208834
2082,bafybeiedd3lh5et32duwv5u2kkub723suemzs7j5w266bnr5lwqzjlgu74,bafybeiedd3lh5et32duwv5u2kkub723suemzs7j5w266bnr5lwqzjlgu74,ok,218086
2083,bafybeiegvlgskkymioylw3fugi6yuygvggs4rhyfukevwg2pqhz3x6ejnm,bafybeiegvlgskkymioylw3fugi6yuygvggs4rhyfukevwg2pqhz3x6ejnm,ok,137265
2084,bafybeiewn3vdpvufe46gkwgkyekeo4cy3utble3y3mjkkra76ugtzxiiza,bafybeiewn3vdpvufe46gkwgkyekeo4cy3utble3y3mjkkra76ugtzxiiza,ok,193290
2085,bafybeidjie26insnidxijncwmbxu6jwkbkf76a2tlakxuu7nhoam5dm4sm,bafybeidjie26insnidxijncwmbxu6jwkbkf76a2tlakxuu7nhoam5dm4sm,ok,196847
2086,bafybeihgkc3k76feijy6s7445l3uz5z35dzqu3rjnpfim745zdtbtmzajq,bafybeihgkc3k76feijy6s7445l3uz5z35dzqu3rjnpfim745zdtbtmzajq,ok,194354
2087,bafybeiandenz23nzasxjnullixqawhnhkvw57pzwlyrtullqtgkcmga7vi,bafybeiandenz23nzasxjnullixqawhnhkvw57pzwlyrtullqtgkcmga7vi,ok,157600
2088,bafybeihdxiswat3ckr42qjnrdw57xbr3534r647ptlrij22tmy3fb4r72y,bafybeihdxiswat3ckr42qjnrdw57xbr3534r647ptlrij22tmy3fb4r72y,ok,222131
2089,bafybeidifidggg352xmjo265rrv5fvf4ta7ccmkxicdkuyxegg6uak3qa4,bafybeidifidggg352xmjo265rrv5fvf4ta7ccmkxicdkuyxegg6uak3qa4,ok,212586
2090,bafybeigji27m7l4n5wzvipt7k6uur2iv2be566qxavq4owtzrx6b36266u,bafybeigji27m7l4n5wzvipt7k6uur2iv2be566qxavq4owtzrx6b36266u,ok,153357
2091,bafybeic77bc4b574vpvirq3ncvrehpcfvbgdxe6jdxrkgn7225m6aqjxre,bafybeic77bc4b574vpvirq3ncvrehpcfvbgdxe6jdxrkgn7225m6aqjxre,ok,213900
2092,bafybeigg2m2h4prlncmhspi2efnms6tikm2ucy5imysklovuijhighiz5y,bafybeigg2m2h4prlncmhspi2efnms6tikm2ucy5imysklovuijhighiz5y,ok,161290
2093,bafybeig2lkonvizhmugminxtewud6j7umw3vcz6cnm5ftbebkd5bzya6wa,bafybeig2lkonvizhmugminxtewud6j7umw3vcz6cnm5ftbebkd5bzya6wa,ok,195311
2094,bafybeicdewvblqmtq2yfzp6mkzeeq34vrlqcngwkivkvvd3r53366ti7n4,bafybeicdewvblqmtq2yfzp6mkzeeq34vrlqcngwkivkvvd3r53366ti7n4,ok,206301
2095,bafybeigidigtj2ddmuxpo6wnmazyses7egf6mnzgwo7ce2d5o7kj27djby,bafybeigidigtj2ddmuxpo6wnmazyses7egf6mnzgwo7ce2d5o7kj27djby,ok,166371
2096,bafybeiebye66ycba54hjz72wvzesbsgnaqkumlfmohkr2xy5xcrgjt2qm4,bafybeiebye66ycba54hjz72wvzesbsgnaqkumlfmohkr2xy5xcrgjt2qm4,ok,153690
2097,bafybeidfhxlfts724jzijncpsxkd4efr4ykjbyv62u42kb2c5zjs6r2riq,bafybeidfhxlfts724jzijncpsxkd4efr4ykjbyv62u42kb2c5zjs6r2riq,ok,207965
2098,bafybeiafk54ajfkubx5nsx2i2eewxzh43mqwvso5tmvcfuok7ydrxfpc5y,bafybeiafk54ajfkubx5nsx2i2eewxzh43mqwvso5tmvcfuok7ydrxfpc5y,ok,191973
2099,bafybeig4mnhbvnw4algsoxsyemu25srwtwpureesi2rvzsbji4klshstlu,bafybeig4mnhbvnw4algsoxsyemu25srwtwpureesi2rvzsbji4klshstlu,ok,141681
2100,bafybeihnlkd5h6cf4j3mfvl7mcuodq464tjgti6mmjgqqliip6t6le2sgy,bafybeihnlkd5h6cf4j3mfvl7mcuodq464tjgti6mmjgqqliip6t6le2sgy,ok,140117
2101,bafybeibhjomzz47nr4vkqx7ujot6k5mw5bfffxsyh2pfgiqxa72k3auo7q,bafybeibhjomzz47nr4vkqx7ujot6k5mw5bfffxsyh2pfgiqxa72k3auo7q,ok,143526
2102,bafybeia5htie6qs4b5trve6cpuqb3d3vnmxhfupzspo4s3onp5avsj7uyq,bafybeia5htie6qs4b5trve6cpuqb3d3vnmxhfupzspo4s3onp5avsj7uyq,ok,204901
2103,bafybeif36y7jvfo24nstn4cctvhadjhx4sjrxmdmqxnzuryk2qnwcq3nbm,bafybeif36y7jvfo24nstn4cctvhadjhx4sjrxmdmqxnzuryk2qnwcq3nbm,ok,208440
2104,bafybeigrauhaekxas5ujwc4y35fdsrzx3pigau7w5xyss3aoki5twynnvu,bafybeigrauhaekxas5ujwc4y35fdsrzx3pigau7w5xyss3aoki5twynnvu,ok,138226
2105,bafybeidmll7g6ycwtxhpfug4ui7hlhritys5jmskozpykvmmewg6lxunqe,bafybeidmll7g6ycwtxhpfug4ui7hlhritys5jmskozpykvmmewg6lxunqe,ok,144523
2106,bafybeicpjwyiitpftjbknij74yi7mnunoqqnc6dp7uenmgvhrzzprewygu,bafybeicpjwyiitpftjbknij74yi7mnunoqqnc6dp7uenmgvhrzzprewygu,ok,228915
2107,bafybeibe7ookjyvxtjxivshf6yb3upusidshrc43j3v6gz2v5rjinyud74,bafybeibe7ookjyvxtjxivshf6yb3upusidshrc43j3v6gz2v5rjinyud74,ok,167160
2108,bafybeigbsijlfsovq75thztk6jrqvstunwc45zivpdqobx6j7jlpmb6l2e,bafybeigbsijlfsovq75thztk6jrqvstunwc45zivpdqobx6j7jlpmb6l2e,ok,191115
2109,bafybeidei2ivhc2fvgwyfdpn7gjygdztxwndkugweudyrnfsjkx4plmeie,bafybeidei2ivhc2fvgwyfdpn7gjygdztxwndkugweudyrnfsjkx4plmeie,ok,216697
2110,bafybeigmb2zamizkzrq2cp3xcc47bqxt2zu6ernji2n5wgiisrgartngcm,bafybeigmb2zamizkzrq2cp3xcc47bqxt2zu6ernji2n5wgiisrgartngcm,ok,119729
2111,bafybeif6kp4xl4zpfycffd7uvbjfmpdkvebjfq5ff62e7ra4iqbbwsib44,bafybeif6kp4xl4zpfycffd7uvbjfmpdkvebjfq5ff62e7ra4iqbbwsib44,ok,137332
2112,bafybeieqnsdngb767tdxoyhflczbqsxixv2tjcftzxgca2kldkizjg3kse,bafybeieqnsdngb767tdxoyhflczbqsxixv2tjcftzxgca2kldkizjg3kse,ok,186310
2113,bafybeicbkzlwyvq4sfkn7cnnr4j64cfe3573nzwsef2m4upzmbsx5mvt2i,bafybeicbkzlwyvq4sfkn7cnnr4j64cfe3573nzwsef2m4upzmbsx5mvt2i,ok,179034
2114,bafybeie2rt3lvc6fz7zlwlkuoo3kkglrqmxztadhnx6mef6bk5l73le7ku,bafybeie2rt3lvc6fz7zlwlkuoo3kkglrqmxztadhnx6mef6bk5l73le7ku,ok,226602
2115,bafybeidykxplxd4bjoi6yfocjsuw7awry3tmcnzrzy2526jaj6vpqfcyj4,bafybeidykxplxd4bjoi6yfocjsuw7awry3tmcnzrzy2526jaj6vpqfcyj4,ok,230181
2116,bafybeifhvdlfuhusdgyagiyuro2yywntw3mehcjm5pvxcsik57nhzpsf5u,bafybeifhvdlfuhusdgyagiyuro2yywntw3mehcjm5pvxcsik57nhzpsf5u,ok,158232
2117,bafybeiamipebtdoqq7zphwg6t27qpishtm7ybhnne2zl26grsr7yynq2mm,bafybeiamipebtdoqq7zphwg6t27qpishtm7ybhnne2zl26grsr7yynq2mm,ok,211417
2118,bafybeibzzu4tviwh4nbvkusmwskarzkqcpzahgzsiurputuszfdnl5f7qa,bafybeibzzu4tviwh4nbvkusmwskarzkqcpzahgzsiurputuszfdnl5f7qa,ok,100812
2119,bafybeiao6264gpmjydpumi7uv3rtgv6d66xn2v75s2vmaeojryyyhn46jy,bafybeiao6264gpmjydpumi7uv3rtgv6d66xn2v75s2vmaeojryyyhn46jy,ok,162172
2120,bafybeihsnnrqiulczim4wbaieq5ncvnxjm6qmpfyacwm2unjrbjyqwojui,bafybeihsnnrqiulczim4wbaieq5ncvnxjm6qmpfyacwm2unjrbjyqwojui,ok,130129
2121,bafybeib3pa5jfbwpmgajpvzkihkukqgart5uwf6zxhhn6p334dqq6awvhm,bafybeib3pa5jfbwpmgajpvzkihkukqgart5uwf6zxhhn6p334dqq6awvhm,ok,134226
2122,bafybeicz7qs3c5xxhtaxu5bxlfzmkpdoubyixvaqkppunpim7bkm5c75ty,bafybeicz7qs3c5xxhtaxu5bxlfzmkpdoubyixvaqkppunpim7bkm5c75ty,ok,160138
2123,bafybeiamxckgqut4vrlgayzpmnie36unugvqm7xutp6xdi7jupqmtq4cfi,bafybeiamxckgqut4vrlgayzpmnie36unugvqm7xutp6xdi7jupqmtq4cfi,ok,181690
2124,bafybeidbd5weeozqnddhvgndqfb534anj7zus3ci2a3f2ijecyrjsqln7q,bafybeidbd5weeozqnddhvgndqfb534anj7zus3ci2a3f2ijecyrjsqln7q,ok,189700
2125,bafybeih52ztmjl3y5alh2hikctcriaujksriydahkdr6naamip4w5ubv5m,bafybeih52ztmjl3y5alh2hikctcriaujksriydahkdr6naamip4w5ubv5m,ok,241956
2126,bafybeigyuq7a2g7scbbvu2jwimkfjnflknf6fx7et5xhm7fthzrlznsfty,bafybeigyuq7a2g7scbbvu2jwimkfjnflknf6fx7et5xhm7fthzrlznsfty,ok,161774
2127,bafybeieg7lm46hy56k3iu6c7hpl73ym4d7kakm4ww6h236lutpt6nln4gu,bafybeieg7lm46hy56k3iu6c7hpl73ym4d7kakm4ww6h236lutpt6nln4gu,ok,206870
2128,bafybeigluiffdbpkh3khx7vbn667kxs25owbndeypglvddmxtvl3fijjra,bafybeigluiffdbpkh3khx7vbn667kxs25owbndeypglvddmxtvl3fijjra,ok,200926
2129,bafybeif424rwwmmtvubrevphfr24puspe7mxqlpwgbi6pgi65zqf6l5iwm,bafybeif424rwwmmtvubrevphfr24puspe7mxqlpwgbi6pgi65zqf6l5iwm,ok,221723
2130,bafybeih6xyt2zylzr3t7yvhm3tyrwposmrf7t3gdkgb3nyqj2kzf46mnu4,bafybeih6xyt2zylzr3t7yvhm3tyrwposmrf7t3gdkgb3nyqj2kzf46mnu4,ok,186024
2131,bafybeifjrivpiu5gdetttakoftbgydmxzwnxhyblr7jxd5xgae53zbo2jq,bafybeifjrivpiu5gdetttakoftbgydmxzwnxhyblr7jxd5xgae53zbo2jq,ok,151316
2132,bafybeiaulr4352peqbjlsdn7fts3sutwycwxgkqwx7bao7dlitjpy5mgom,bafybeiaulr4352peqbjlsdn7fts3sutwycwxgkqwx7bao7dlitjpy5mgom,ok,214383
2133,bafybeibkfezmfyxae7eujuc6peuth4tg4umindonk7yrbaz4cj3r3wk2xe,bafybeibkfezmfyxae7eujuc6peuth4tg4umindonk7yrbaz4cj3r3wk2xe,ok,128346
2134,bafybeihzx6qos3yassu4w6p26y725r7dxzrsal2ebmmdy7krfxxys3634y,bafybeihzx6qos3yassu4w6p26y725r7dxzrsal2ebmmdy7krfxxys3634y,ok,142071
2135,bafybeifk3snqe2i3ivkt7erzfwianv4iqzmw2k6xb425gw7vbh5riukqze,bafybeifk3snqe2i3ivkt7erzfwianv4iqzmw2k6xb425gw7vbh5riukqze,ok,135189
2136,bafybeielsoi4duireitmhpe4mw36d7l6e3y2rvividtcbix6d7yjqcnbq4,bafybeielsoi4duireitmhpe4mw36d7l6e3y2rvividtcbix6d7yjqcnbq4,ok,177238
2137,bafybeiamvwietgk7zfc5pts6h4qimdzavvguf7ix2im2qm3hletzofyp7m,bafybeiamvwietgk7zfc5pts6h4qimdzavvguf7ix2im2qm3hletzofyp7m,ok,229042
2138,bafybeiciingmmby7f72vqmbs5xvtcu7qhbnobhf2q6ith3nnqugwcouh54,bafybeiciingmmby7f72vqmbs5xvtcu7qhbnobhf2q6ith3nnqugwcouh54,ok,220402
2139,bafybeif7t2wijllx5xihiuwp2ezuy2staqew3yt7lznvd4wol4k2t72zcy,bafybeif7t2wijllx5xihiuwp2ezuy2staqew3yt7lznvd4wol4k2t72zcy,ok,197240
2140,bafybeicdfwlbsols3l5ua7fylghy2gi5oro2enpbfqhn35leyvurnynwdu,bafybeicdfwlbsols3l5ua7fylghy2gi5oro2enpbfqhn35leyvurnynwdu,ok,173294
2141,bafybeicztv7tjzj5e4qkdqlpn4oeev4ja2gpldztvkdgfha5k5qrcfeoim,bafybeicztv7tjzj5e4qkdqlpn4oeev4ja2gpldztvkdgfha5k5qrcfeoim,ok,247576
2142,bafybeiehuaaeu32ffcafhurnchh4zwqrd67hm4komql4crrzpcbvv2ytua,bafybeiehuaaeu32ffcafhurnchh4zwqrd67hm4komql4crrzpcbvv2ytua,ok,187579
2143,bafybeih4k5dm5y6wmbzfq5mbuk6544eau3c7m63araqgbvm7n6mvtjjo74,bafybeih4k5dm5y6wmbzfq5mbuk6544eau3c7m63araqgbvm7n6mvtjjo74,ok,189432
2144,bafybeiamn4nrvhn3isq6x4h7ouiopgpgle2bxm37xlxiznurddndqjey4e,bafybeiamn4nrvhn3isq6x4h7ouiopgpgle2bxm37xlxiznurddndqjey4e,ok,134742
2145,bafybeif7hzzbkxbbdqnpura7d5cey3sabqiib6j2wnwwohm6ssns2y4cni,bafybeif7hzzbkxbbdqnpura7d5cey3sabqiib6j2wnwwohm6ssns2y4cni,ok,211782
2146,bafybeiebuy6aryqaivccw7awvjg6rzlodufsxne3pqb2jbdlxqinz5lcce,bafybeiebuy6aryqaivccw7awvjg6rzlodufsxne3pqb2jbdlxqinz5lcce,ok,220754
2147,bafybeid3i7773towvakqccq4gmknjjilvoyti3qxwnxcf4h3ij4fnctuiu,bafybeid3i7773towvakqccq4gmknjjilvoyti3qxwnxcf4h3ij4fnctuiu,ok,200391
2148,bafybeiftoqitowahhhmxvv7lrajruxhamcfr6lvenymdawcmm6yx7wjjpy,bafybeiftoqitowahhhmxvv7lrajruxhamcfr6lvenymdawcmm6yx7wjjpy,ok,216566
2149,bafybeid622qdzkc54qlzr24pujxj33zwk4rsgjl2hx7w7pxg3huwyve6vi,bafybeid622qdzkc54qlzr24pujxj33zwk4rsgjl2hx7w7pxg3huwyve6vi,ok,223804
2150,bafybeihywmgkfqpci2qfeu4xvwtas4v7bws2ekbkojx7mia6isiekeiobu,bafybeihywmgkfqpci2qfeu4xvwtas4v7bws2ekbkojx7mia6isiekeiobu,ok,151947
2151,bafybeihoa4tknz4tybsvlfz5egdyostsl7vogppyqtdhlh2zarmaygl6mm,bafybeihoa4tknz4tybsvlfz5egdyostsl7vogppyqtdhlh2zarmaygl6mm,ok,122819
2152,bafybeicdvomfja4gtsqkhueyhfson5kmagnp233vtkk4jiqvmp2voajw4a,bafybeicdvomfja4gtsqkhueyhfson5kmagnp233vtkk4jiqvmp2voajw4a,ok,245979
2153,bafybeifavwu5gxd2itupwus2g2mofj4whqocknh2ecojg7gdlgqokagewe,bafybeifavwu5gxd2itupwus2g2mofj4whqocknh2ecojg7gdlgqokagewe,ok,188574
2154,bafybeihrogr7o4ti222di5jte4ofu5pe3heoaiysbcp2c3iog6bywlt2tq,bafybeihrogr7o4ti222di5jte4ofu5pe3heoaiysbcp2c3iog6bywlt2tq,ok,209804
2155,bafybeiepwblfavdov25jdzo2bwdjkwyzdlfgcpf57ukknkyk6syqkcvu3q,bafybeiepwblfavdov25jdzo2bwdjkwyzdlfgcpf57ukknkyk6syqkcvu3q,ok,200598
2156,bafybeifg7wu5e2sxop3mp3ocg2py43i5mf55wspxrf7li37qaeft4aihci,bafybeifg7wu5e2sxop3mp3ocg2py43i5mf55wspxrf7li37qaeft4aihci,ok,137655
2157,bafybeifukl7xd576vycjdky5yh4j4plxktyi6lxfkvbxtcbwvqwsl6rslq,bafybeifukl7xd576vycjdky5yh4j4plxktyi6lxfkvbxtcbwvqwsl6rslq,ok,183701
2158,bafybeigsz5cbwhdjbhsmvnnr32gze2ynyv2rqadqzm3zhsa34jdgpgdgdi,bafybeigsz5cbwhdjbhsmvnnr32gze2ynyv2rqadqzm3zhsa34jdgpgdgdi,ok,200595
2159,bafybeigh2oqpyyr7vloq4qxrjf23ye6bgkuceyehvnsw2fehrnfxragrcu,bafybeigh2oqpyyr7vloq4qxrjf23ye6bgkuceyehvnsw2fehrnfxragrcu,ok,228612
2160,bafybeihq3o2mbtc6avgkg5cczzsa6fu4r43kbr4gz6kmlzinc2py3fmnqe,bafybeihq3o2mbtc6avgkg5cczzsa6fu4r43kbr4gz6kmlzinc2py3fmnqe,ok,210606
2161,bafybeiej2k5obxehstu5sd5umqwrj5fspl2hjmyy6hbwq4fr5r63n54jse,bafybeiej2k5obxehstu5sd5umqwrj5fspl2hjmyy6hbwq4fr5r63n54jse,ok,158473
2162,bafybeigzgasq7zbmx25fb37knxjmlkbdl2vptpzo3byzlrdcvho4xubniq,bafybeigzgasq7zbmx25fb37knxjmlkbdl2vptpzo3byzlrdcvho4xubniq,ok,140526
2163,bafybeidcyjbfeumr24yuvr2vsbxui4rhav5chenzgefqwexxwmguzzf7ly,bafybeidcyjbfeumr24yuvr2vsbxui4rhav5chenzgefqwexxwmguzzf7ly,ok,199917
2164,bafybeid6n2b4qhxv4hjtvcwcct3s7pzpndewtheanpdlf4scf76kwus77e,bafybeid6n2b4qhxv4hjtvcwcct3s7pzpndewtheanpdlf4scf76kwus77e,ok,228586
2165,bafybeiaxo3r7x3m3epwi2h56wpqccrycpqlgc6dmjuxs4iamhzzrj3dmhe,bafybeiaxo3r7x3m3epwi2h56wpqccrycpqlgc6dmjuxs4iamhzzrj3dmhe,ok,209182
2166,bafybeifofi6s4ce5j4so7n3kycy6uz3y3ucljchorbfvw6g3yo2h52mqyu,bafybeifofi6s4ce5j4so7n3kycy6uz3y3ucljchorbfvw6g3yo2h52mqyu,ok,210691
2167,bafybeielwbyefeq6vum6k7f2az2orn7ow5eb5i7kqxm6vzpq2wvlkkxwfu,bafybeielwbyefeq6vum6k7f2az2orn7ow5eb5i7kqxm6vzpq2wvlkkxwfu,ok,209291
2168,bafybeicqaoo27qowrfguvbc677szramvgvwrwe44lhgv5hl7wko5l6eqji,bafybeicqaoo27qowrfguvbc677szramvgvwrwe44lhgv5hl7wko5l6eqji,ok,224783
2169,bafybeifwlrwubmj7334rylfkecdifsq6egtkmrol2bn35k7xacwu76segy,bafybeifwlrwubmj7334rylfkecdifsq6egtkmrol2bn35k7xacwu76segy,ok,261426
2170,bafybeihyzsphwbpncl2cqeavxxizevw2hjnyndo2bt73cjqsut6luo4ixy,bafybeihyzsphwbpncl2cqeavxxizevw2hjnyndo2bt73cjqsut6luo4ixy,ok,214387
2171,bafybeibgdtjhe4nqc7fpwjgg4cn4acbiwgftsb3yf7ggp53yd5s6ijrbga,bafybeibgdtjhe4nqc7fpwjgg4cn4acbiwgftsb3yf7ggp53yd5s6ijrbga,ok,179065
2172,bafybeiae2cp7crgauzy7yn4gp4lbi77omc3vcrijwwr76filzgqgsle4py,bafybeiae2cp7crgauzy7yn4gp4lbi77omc3vcrijwwr76filzgqgsle4py,ok,220718
2173,bafybeidz4hdxrbrjee5v3yscptybix6mm5lj6hraewhlon7chxxnvck3hi,bafybeidz4hdxrbrjee5v3yscptybix6mm5lj6hraewhlon7chxxnvck3hi,ok,146653
2174,bafybeigtzzgh7q4sucgedd4kycsecaczfrdy4524e37tou23lv5ftg3wki,bafybeigtzzgh7q4sucgedd4kycsecaczfrdy4524e37tou23lv5ftg3wki,ok,145851
2175,bafybeiblwz7y73lzzw42t5xlvsw4ivvv4qfmbkslzw4ouo7l22ziaa36te,bafybeiblwz7y73lzzw42t5xlvsw4ivvv4qfmbkslzw4ouo7l22ziaa36te,ok,154444
2176,bafybeiew4eciagijd7p4tgnck6vb2jhl4xzlfn2va5yh4sn3jmy6jp5idq,bafybeiew4eciagijd7p4tgnck6vb2jhl4xzlfn2va5yh4sn3jmy6jp5idq,ok,218481
2177,bafybeidmilek3qupjymiom7jesdlhpqx7auhrtk2nal432wqbndjkhu4sq,bafybeidmilek3qupjymiom7jesdlhpqx7auhrtk2nal432wqbndjkhu4sq,ok,165490
2178,bafybeiccsdxpehi55hb7fyb5ltmwbpdmgvll7rqbr4h2y5yrwomckzwd6e,bafybeiccsdxpehi55hb7fyb5ltmwbpdmgvll7rqbr4h2y5yrwomckzwd6e,ok,170149
2179,bafybeibu6wrhijc6b2f22mlxqjegkgiavcjt6rrf7nfhd57k57pw46wnbu,bafybeibu6wrhijc6b2f22mlxqjegkgiavcjt6rrf7nfhd57k57pw46wnbu,ok,193198
2180,bafybeih2s5rlk2hxqynmd7vs3ajibitpprpujriintbbfvnyukvdvgoxru,bafybeih2s5rlk2hxqynmd7vs3ajibitpprpujriintbbfvnyukvdvgoxru,ok,212694
2181,bafybeiecpx2npgzufzgspset7w75ojji25wwmdssmkutwv6nvvd3fg7fva,bafybeiecpx2npgzufzgspset7w75ojji25wwmdssmkutwv6nvvd3fg7fva,ok,156900
2182,bafybeia6s2pzjgohiuph6eimic7osqm36pmdcm5a3k7nkxcl25kdsquyua,bafybeia6s2pzjgohiuph6eimic7osqm36pmdcm5a3k7nkxcl25kdsquyua,ok,157560
2183,bafybeiataem7udbnzbrshchfu3g3sa5vwstmlyrjot3wcf42fmkgdddyxu,bafybeiataem7udbnzbrshchfu3g3sa5vwstmlyrjot3wcf42fmkgdddyxu,ok,119822
2184,bafybeiacixdnswrhut36kmhczi2rzl565xuttg56o3dzawj7nftndj7otm,bafybeiacixdnswrhut36kmhczi2rzl565xuttg56o3dzawj7nftndj7otm,ok,136292
2185,bafybeibntaielmuqaioeef73b3eqscktckded3c47u6vgyidqqyoielotq,bafybeibntaielmuqaioeef73b3eqscktckded3c47u6vgyidqqyoielotq,ok,266612
2186,bafybeifh46g65fj5uig52hz5g3ung7hx2v7odli6fdzzzoudnzqurwmjdq,bafybeifh46g65fj5uig52hz5g3ung7hx2v7odli6fdzzzoudnzqurwmjdq,ok,166297
2187,bafybeihibyaqtt5c6ydhi6a3jc2z27nibulcminqqogsyz2rkrt5vjm3ie,bafybeihibyaqtt5c6ydhi6a3jc2z27nibulcminqqogsyz2rkrt5vjm3ie,ok,213340
2188,bafybeid6rhp5svyi4iiscnyu6puqrc33t7qb5mqesb6ixluzm2hpy4lhdq,bafybeid6rhp5svyi4iiscnyu6puqrc33t7qb5mqesb6ixluzm2hpy4lhdq,ok,223066
2189,bafybeihmwpufz2ypa6ptf5ya2rrovffewrewagzg4eyjw33qww4khjtp4i,bafybeihmwpufz2ypa6ptf5ya2rrovffewrewagzg4eyjw33qww4khjtp4i,ok,134154
2190,bafybeiem75mgwwa5yys52saf72o26lntowujputnkag5csexzn53r6rbpy,bafybeiem75mgwwa5yys52saf72o26lntowujputnkag5csexzn53r6rbpy,ok,156951
2191,bafybeigeha2q333uri6vi5kksdzboyvsosbeywryggafk6g4xdgpgaju3y,bafybeigeha2q333uri6vi5kksdzboyvsosbeywryggafk6g4xdgpgaju3y,ok,164144
2192,bafybeiewdg4sbddu6gcxifktrgec3bp43t3jjnuncuzomp54dxweauml6q,bafybeiewdg4sbddu6gcxifktrgec3bp43t3jjnuncuzomp54dxweauml6q,ok,167646
2193,bafybeih63awu6dz54mrxbetoxfdclmmlnybb76n4ynmga2wy3id43tl2d4,bafybeih63awu6dz54mrxbetoxfdclmmlnybb76n4ynmga2wy3id43tl2d4,ok,193008
2194,bafybeifg7aflhzbplvvsjqvl67ck6tq2dbtjks3bkxzhwljvnvd5hkdtny,bafybeifg7aflhzbplvvsjqvl67ck6tq2dbtjks3bkxzhwljvnvd5hkdtny,ok,204214
2195,bafybeigsoiof6fosee3jtfxcliuzpbw6kusxa3hx3meplrhbso7orrjzd4,bafybeigsoiof6fosee3jtfxcliuzpbw6kusxa3hx3meplrhbso7orrjzd4,ok,193498
2196,bafybeifa5jccev4ch7qg7bsfnm4h5p3ezwzgakucejkcrdfjdvyosnsnfq,bafybeifa5jccev4ch7qg7bsfnm4h5p3ezwzgakucejkcrdfjdvyosnsnfq,ok,188528
2197,bafybeib4cec42x7zr7qnhoektyczgmrsnuavqusvwf4ykcqgi3ecgnqdeq,bafybeib4cec42x7zr7qnhoektyczgmrsnuavqusvwf4ykcqgi3ecgnqdeq,ok,143351
2198,bafybeia3ryoqdxbsav26db5m2mz445pbfclgin2w4qhsnjxgbhuwu2dnzu,bafybeia3ryoqdxbsav26db5m2mz445pbfclgin2w4qhsnjxgbhuwu2dnzu,ok,160826
2199,bafybeidphugdo57zahezuyymvxsu6maqp3ewhdrelrij3smuohk2yimwq4,bafybeidphugdo57zahezuyymvxsu6maqp3ewhdrelrij3smuohk2yimwq4,ok,247358
2200,bafybeiav6hnl4rmmv7ngba66ogzixaxstvpqj7ljbv3x6qlfm5huwal5fy,bafybeiav6hnl4rmmv7ngba66ogzixaxstvpqj7ljbv3x6qlfm5huwal5fy,ok,240719
2201,bafybeib7mzpmkqfic7mzqxwdicyofystb2fioohjc6k6kc4o4y5k627uzy,bafybeib7mzpmkqfic7mzqxwdicyofystb2fioohjc6k6kc4o4y5k627uzy,ok,176881
2202,bafybeicdfxyqh5klolr4ahoggkk4qe3nkggdfsntwyu3muvc3mfooasqne,bafybeicdfxyqh5klolr4ahoggkk4qe3nkggdfsntwyu3muvc3mfooasqne,ok,154426
2203,bafybeihc2nzd2nj4bosdx3u4pgzyh337avic7x5x4iotf5udvdhujlthle,bafybeihc2nzd2nj4bosdx3u4pgzyh337avic7x5x4iotf5udvdhujlthle,ok,169581
2204,bafybeiadt2rjp5mdkxyzjwwjrrdqs53kee2ehv7v3lagfy6vwb5gtvf4xa,bafybeiadt2rjp5mdkxyzjwwjrrdqs53kee2ehv7v3lagfy6vwb5gtvf4xa,ok,187077
2205,bafybeickzqeh7xaljc2yzp4uy7xwecyt3pucvr2ni6q3qovlx4t36qua7e,bafybeickzqeh7xaljc2yzp4uy7xwecyt3pucvr2ni6q3qovlx4t36qua7e,ok,170197
2206,bafybeihpl5ttunxfdctt2howbdfhidegkdpk4ervxj6pav2ojplrnqa3cm,bafybeihpl5ttunxfdctt2howbdfhidegkdpk4ervxj6pav2ojplrnqa3cm,ok,185936
2207,bafybeihdabvahx746ccpbzcgi27mrus6bmzhlyq2rvnlzdl7xdirabolfi,bafybeihdabvahx746ccpbzcgi27mrus6bmzhlyq2rvnlzdl7xdirabolfi,ok,142507
2208,bafybeibjtpjkzmbalnyqpwmq5djklmxnqehd7s6pis742dn5dlvkr25tdq,bafybeibjtpjkzmbalnyqpwmq5djklmxnqehd7s6pis742dn5dlvkr25tdq,ok,225237
2209,bafybeihjmjqreuwf4sp4v5aqg5mp72agnk6r5qdbnvuekvfthtbawy2jv4,bafybeihjmjqreuwf4sp4v5aqg5mp72agnk6r5qdbnvuekvfthtbawy2jv4,ok,203289
2210,bafybeicoi3whj6pxs3n7ud2tyqxhwlqy4xmllmul2iuviypuf5gc65twlq,bafybeicoi3whj6pxs3n7ud2tyqxhwlqy4xmllmul2iuviypuf5gc65twlq,ok,196645
2211,bafybeig2brqvr37lobdofyaregchagj35a3l4y7rewvmp7ctwfwz2sbliq,bafybeig2brqvr37lobdofyaregchagj35a3l4y7rewvmp7ctwfwz2sbliq,ok,123380
2212,bafybeibiiwujbk3r53k34pbjuwijqnor4iymdfoqddc3q4hujq6lmsknly,bafybeibiiwujbk3r53k34pbjuwijqnor4iymdfoqddc3q4hujq6lmsknly,ok,257797
2213,bafybeib2esmccpwxf6gn7uf2pjjywavd7ze2vc76gnjnbhckrfbxeyvsti,bafybeib2esmccpwxf6gn7uf2pjjywavd7ze2vc76gnjnbhckrfbxeyvsti,ok,212610
2214,bafybeigteemgmaozb3d4baamne7reowgmobs6qzs3ithz53gjvv4p52kem,bafybeigteemgmaozb3d4baamne7reowgmobs6qzs3ithz53gjvv4p52kem,ok,159550
2215,bafybeieusi45jbg26gdcwyugajqb2nu4y2anvtny2gpxzmr2lmjlenjviy,bafybeieusi45jbg26gdcwyugajqb2nu4y2anvtny2gpxzmr2lmjlenjviy,ok,127564
2216,bafybeihx2n3k7kwsjwekkxh5q2hdg6gkyh3rxevvbti75ck2hyl7rcezcq,bafybeihx2n3k7kwsjwekkxh5q2hdg6gkyh3rxevvbti75ck2hyl7rcezcq,ok,148670
2217,bafybeihmpqh7gekms3uaki5wjsxoefoelc5birlf7r6zroju66flokpela,bafybeihmpqh7gekms3uaki5wjsxoefoelc5birlf7r6zroju66flokpela,ok,234637
2218,bafybeieg4ubdlo3f32qkxpzkk7sogx4vqskaq5luos4gapey5wyapjtjye,bafybeieg4ubdlo3f32qkxpzkk7sogx4vqskaq5luos4gapey5wyapjtjye,ok,231117
2219,bafybeidxdjkyyb6id3hiv64uxxctln6kyn5tecd6tsnovm74plkvjqtbzi,bafybeidxdjkyyb6id3hiv64uxxctln6kyn5tecd6tsnovm74plkvjqtbzi,ok,200513
2220,bafybeihvekzlyf4326lcpcw5gbsrlaowu4thgxe3ecxmh24ot7si3ryrei,bafybeihvekzlyf4326lcpcw5gbsrlaowu4thgxe3ecxmh24ot7si3ryrei,ok,234021
2221,bafybeidyflnsakyi7wyhtieslpsh23qiuskor4cqmsmk7mmrskpde5awnq,bafybeidyflnsakyi7wyhtieslpsh23qiuskor4cqmsmk7mmrskpde5awnq,ok,227758
2222,bafybeigyuqprr7y2wkcbmm6drz6og5cohfni63kadte66dghzq4hrcjpcy,bafybeigyuqprr7y2wkcbmm6drz6og5cohfni63kadte66dghzq4hrcjpcy,ok,171163
2223,bafybeigkydpnad3kjzo3ohb2o4xguezqhzf72qvf3r5uadtkwhgydhesfi,bafybeigkydpnad3kjzo3ohb2o4xguezqhzf72qvf3r5uadtkwhgydhesfi,ok,214631
2224,bafybeieuyzjhautcoj3rt34fpdpvqjt7o2tsvhzq6x7ox5aa2y257anwpq,bafybeieuyzjhautcoj3rt34fpdpvqjt7o2tsvhzq6x7ox5aa2y257anwpq,ok,187758
2225,bafybeib73mfxcuepw3f4sshbfn5vcjtmolwp3xfb4crlfbmyuhwh7sorwu,bafybeib73mfxcuepw3f4sshbfn5vcjtmolwp3xfb4crlfbmyuhwh7sorwu,ok,205598
2226,bafybeieatoqjlwvnsxzomj7b2uwt6wvtqfcs7yjmo4yswz46yohxqd7lhe,bafybeieatoqjlwvnsxzomj7b2uwt6wvtqfcs7yjmo4yswz46yohxqd7lhe,ok,185004
2227,bafybeid6nai5mvkiaaipl6bib6rfyhiujcnts74lz4y7yaomnh62vm6c5q,bafybeid6nai5mvkiaaipl6bib6rfyhiujcnts74lz4y7yaomnh62vm6c5q,ok,189133
2228,bafybeia5ckeo75jkx7ofhdisvrqjkhhloh5lanyufrzl4nk2twdigipnwy,bafybeia5ckeo75jkx7ofhdisvrqjkhhloh5lanyufrzl4nk2twdigipnwy,ok,158899
2229,bafybeihzkcyljzvnp3aipalar2xb2jpaejp5wkqinsxontygzeuqzmanmu,bafybeihzkcyljzvnp3aipalar2xb2jpaejp5wkqinsxontygzeuqzmanmu,ok,181919
2230,bafybeiaglwscsvsvdvq2pg4wh3nekykpa2iy3sge36m2s36ecptajaqb44,bafybeiaglwscsvsvdvq2pg4wh3nekykpa2iy3sge36m2s36ecptajaqb44,ok,135995
2231,bafybeibnvlk3k4gyydlmeespme4cfzaf6vojwmdhxxyawpi6xjrmaf2bz4,bafybeibnvlk3k4gyydlmeespme4cfzaf6vojwmdhxxyawpi6xjrmaf2bz4,ok,203082
2232,bafybeifoyirhkweqjhrqj3n2iqsmf4laqcstn3rqxqf3b7zwxhzqvcxfwe,bafybeifoyirhkweqjhrqj3n2iqsmf4laqcstn3rqxqf3b7zwxhzqvcxfwe,ok,281230
2233,bafybeidai4mekzfhsuj2vtqyy64t6upx7yputklu4esa77fey4pvwdlcsy,bafybeidai4mekzfhsuj2vtqyy64t6upx7yputklu4esa77fey4pvwdlcsy,ok,181707
2234,bafybeidozgcglkalj7skw5ksjqvcz3t6uxhhjonoy3qtexzbzox3yki4oq,bafybeidozgcglkalj7skw5ksjqvcz3t6uxhhjonoy3qtexzbzox3yki4oq,ok,246719
2235,bafybeifrthmz66n2yyfu53igfmyq4p2xplmqrqfadjttrs7nqjuxniv7mq,bafybeifrthmz66n2yyfu53igfmyq4p2xplmqrqfadjttrs7nqjuxniv7mq,ok,178563
2236,bafybeibybjbr2mwjoi5dwn53reqg6dcnlfwyh4kmytihlnjzrmxltwpefa,bafybeibybjbr2mwjoi5dwn53reqg6dcnlfwyh4kmytihlnjzrmxltwpefa,ok,207838
2237,bafybeidwryjvat63n2rz56ecwibqa54kh6odqlgzfh26mx34zue3i4ch3q,bafybeidwryjvat63n2rz56ecwibqa54kh6odqlgzfh26mx34zue3i4ch3q,ok,212531
2238,bafybeigemh5d2ry3deaasytr6xnjzfpkbczd3au57e7tl4fys7hnwhdnga,bafybeigemh5d2ry3deaasytr6xnjzfpkbczd3au57e7tl4fys7hnwhdnga,ok,222719
2239,bafybeietk2f3ur3jadtmns6aymglqakzu3fmoquzc2o54x6cbtaaznm55i,bafybeietk2f3ur3jadtmns6aymglqakzu3fmoquzc2o54x6cbtaaznm55i,ok,163169
2240,bafybeihti3cpa4tzamkjhetobxelj5ylks37vnvr4d5aihx4q67bydxznm,bafybeihti3cpa4tzamkjhetobxelj5ylks37vnvr4d5aihx4q67bydxznm,ok,206438
2241,bafybeigzt7v4v45ul7vbssugq7feskjmwhqzomw5pel6bj3quboyomlzvy,bafybeigzt7v4v45ul7vbssugq7feskjmwhqzomw5pel6bj3quboyomlzvy,ok,220817
2242,bafybeieauzjyaso3x6u3qajhifdx6cn2wf3h2p2rkantoec3aohydxukqm,bafybeieauzjyaso3x6u3qajhifdx6cn2wf3h2p2rkantoec3aohydxukqm,ok,197112
2243,bafybeiba36vlpb4lzhfcsct5oh3mnkz4w5ii3x3jj2lbn7gyyd4vny57z4,bafybeiba36vlpb4lzhfcsct5oh3mnkz4w5ii3x3jj2lbn7gyyd4vny57z4,ok,261402
2244,bafybeic6shm6qalva4dusribm35kkfkn2f2nyloxje45sxtfu5dxkw4mqa,bafybeic6shm6qalva4dusribm35kkfkn2f2nyloxje45sxtfu5dxkw4mqa,ok,136388
2245,bafybeifd4n4awijehw225uf74gsqfe6q4ksb3qd5cdn3of6pdzrsqe5ok4,bafybeifd4n4awijehw225uf74gsqfe6q4ksb3qd5cdn3of6pdzrsqe5ok4,ok,144098
2246,bafybeih2qchodswyjcwyecb72pfpx4a3wci6zfjdqv2qd2ev4j5irckqle,bafybeih2qchodswyjcwyecb72pfpx4a3wci6zfjdqv2qd2ev4j5irckqle,ok,137265
2247,bafybeid5kbanxd62gdiv4nalwjjkwegupemb5kryz7uo4rfos37qkdaena,bafybeid5kbanxd62gdiv4nalwjjkwegupemb5kryz7uo4rfos37qkdaena,ok,153647
2248,bafybeihf4y7qxttn4nnpp4oiymztyanunohcmm7ak3bc565ejmw26pdas4,bafybeihf4y7qxttn4nnpp4oiymztyanunohcmm7ak3bc565ejmw26pdas4,ok,189456
2249,bafybeihj5jkc2cruzahc6cltsv4zskqbotqjl7ydsg73owf4bfavi347ea,bafybeihj5jkc2cruzahc6cltsv4zskqbotqjl7ydsg73owf4bfavi347ea,ok,248824
2250,bafybeid7jhqzehea2gyqg43bi2zvikqshxa6yd27mzhoop4yyx2nsk5osy,bafybeid7jhqzehea2gyqg43bi2zvikqshxa6yd27mzhoop4yyx2nsk5osy,ok,188201
2251,bafybeibmjhdloak3qy2hn2j63kv3rv3orea4ftvpjr43hdpm64gcuwfjgm,bafybeibmjhdloak3qy2hn2j63kv3rv3orea4ftvpjr43hdpm64gcuwfjgm,ok,157776
2252,bafybeidauzhb25fthueyi62op6khgvx7d52gbpaa2g7cdhjxjtaqjme3me,bafybeidauzhb25fthueyi62op6khgvx7d52gbpaa2g7cdhjxjtaqjme3me,ok,171768
2253,bafybeia6dinj5iky22x4wemakpckkwoog5evgdydpboctzyafrp4dlkxpi,bafybeia6dinj5iky22x4wemakpckkwoog5evgdydpboctzyafrp4dlkxpi,ok,138367
2254,bafybeiadxbtpl2ueoinevzupp5bnim3rplekvy2qekljrvpryimlpofsca,bafybeiadxbtpl2ueoinevzupp5bnim3rplekvy2qekljrvpryimlpofsca,ok,214733
2255,bafybeihelyiir6ip2cemwdfoqu6bnqnc7ygdlygohphl6imuraf3oqhp6m,bafybeihelyiir6ip2cemwdfoqu6bnqnc7ygdlygohphl6imuraf3oqhp6m,ok,267990
2256,bafybeigzwdb6su7f4lwruv2ldsyth6ci3pzfa7ylywg5nqjtvzym4ijebm,bafybeigzwdb6su7f4lwruv2ldsyth6ci3pzfa7ylywg5nqjtvzym4ijebm,ok,187939
2257,bafybeiffe62snbtuyd7qij4ktgjwltu7ilc33ufzcmdeiz5afacejy2em4,bafybeiffe62snbtuyd7qij4ktgjwltu7ilc33ufzcmdeiz5afacejy2em4,ok,156371
2258,bafybeicuss5esdbniselfam7wtuktd6l2i3vc5yxe2bb3d4jw6yygu2kau,bafybeicuss5esdbniselfam7wtuktd6l2i3vc5yxe2bb3d4jw6yygu2kau,ok,132939
2259,bafybeieoryl3lcwk6khz3xesp5ibvfnmprwcvdy6i2fvvwjn6ulbnrbvma,bafybeieoryl3lcwk6khz3xesp5ibvfnmprwcvdy6i2fvvwjn6ulbnrbvma,ok,163349
2260,bafybeie25b6cq7puvcalqzb72jkrci7gjltzpv2j2ytcemaeyocrosz5ny,bafybeie25b6cq7puvcalqzb72jkrci7gjltzpv2j2ytcemaeyocrosz5ny,ok,161827
2261,bafybeifqsjcka4slgxvkolinfvzt7wsbswjrrq3it742p72qjmzt34yczm,bafybeifqsjcka4slgxvkolinfvzt7wsbswjrrq3it742p72qjmzt34yczm,ok,268220
2262,bafybeiaxbwsrpzjrids7xngcujudopq7hatdeqnhxs4z6pr4wvgvzxkx6i,bafybeiaxbwsrpzjrids7xngcujudopq7hatdeqnhxs4z6pr4wvgvzxkx6i,ok,133267
2263,bafybeigixkxilovsmucnpenvj3ja7pryarozj6qzczdf2mjkk6ync6leya,bafybeigixkxilovsmucnpenvj3ja7pryarozj6qzczdf2mjkk6ync6leya,ok,137149
2264,bafybeich37gossbuakdf2jbx6w5xsgh4f74yeiypis7ob2btjc6okplpoi,bafybeich37gossbuakdf2jbx6w5xsgh4f74yeiypis7ob2btjc6okplpoi,ok,210922
2265,bafybeigfy2kg73ovs5cnt2bqtmdcnrzzld5sepzbm3xosr7radxezcyllq,bafybeigfy2kg73ovs5cnt2bqtmdcnrzzld5sepzbm3xosr7radxezcyllq,ok,183551
2266,bafybeidw3h4hdht6gbhqxplbshwy2gvz5smvlklopwngxqhykn244ijrie,bafybeidw3h4hdht6gbhqxplbshwy2gvz5smvlklopwngxqhykn244ijrie,ok,168447
2267,bafybeidmicxeqpe2avfy4ol2yyfikpdl3taqc57gsaxfssvw4f6msumfsq,bafybeidmicxeqpe2avfy4ol2yyfikpdl3taqc57gsaxfssvw4f6msumfsq,ok,148998
2268,bafybeid3ojoiuwgdkerzbovmxpti5obunadx46o4slmdpxhho3r5juy25y,bafybeid3ojoiuwgdkerzbovmxpti5obunadx46o4slmdpxhho3r5juy25y,ok,195228
2269,bafybeiga7vczgztzs4thdkyrbqerczmjh7pgq2vw4o24bs6awankmdw5ze,bafybeiga7vczgztzs4thdkyrbqerczmjh7pgq2vw4o24bs6awankmdw5ze,ok,133119
2270,bafybeifuemu3hxwv5aldm3tc3vvi2ie7wlty7o3wkthsfndmckqycntfla,bafybeifuemu3hxwv5aldm3tc3vvi2ie7wlty7o3wkthsfndmckqycntfla,ok,126348
2271,bafybeiedoktxeinqqg22i3zqtiwxw3eapminlfmqmfrrs7k3ab5kaadhxy,bafybeiedoktxeinqqg22i3zqtiwxw3eapminlfmqmfrrs7k3ab5kaadhxy,ok,154225
2272,bafybeigkoaxk7ivamdc5g6kir65sen4rwczpe3qiixrqxpmjegcpyyhypq,bafybeigkoaxk7ivamdc5g6kir65sen4rwczpe3qiixrqxpmjegcpyyhypq,ok,158300
2273,bafybeidpnle2ddpnwci3a622if55wk5nuppsg3sfpyekeu3o5r7teiwp2e,bafybeidpnle2ddpnwci3a622if55wk5nuppsg3sfpyekeu3o5r7teiwp2e,ok,231168
2274,bafybeihorr2pdrfk2whsrriju5j3j6wy5stw6fegfdh4hktpr6suztfjwu,bafybeihorr2pdrfk2whsrriju5j3j6wy5stw6fegfdh4hktpr6suztfjwu,ok,223660
2275,bafybeia53q2xa4y56zgyad2zszyrdncs36rtpqgqe7myz5qtbqtlgm3mg4,bafybeia53q2xa4y56zgyad2zszyrdncs36rtpqgqe7myz5qtbqtlgm3mg4,ok,131305
2276,bafybeigwf5ivkjfmllux5e4suavorek3w4kj4khrl63xjvptunf7ntplgm,bafybeigwf5ivkjfmllux5e4suavorek3w4kj4khrl63xjvptunf7ntplgm,ok,145117
2277,bafybeidy3vtyxhchcxd4stdc3y6gckz3olrcnrl5ittdqe5xflhwivrw3e,bafybeidy3vtyxhchcxd4stdc3y6gckz3olrcnrl5ittdqe5xflhwivrw3e,ok,210960
2278,bafybeiaunqrjvypbgpbiqyak3ygjtkpeeeuitvzc4s4gczrjndkdl2dhie,bafybeiaunqrjvypbgpbiqyak3ygjtkpeeeuitvzc4s4gczrjndkdl2dhie,ok,138175
2279,bafybeiaghzaoopwhmkcjvw6edkarfpmv6aq7yeax55t3ocrk3omlptayiu,bafybeiaghzaoopwhmkcjvw6edkarfpmv6aq7yeax55t3ocrk3omlptayiu,ok,211335
2280,bafybeig5fnpw7aoh3cbpassp7o4hfrz3yjmm6wxoa6vbwndm5d3hda5lpq,bafybeig5fnpw7aoh3cbpassp7o4hfrz3yjmm6wxoa6vbwndm5d3hda5lpq,ok,175065
2281,bafybeiep5jte5tqywyzivxjf2dlxhe2hsjiduxd53qfl6qphhinhirl3yi,bafybeiep5jte5tqywyzivxjf2dlxhe2hsjiduxd53qfl6qphhinhirl3yi,ok,153330
2282,bafybeie6cxhjfbpjpljqw7hba2fbjnlhjrn7qr5tk6bo3p2f6b7lvq5me4,bafybeie6cxhjfbpjpljqw7hba2fbjnlhjrn7qr5tk6bo3p2f6b7lvq5me4,ok,149013
2283,bafybeifxj47sjf4oqa6em4uvhx53ep5pdqjojxbyky3iknb2n4544dy4wi,bafybeifxj47sjf4oqa6em4uvhx53ep5pdqjojxbyky3iknb2n4544dy4wi,ok,140831
2284,bafybeie7kcotydpwpkd7iolw3eieqmiwnf3knky7oduxh2cqhdvrtt5vzi,bafybeie7kcotydpwpkd7iolw3eieqmiwnf3knky7oduxh2cqhdvrtt5vzi,ok,159398
2285,bafybeiamcdkecrrvzsdx7rxlms6djsq6x2p6kl6gajr5git4fglshabvs4,bafybeiamcdkecrrvzsdx7rxlms6djsq6x2p6kl6gajr5git4fglshabvs4,ok,153943
2286,bafybeie55lbpyyegzlsqy5qr3k7ii5opatwfhp54yoro73inpe3qp42xpy,bafybeie55lbpyyegzlsqy5qr3k7ii5opatwfhp54yoro73inpe3qp42xpy,ok,130131
2287,bafybeigmjbk5fb5bnwhjq7om5ujx3aojibahr2aupphzmzvms377aokarq,bafybeigmjbk5fb5bnwhjq7om5ujx3aojibahr2aupphzmzvms377aokarq,ok,157522
2288,bafybeiel7yo6kfv5xbi22beybozwy7k5arszxsbcsdghmq6csi2ag4cfx4,bafybeiel7yo6kfv5xbi22beybozwy7k5arszxsbcsdghmq6csi2ag4cfx4,ok,170541
2289,bafybeidrkjwkihpavea2rrn2mqc2bsmcs45ligodvlvxkrx2xsvhy6ptoy,bafybeidrkjwkihpavea2rrn2mqc2bsmcs45ligodvlvxkrx2xsvhy6ptoy,ok,211764
2290,bafybeigj66u6gy3r2wz7kcgmby6olj6c7in3jifym64fki37nv7qzmwoeq,bafybeigj66u6gy3r2wz7kcgmby6olj6c7in3jifym64fki37nv7qzmwoeq,ok,142199
2291,bafybeibcfyr5255qo4xqi4op3ma4c2jakxbyjgl2mny3i4ntuu2unlpxz4,bafybeibcfyr5255qo4xqi4op3ma4c2jakxbyjgl2mny3i4ntuu2unlpxz4,ok,219302
2292,bafybeigjuv5zhhkgkfzftf63i4yh5cqn7vdgyhfzqzowol3pha4qeekygq,bafybeigjuv5zhhkgkfzftf63i4yh5cqn7vdgyhfzqzowol3pha4qeekygq,ok,141082
2293,bafybeiee4l62pedfiamocyuwbjyxexutcj4vjzlm4vtb32wjyfz4g4e2ry,bafybeiee4l62pedfiamocyuwbjyxexutcj4vjzlm4vtb32wjyfz4g4e2ry,ok,256857
2294,bafybeibajasukc4s7ept7mkk5rysgqor5vpzca4rjczbbx3euiz2wc7unq,bafybeibajasukc4s7ept7mkk5rysgqor5vpzca4rjczbbx3euiz2wc7unq,ok,167653
2295,bafybeidbgqqv3kbfw7x27kgsmyurta7hb5i7v54a6cdoodknwrozcfitau,bafybeidbgqqv3kbfw7x27kgsmyurta7hb5i7v54a6cdoodknwrozcfitau,ok,194701
2296,bafybeigxyo7xyqzt6b6upd3wcpfhwcyg3qzajwijyb7imvob6efplnxzi4,bafybeigxyo7xyqzt6b6upd3wcpfhwcyg3qzajwijyb7imvob6efplnxzi4,ok,238598
2297,bafybeigt6yfe6zqa2vwbx7x4kqx6g67kjd3ulmdhjuzpfipwivhk22r3g4,bafybeigt6yfe6zqa2vwbx7x4kqx6g67kjd3ulmdhjuzpfipwivhk22r3g4,ok,199783
2298,bafybeic77llvd6upcl2f7hh3tb5sqkmob5twlapfoueibbxxticelrkqri,bafybeic77llvd6upcl2f7hh3tb5sqkmob5twlapfoueibbxxticelrkqri,ok,211462
2299,bafybeiho6poupbf3yc7r34waecqdiwqfix6v3r774aqliyq5iqsyv56gmy,bafybeiho6poupbf3yc7r34waecqdiwqfix6v3r774aqliyq5iqsyv56gmy,ok,133410
2300,bafybeif4lapuvy7faort6ugjpsgf6cqnpyeovfd2ztm7b3l42zxnpvxrqi,bafybeif4lapuvy7faort6ugjpsgf6cqnpyeovfd2ztm7b3l42zxnpvxrqi,ok,174272
2301,bafybeig43kkj2dfysi2dkrlswembsv3jzlwsexjbuzzdu4mptqfk2o6ena,bafybeig43kkj2dfysi2dkrlswembsv3jzlwsexjbuzzdu4mptqfk2o6ena,ok,185834
2302,bafybeib6msgfhn2dh247re2wvrmhywmhggqhumrwxgdy3yicgz7e6tabni,bafybeib6msgfhn2dh247re2wvrmhywmhggqhumrwxgdy3yicgz7e6tabni,ok,206885
2303,bafybeidqh6junapo7ynlmrrm26gyxig6wwhgtiauamm3qhdc45qzkry7wy,bafybeidqh6junapo7ynlmrrm26gyxig6wwhgtiauamm3qhdc45qzkry7wy,ok,248349
2304,bafybeievw25ycbkgp2pltniaiccb22r4ckqiqdwvmutpoxakcf5zbpu3ha,bafybeievw25ycbkgp2pltniaiccb22r4ckqiqdwvmutpoxakcf5zbpu3ha,ok,241040
2305,bafybeiaamabtew2fnemgfxrgko62mfi57qxibhogdj2765czt6rzk6lfwe,bafybeiaamabtew2fnemgfxrgko62mfi57qxibhogdj2765czt6rzk6lfwe,ok,140544
2306,bafybeiawcwulzwmfpxiefnwj7p62psczjr26ocp2yi5wt2l2eigwlwndmm,bafybeiawcwulzwmfpxiefnwj7p62psczjr26ocp2yi5wt2l2eigwlwndmm,ok,139758
2307,bafybeiga72avb5s7hsxwxryjukwb3vqz2b3ppjqn2ey6toslwkt6ll3qqa,bafybeiga72avb5s7hsxwxryjukwb3vqz2b3ppjqn2ey6toslwkt6ll3qqa,ok,180571
2308,bafybeie3fobdpva2dmpm5xomrslswxokj5vc2l6klpjeh4ii2k572ogpdq,bafybeie3fobdpva2dmpm5xomrslswxokj5vc2l6klpjeh4ii2k572ogpdq,ok,145288
2309,bafybeiekt3zlrtge6ehkiwp53ujwuvyz3xpvuxrfolv6cj2klrl3wdkxii,bafybeiekt3zlrtge6ehkiwp53ujwuvyz3xpvuxrfolv6cj2klrl3wdkxii,ok,167994
2310,bafybeibqtrh7bpclxi6mxkvvh5xk4f5l2ykgjt6ood52vgr7cxgjzkfcpy,bafybeibqtrh7bpclxi6mxkvvh5xk4f5l2ykgjt6ood52vgr7cxgjzkfcpy,ok,205193
2311,bafybeidekcdmzbovaww4zqy4tkwxoc4resswxlpqyvmbb7rm643lq5pfvu,bafybeidekcdmzbovaww4zqy4tkwxoc4resswxlpqyvmbb7rm643lq5pfvu,ok,109868
2312,bafybeiakgvr5mheunvag4jzhzrgn7dokqiqgoq2eurb3fh5xpe72xnnjvy,bafybeiakgvr5mheunvag4jzhzrgn7dokqiqgoq2eurb3fh5xpe72xnnjvy,ok,178756
2313,bafybeihyu4acu5ofq5nvjcuuyu672qjbgonhamsdbqqk5kxxtok5b2xtta,bafybeihyu4acu5ofq5nvjcuuyu672qjbgonhamsdbqqk5kxxtok5b2xtta,ok,226148
2314,bafybeidve2vq7y74rqbhosncjur4ilxrymbu44zyktcqrtbzcvqserxpvi,bafybeidve2vq7y74rqbhosncjur4ilxrymbu44zyktcqrtbzcvqserxpvi,ok,136995
2315,bafybeidngtpt4n3gax6gnktzffmjk5m6e2xfzg6huza2ziusroum2byzyu,bafybeidngtpt4n3gax6gnktzffmjk5m6e2xfzg6huza2ziusroum2byzyu,ok,173154
2316,bafybeidwyzzni6qhavthk5kj3jzqbqmlxuogu3ouf4a6quvoitlrvngjga,bafybeidwyzzni6qhavthk5kj3jzqbqmlxuogu3ouf4a6quvoitlrvngjga,ok,132208
2317,bafybeiewnr4v4uyr2ojbnf3utzenn3hbq6scimc27pvytcjfpy4serko3m,bafybeiewnr4v4uyr2ojbnf3utzenn3hbq6scimc27pvytcjfpy4serko3m,ok,219080
2318,bafybeic5xtjahntgetghyvxuyzhxbcrbyx7hfgoujjcdwxsyomuzefhlv4,bafybeic5xtjahntgetghyvxuyzhxbcrbyx7hfgoujjcdwxsyomuzefhlv4,ok,179735
2319,bafybeicevimwm32k77k3knigb7agfhlmkvbfp3muhbgk72hmqdvenyfyey,bafybeicevimwm32k77k3knigb7agfhlmkvbfp3muhbgk72hmqdvenyfyey,ok,129062
2320,bafybeiayu4lvbesozkg3w4ic75ntegwr6edzuy7yoriymblqzq7hzeak3q,bafybeiayu4lvbesozkg3w4ic75ntegwr6edzuy7yoriymblqzq7hzeak3q,ok,211850
2321,bafybeif6o5twsx36fa34qpfle3iv6mtjl666t63udpomcrcokfk4x4pwoi,bafybeif6o5twsx36fa34qpfle3iv6mtjl666t63udpomcrcokfk4x4pwoi,ok,243934
2322,bafybeie2ptmizxko4wi4dm5yd3d5ldisxjpzgqhy747z2vvcfekn7xdzpq,bafybeie2ptmizxko4wi4dm5yd3d5ldisxjpzgqhy747z2vvcfekn7xdzpq,ok,179941
2323,bafybeiej24hkv43pvavdpie47e3wvqqmkzfjsdewerykkra74tg52l353i,bafybeiej24hkv43pvavdpie47e3wvqqmkzfjsdewerykkra74tg52l353i,ok,183374
2324,bafybeiajk3gfiwi66pue2zxcs5fpvdzk7zjdihgixqqjyb4rvda5b33xym,bafybeiajk3gfiwi66pue2zxcs5fpvdzk7zjdihgixqqjyb4rvda5b33xym,ok,226967
2325,bafybeigll3eaft347vt2mgiux6t74v77k5m7cmrzpcqkzjmcrw7dbcsnjy,bafybeigll3eaft347vt2mgiux6t74v77k5m7cmrzpcqkzjmcrw7dbcsnjy,ok,131211
2326,bafybeihffyoxtg4kel4yielwvkp3cinavxsx7wrfm7hksbnrfq7fwqaosm,bafybeihffyoxtg4kel4yielwvkp3cinavxsx7wrfm7hksbnrfq7fwqaosm,ok,200482
2327,bafybeihlaqezpln4w747gg2255ucc7ncnmfnmbgmd2ulpkgdyw6uafrgom,bafybeihlaqezpln4w747gg2255ucc7ncnmfnmbgmd2ulpkgdyw6uafrgom,ok,200921
2328,bafybeicas7sofsujwbg5wnnk4a42igm7bygnlalngvmydh62uyew7daznm,bafybeicas7sofsujwbg5wnnk4a42igm7bygnlalngvmydh62uyew7daznm,ok,144760
2329,bafybeieogostda5wwh4mpn6vc3kq5gxjzq2p2yuwckhcubu7ekb343gt24,bafybeieogostda5wwh4mpn6vc3kq5gxjzq2p2yuwckhcubu7ekb343gt24,ok,271232
2330,bafybeicuxcwhqqdha472p2a6ciglixe32oqekumix6s6rzcymkbjy62vmu,bafybeicuxcwhqqdha472p2a6ciglixe32oqekumix6s6rzcymkbjy62vmu,ok,142443
2331,bafybeia3zy73anie2cltjohmk3yf62qejgy7ss6izleeseqfy77ewaps7y,bafybeia3zy73anie2cltjohmk3yf62qejgy7ss6izleeseqfy77ewaps7y,ok,225163
2332,bafybeihou42s63tgwoutjogdwywt6eb3m4vwxrjnb6yivtrdwjzpzacveq,bafybeihou42s63tgwoutjogdwywt6eb3m4vwxrjnb6yivtrdwjzpzacveq,ok,126465
2333,bafybeicgbngeqombnhe35zqolpuieajuetmydef3exmt2e5ikgbjvitgva,bafybeicgbngeqombnhe35zqolpuieajuetmydef3exmt2e5ikgbjvitgva,ok,196866
2334,bafybeidssrswo643usowhje4dapsoiukxzqjmcjlh27bvt3k6stqytqdka,bafybeidssrswo643usowhje4dapsoiukxzqjmcjlh27bvt3k6stqytqdka,ok,190244
2335,bafybeibzawtaumsbs4bw5pxooyowcre4wscc554ymnct55hhbvkzccczdu,bafybeibzawtaumsbs4bw5pxooyowcre4wscc554ymnct55hhbvkzccczdu,ok,267652
2336,bafybeifkvgsomrhqpcqjcibrsa3owjezcynip4v5ytcup2krhntcxijofy,bafybeifkvgsomrhqpcqjcibrsa3owjezcynip4v5ytcup2krhntcxijofy,ok,221305
2337,bafybeicepfutm53oeb2q26chd6bel2agwwzx2p2esuduvvxvztl2jxbdxy,bafybeicepfutm53oeb2q26chd6bel2agwwzx2p2esuduvvxvztl2jxbdxy,ok,215037
2338,bafybeigfbhsjzpkyhleavcuov2d6yniqhablcdg44seuemh525nyixgj6e,bafybeigfbhsjzpkyhleavcuov2d6yniqhablcdg44seuemh525nyixgj6e,ok,223227
2339,bafybeiep7bjtcse6bz2kwjvaclssz3c3pabgmxb4k6fsmgv76obq57mrw4,bafybeiep7bjtcse6bz2kwjvaclssz3c3pabgmxb4k6fsmgv76obq57mrw4,ok,274153
2340,bafybeihljeijvrvf36myc3efgqh4rfhl64bpiggitye7l2pf7k23yg6rem,bafybeihljeijvrvf36myc3efgqh4rfhl64bpiggitye7l2pf7k23yg6rem,ok,150214
2341,bafybeiezn7upfrhroipluy75ma4vq4l5hshkcdftudcidod3mmyeq553gy,bafybeiezn7upfrhroipluy75ma4vq4l5hshkcdftudcidod3mmyeq553gy,ok,147947
2342,bafybeihjrdwkpb77lyp6dmhphubqeuhtupfpcrgdgvh4rcehjmi75ubobq,bafybeihjrdwkpb77lyp6dmhphubqeuhtupfpcrgdgvh4rcehjmi75ubobq,ok,133244
2343,bafybeidg7mjzvd2n3mosyttz75pwthe6ah46obbmptanljhckh34qbbwlm,bafybeidg7mjzvd2n3mosyttz75pwthe6ah46obbmptanljhckh34qbbwlm,ok,188551
2344,bafybeicnljijtk7cykdqwxd5jefn2526hiotx3s67bcdwjupjylysezt5u,bafybeicnljijtk7cykdqwxd5jefn2526hiotx3s67bcdwjupjylysezt5u,ok,148448
2345,bafybeifj34mc5qgqs6ypjk6zyrhzp47khrq3lqytwzzwer6lbuyjkhdpci,bafybeifj34mc5qgqs6ypjk6zyrhzp47khrq3lqytwzzwer6lbuyjkhdpci,ok,218253
2346,bafybeic7sm3mg4jowunuzxf3milevvzsp3qs6bqapkhhgphc2gomnpyvl4,bafybeic7sm3mg4jowunuzxf3milevvzsp3qs6bqapkhhgphc2gomnpyvl4,ok,147640
2347,bafybeihug4tbbtq3f4gx7t2qzc3txexrkedbowmbgmrryfng24534i33sa,bafybeihug4tbbtq3f4gx7t2qzc3txexrkedbowmbgmrryfng24534i33sa,ok,222289
2348,bafybeic4h7sc7rmrovzafw2jxraka3acvcsa2ny6rsaugyxufgktwylfpm,bafybeic4h7sc7rmrovzafw2jxraka3acvcsa2ny6rsaugyxufgktwylfpm,ok,183018
2349,bafybeiedmzzo73k6xeexzyl7crlndq6geyjaho7ifhte6pzqnlb4ipeeea,bafybeiedmzzo73k6xeexzyl7crlndq6geyjaho7ifhte6pzqnlb4ipeeea,ok,246906
2350,bafybeig6daymmpk7ouslce3ve3tfvg4bjwibnn23hay3hebfdai5zq6pde,bafybeig6daymmpk7ouslce3ve3tfvg4bjwibnn23hay3hebfdai5zq6pde,ok,188410
2351,bafybeiaj4sjyimncyafbzxi2uyb7cta5zht55byj3rci33mvvo46kri7ri,bafybeiaj4sjyimncyafbzxi2uyb7cta5zht55byj3rci33mvvo46kri7ri,ok,141153
2352,bafybeiaikmpsa2gm5xjom3cpl24gafmdf3p4qxsjyaijpxkn72csgqozpq,bafybeiaikmpsa2gm5xjom3cpl24gafmdf3p4qxsjyaijpxkn72csgqozpq,ok,177661
2353,bafybeicrx23eo5xwiwvkmsgyqfxunqkz6ahc4andshfbowy7inv23jh7by,bafybeicrx23eo5xwiwvkmsgyqfxunqkz6ahc4andshfbowy7inv23jh7by,ok,135464
2354,bafybeiaw4uztl4bdlogicheym5mvbdr3jevvxufatq7esr67h536bufice,bafybeiaw4uztl4bdlogicheym5mvbdr3jevvxufatq7esr67h536bufice,ok,174619
2355,bafybeifzrqpa24cli2qm424m2bopueqrpgaoxec2nnjvz2zsz7o7vdobqi,bafybeifzrqpa24cli2qm424m2bopueqrpgaoxec2nnjvz2zsz7o7vdobqi,ok,236049
2356,bafybeifgpqhwzivojljvhcbvomkkuhpu2iogyf466ymsjupuuxj7dtsmfu,bafybeifgpqhwzivojljvhcbvomkkuhpu2iogyf466ymsjupuuxj7dtsmfu,ok,228286
2357,bafybeidx7bscs75g7uy5w36xfnzbac53hovxfo4xqi7yfdzp5jmedticha,bafybeidx7bscs75g7uy5w36xfnzbac53hovxfo4xqi7yfdzp5jmedticha,ok,186185
2358,bafybeif35irjigmf4j6a6wkcat2wekpiuesdg53dhezdtphlth5tpnovfi,bafybeif35irjigmf4j6a6wkcat2wekpiuesdg53dhezdtphlth5tpnovfi,ok,157347
2359,bafybeiacxkdnlre4rmnt7asetrzg573vex56lkftc3scm22xxc2iugulcm,bafybeiacxkdnlre4rmnt7asetrzg573vex56lkftc3scm22xxc2iugulcm,ok,130134
2360,bafybeihpi6u2htkrooij4lcy4wudfxsqkssynplhazrpypidqdu67mmopq,bafybeihpi6u2htkrooij4lcy4wudfxsqkssynplhazrpypidqdu67mmopq,ok,186346
2361,bafybeigskvayhvjwle2wt4gf7jfngqp6s2qwgmlxhtgfxv4sltw5peer3u,bafybeigskvayhvjwle2wt4gf7jfngqp6s2qwgmlxhtgfxv4sltw5peer3u,ok,180254
2362,bafybeigmgwcwnm7kmsmlpi4rzg6htlf2rdpbixgpg6gyrjofqzh27qpium,bafybeigmgwcwnm7kmsmlpi4rzg6htlf2rdpbixgpg6gyrjofqzh27qpium,ok,189099
2363,bafybeid3sulilanaexabtjqffo7kznujzcxv3dljfbozxlotgi6xzqkqsi,bafybeid3sulilanaexabtjqffo7kznujzcxv3dljfbozxlotgi6xzqkqsi,ok,138017
2364,bafybeihwa7s4usrihyeh7wl6esy4qhszta2554kt4zaazi2py5xgs4v2ca,bafybeihwa7s4usrihyeh7wl6esy4qhszta2554kt4zaazi2py5xgs4v2ca,ok,187723
2365,bafybeiclidbotikphhoin7aff6pih3v6kuhhzbqba6zswmmkcrbaf2uvva,bafybeiclidbotikphhoin7aff6pih3v6kuhhzbqba6zswmmkcrbaf2uvva,ok,202431
2366,bafybeigr2kxs7hoctvaptywzewvemdyfz652bir4nt5xp2bpldcsix44xq,bafybeigr2kxs7hoctvaptywzewvemdyfz652bir4nt5xp2bpldcsix44xq,ok,203787
2367,bafybeie5iobtlon5tzccvgreo2wnoec5vryfmmbovgauf46vgpjunnmr2i,bafybeie5iobtlon5tzccvgreo2wnoec5vryfmmbovgauf46vgpjunnmr2i,ok,188905
2368,bafybeic3snhhlfy74wjlxjecybmwrgjdj6o36ulvqleg73rc2zak53ssc4,bafybeic3snhhlfy74wjlxjecybmwrgjdj6o36ulvqleg73rc2zak53ssc4,ok,172752
2369,bafybeicqgjct6dniovjb3bsf5xdf4cvvrponvngtdgpfmnwtvldowdpatm,bafybeicqgjct6dniovjb3bsf5xdf4cvvrponvngtdgpfmnwtvldowdpatm,ok,177876
2370,bafybeihj6hyhoiu2xceqyxpjp64c5jdqtopnv5ipq5vpqe7oyija5q4qem,bafybeihj6hyhoiu2xceqyxpjp64c5jdqtopnv5ipq5vpqe7oyija5q4qem,ok,154597
2371,bafybeih3eyzx6fftx5zquzwy376kbjkz3kreoqmzrmalq3ddyqxhbsfkzm,bafybeih3eyzx6fftx5zquzwy376kbjkz3kreoqmzrmalq3ddyqxhbsfkzm,ok,183655
2372,bafybeicifd6rftip4wgifajxtmnadp7se6lyssbf6zhrxnqcmh7kaa4lay,bafybeicifd6rftip4wgifajxtmnadp7se6lyssbf6zhrxnqcmh7kaa4lay,ok,164254
2373,bafybeif55sueofbqkjiwx5jwksqerbyi2cm7uhjulbmx2bwqsgb4v7zsza,bafybeif55sueofbqkjiwx5jwksqerbyi2cm7uhjulbmx2bwqsgb4v7zsza,ok,213635
2374,bafybeih4s2pimg7ddn6jyrrt5qrrkhrc52bcnnkizevojveabuedx2qg4a,bafybeih4s2pimg7ddn6jyrrt5qrrkhrc52bcnnkizevojveabuedx2qg4a,ok,170215
2375,bafybeibyzkysvmntasiabnuvyjmkadctuqhn72mmkt3crwqaqx3rpitekm,bafybeibyzkysvmntasiabnuvyjmkadctuqhn72mmkt3crwqaqx3rpitekm,ok,147705
2376,bafybeib645l6hc2bae4jiuqihisns65m7s3e2cbdbcljhmthzzrktsrkfu,bafybeib645l6hc2bae4jiuqihisns65m7s3e2cbdbcljhmthzzrktsrkfu,ok,215910
2377,bafybeifca6efrj6sdt6r7ypjh3purzczbjbjy7f2p4ugm2oiyiafjtq3wy,bafybeifca6efrj6sdt6r7ypjh3purzczbjbjy7f2p4ugm2oiyiafjtq3wy,ok,206892
2378,bafybeicgezac7cqg7qbwih44dknn4nwocqsaqzvoyihzpw7scdtulmzmom,bafybeicgezac7cqg7qbwih44dknn4nwocqsaqzvoyihzpw7scdtulmzmom,ok,246649
2379,bafybeia2aebohmtua37qpup7hfwnuwkbfxt6jbt73czuebx3rnkmhrzgpe,bafybeia2aebohmtua37qpup7hfwnuwkbfxt6jbt73czuebx3rnkmhrzgpe,ok,198841
2380,bafybeifh3t5nswjvx3dimq3f4xuic6qnlr7ysd6a62pqntx22jn34ph2jy,bafybeifh3t5nswjvx3dimq3f4xuic6qnlr7ysd6a62pqntx22jn34ph2jy,ok,192401
2381,bafybeihtoytlpipegckv7pj2rbg2q7izvq7znokwfhjcx3ftxcivqwao5a,bafybeihtoytlpipegckv7pj2rbg2q7izvq7znokwfhjcx3ftxcivqwao5a,ok,145718
2382,bafybeie6dbq2j7tzn55sd3gdghd7w3tayx4ihx7isrb2inac2m2dm3vy7e,bafybeie6dbq2j7tzn55sd3gdghd7w3tayx4ihx7isrb2inac2m2dm3vy7e,ok,233113
2383,bafybeiesmj4q6xpwlix4cb6fmol3wzhkypmpraslqysyn4p4fs6etfegoi,bafybeiesmj4q6xpwlix4cb6fmol3wzhkypmpraslqysyn4p4fs6etfegoi,ok,104941
2384,bafybeieuuk4cwved3i2osdqrbyslmqr53izn6pmt2hly5aqjc3udafhvr4,bafybeieuuk4cwved3i2osdqrbyslmqr53izn6pmt2hly5aqjc3udafhvr4,ok,217492
2385,bafybeiavor36orz7qnmvs2uvh2i4xjdyqwf6q2b6gfrqe2j742gvg62krm,bafybeiavor36orz7qnmvs2uvh2i4xjdyqwf6q2b6gfrqe2j742gvg62krm,ok,165467
2386,bafybeieibtb5vg5ajud4vawpcecarbjokezw2cpv7jmgq3ftobvgyzadb4,bafybeieibtb5vg5ajud4vawpcecarbjokezw2cpv7jmgq3ftobvgyzadb4,ok,135590
2387,bafybeigyvkjab74suow4gw556jy5tvxuqps7h3dc3w36qfkme57hw52znm,bafybeigyvkjab74suow4gw556jy5tvxuqps7h3dc3w36qfkme57hw52znm,ok,162376
2388,bafybeigytxmxq6nbivc4u5pptj7vtgjr5ubkilkpvcn7lyy4vksuzepmnu,bafybeigytxmxq6nbivc4u5pptj7vtgjr5ubkilkpvcn7lyy4vksuzepmnu,ok,132873
2389,bafybeigmwskie7apvl25t5w7ddds5ngkj25tvizprkwphihmpumnfj25km,bafybeigmwskie7apvl25t5w7ddds5ngkj25tvizprkwphihmpumnfj25km,ok,151593
2390,bafybeihqiud34gfgmymskn3wdlw6i7ps3dtd5wkf22d4sbosbw2kitjy4y,bafybeihqiud34gfgmymskn3wdlw6i7ps3dtd5wkf22d4sbosbw2kitjy4y,ok,153621
2391,bafybeibjin4tanq6dbor3wsrgd5nmdkwfv5gfdjukcxvmxxvltq6yqbyly,bafybeibjin4tanq6dbor3wsrgd5nmdkwfv5gfdjukcxvmxxvltq6yqbyly,ok,158904
2392,bafybeigyqe7zwnwvni2mkgzdbxe6tdwdjng34on6trunaw5mjf4gpbuzl4,bafybeigyqe7zwnwvni2mkgzdbxe6tdwdjng34on6trunaw5mjf4gpbuzl4,ok,200747
2393,bafybeigalrhp7gncseg2qptlohtyjg5xnh3hk2u2iqd6dj7qo7wnehswlq,bafybeigalrhp7gncseg2qptlohtyjg5xnh3hk2u2iqd6dj7qo7wnehswlq,ok,149407
2394,bafybeig7vzpng5vjl6fccsoov6hqbebrg4nrb3h4ezb3z3dz7m47wjq6mu,bafybeig7vzpng5vjl6fccsoov6hqbebrg4nrb3h4ezb3z3dz7m47wjq6mu,ok,241743
2395,bafybeibxwutx5whw7k6enh65eo2rbb4fot7waf2tpidbuigrttnwwyrfy4,bafybeibxwutx5whw7k6enh65eo2rbb4fot7waf2tpidbuigrttnwwyrfy4,ok,141014
2396,bafybeieghrazb4v5vwsocs4g3n3uzvaotol6ybeer4b76jhvid77wdwgmm,bafybeieghrazb4v5vwsocs4g3n3uzvaotol6ybeer4b76jhvid77wdwgmm,ok,174700
2397,bafybeifdllxhpmewt35qi3ynmwdulqhmoc4xbekkzuoepsd3ttoniua6ey,bafybeifdllxhpmewt35qi3ynmwdulqhmoc4xbekkzuoepsd3ttoniua6ey,ok,161770
2398,bafybeidgzqtqvl4yqcoxvadgntgbhekdt6ihyxsizdneirmrt7ob6tkcg4,bafybeidgzqtqvl4yqcoxvadgntgbhekdt6ihyxsizdneirmrt7ob6tkcg4,ok,234006
2399,bafybeibomogj3y7jxn2mb7eks7raafbyt5ilmb5z6pt2qc6cuz6norfy4u,bafybeibomogj3y7jxn2mb7eks7raafbyt5ilmb5z6pt2qc6cuz6norfy4u,ok,183170
2400,bafybeig4ujdk3h6oizwujqcjwkgorbduefa53ma36pbwsg45c3dpc2loyu,bafybeig4ujdk3h6oizwujqcjwkgorbduefa53ma36pbwsg45c3dpc2loyu,ok,183652
2401,bafybeiferqq2gbar4iezbvyddxx44qtaeply7nhijskarrjxv5yop53oye,bafybeiferqq2gbar4iezbvyddxx44qtaeply7nhijskarrjxv5yop53oye,ok,135729
2402,bafybeidefzixlgw7ek3ggvrqjdltojbdauvagqqlm3yo2vmu4dxantrqzy,bafybeidefzixlgw7ek3ggvrqjdltojbdauvagqqlm3yo2vmu4dxantrqzy,ok,211731
2403,bafybeig2b4yja72yaxh2cluafeepym5xpfpmh4ty2ea5pigwrcveyigsai,bafybeig2b4yja72yaxh2cluafeepym5xpfpmh4ty2ea5pigwrcveyigsai,ok,141946
2404,bafybeiayi5mw6fovf7umlyv674dn7zxpzkzhwcpdg2xksmpipjeohuviym,bafybeiayi5mw6fovf7umlyv674dn7zxpzkzhwcpdg2xksmpipjeohuviym,ok,142520
2405,bafybeihicn4hef5kvghl4vrejr7rj4iqh2xyiwd6dgfubcr4gnkibz5ig4,bafybeihicn4hef5kvghl4vrejr7rj4iqh2xyiwd6dgfubcr4gnkibz5ig4,ok,165275
2406,bafybeidkjdd2zfug4f6qugsme2ltfo7js4fno237in73jix3y43t7fb5sm,bafybeidkjdd2zfug4f6qugsme2ltfo7js4fno237in73jix3y43t7fb5sm,ok,132454
2407,bafybeibvnka5lj2jbjpuapu2pzt7c2wgj6cite3yqgmmlyqzszuebe6yja,bafybeibvnka5lj2jbjpuapu2pzt7c2wgj6cite3yqgmmlyqzszuebe6yja,ok,203807
2408,bafybeict4geae32ipml2l6bqccqqpwwvwsheas3x2cey43pknifxswmcbe,bafybeict4geae32ipml2l6bqccqqpwwvwsheas3x2cey43pknifxswmcbe,ok,277552
2409,bafybeicgdj7o7veeaa7om5yrp7wwwupygpx5oekhrmp3yi6j45txzb3ybm,bafybeicgdj7o7veeaa7om5yrp7wwwupygpx5oekhrmp3yi6j45txzb3ybm,ok,137176
2410,bafybeia7dkkyibokohvqhdm2vt37pegqlqorw7mlzk4wbww6m6kllw2cle,bafybeia7dkkyibokohvqhdm2vt37pegqlqorw7mlzk4wbww6m6kllw2cle,ok,210676
2411,bafybeihgmec4mavq6llyyctsdpv5rssrplcxevjvstwa3xneydw3o3cjru,bafybeihgmec4mavq6llyyctsdpv5rssrplcxevjvstwa3xneydw3o3cjru,ok,248701
2412,bafybeiauavykd6qiyqnpbpupzhwduo5k6nqe5mzjldt2mcdkurklzy5bgy,bafybeiauavykd6qiyqnpbpupzhwduo5k6nqe5mzjldt2mcdkurklzy5bgy,ok,220001
2413,bafybeig7k63jo4chvzhoxuhahqyycus47avuhlnibhsqlq5bcbmtw5aizm,bafybeig7k63jo4chvzhoxuhahqyycus47avuhlnibhsqlq5bcbmtw5aizm,ok,208561
2414,bafybeian3zt3gac25ei5b43l3hhenv26n4ve236hwrhhb3ztwhmiqu5wxa,bafybeian3zt3gac25ei5b43l3hhenv26n4ve236hwrhhb3ztwhmiqu5wxa,ok,178323
2415,bafybeig2uxeneudt35vpqhweq54szfdxwm5spidjl52jgvjx6jyjtlqwc4,bafybeig2uxeneudt35vpqhweq54szfdxwm5spidjl52jgvjx6jyjtlqwc4,ok,211553
2416,bafybeigoks2ipu66p5umlkyaepgflvfthzyjjy7yhyggtwug5lmread5xa,bafybeigoks2ipu66p5umlkyaepgflvfthzyjjy7yhyggtwug5lmread5xa,ok,209750
2417,bafybeiat24cao44vp6vslxew6v7o62lmb2457vc2jpe3x6safnueq5abfq,bafybeiat24cao44vp6vslxew6v7o62lmb2457vc2jpe3x6safnueq5abfq,ok,206110
2418,bafybeiaekim7czt5k7e35t3zfnankvu5xnmtqfhny5cwdvlxgwp4sy4oou,bafybeiaekim7czt5k7e35t3zfnankvu5xnmtqfhny5cwdvlxgwp4sy4oou,ok,210962
2419,bafybeibn2da7slnwcqiwc7zu4zp65noqhiuadi5beb46cowedrwpjfsmdu,bafybeibn2da7slnwcqiwc7zu4zp65noqhiuadi5beb46cowedrwpjfsmdu,ok,137850
2420,bafybeie2tdazlbhyfjfaaczylwqeck33f6gktinbhujuwuwt4s5lzsf6wu,bafybeie2tdazlbhyfjfaaczylwqeck33f6gktinbhujuwuwt4s5lzsf6wu,ok,246642
2421,bafybeiccivgwjqe6fipoap24bc4pabfk57dfkb3q53xacqg24idva5bvau,bafybeiccivgwjqe6fipoap24bc4pabfk57dfkb3q53xacqg24idva5bvau,ok,203088
2422,bafybeihmyx5pps35zexqdczaccf2odcnypinqvvuo47wlqur7uv7blgcbq,bafybeihmyx5pps35zexqdczaccf2odcnypinqvvuo47wlqur7uv7blgcbq,ok,127540
2423,bafybeieahtpfpvtuncflgh5wgh75lvtsje2fgy2olqle3x5kw33csmcxxy,bafybeieahtpfpvtuncflgh5wgh75lvtsje2fgy2olqle3x5kw33csmcxxy,ok,142743
2424,bafybeig5ryiqokawalup3qncbvlblavztd57c4tbudfq2yocothwyuqkey,bafybeig5ryiqokawalup3qncbvlblavztd57c4tbudfq2yocothwyuqkey,ok,159273
2425,bafybeib6cqlx4qpkowtjhquxw324wh2okgxjbjm2qbbbcmrm6olql2ho4u,bafybeib6cqlx4qpkowtjhquxw324wh2okgxjbjm2qbbbcmrm6olql2ho4u,ok,164165
2426,bafybeihij6mto6ir5xnairsmpwbuzulaerxe72wksska36yihhql5qcecm,bafybeihij6mto6ir5xnairsmpwbuzulaerxe72wksska36yihhql5qcecm,ok,138562
2427,bafybeiek6wbea33o7heblqezwxx6yzwginkrwdwngf2trdna5st3tb45zm,bafybeiek6wbea33o7heblqezwxx6yzwginkrwdwngf2trdna5st3tb45zm,ok,141960
2428,bafybeieptuh5lwyptn5bjarh2eafb74l37xi3a2w7mtziko5tss3iiwkey,bafybeieptuh5lwyptn5bjarh2eafb74l37xi3a2w7mtziko5tss3iiwkey,ok,188898
2429,bafybeiczk7magkdg6xjpt7nmlxv2tejxmwx7dc5tdtoc4d7mjp35vslcym,bafybeiczk7magkdg6xjpt7nmlxv2tejxmwx7dc5tdtoc4d7mjp35vslcym,ok,152784
2430,bafybeihgabazv3j6reash4qkbcvrpjb7tpaeqc6mx65ove5qubqcmfys6m,bafybeihgabazv3j6reash4qkbcvrpjb7tpaeqc6mx65ove5qubqcmfys6m,ok,223963
2431,bafybeiafxrkwsbqeljm43lpzwt4rogdlw2zulgkkmsy26dqco33g6kvzhe,bafybeiafxrkwsbqeljm43lpzwt4rogdlw2zulgkkmsy26dqco33g6kvzhe,ok,163284
2432,bafybeigwprhnoayoqztramvfzdc2od7sip7g7ygmn7cl535n3mm5qrzto4,bafybeigwprhnoayoqztramvfzdc2od7sip7g7ygmn7cl535n3mm5qrzto4,ok,164833
2433,bafybeihlnyzdepigmexf5oukcnsx3btm2o4rs3zjvspthri7tgysbcmt4m,bafybeihlnyzdepigmexf5oukcnsx3btm2o4rs3zjvspthri7tgysbcmt4m,ok,188761
2434,bafybeihdl4bhs4bc6ezwvf7apr6jat7gfgd3j7hijcialysvju6m2iybzu,bafybeihdl4bhs4bc6ezwvf7apr6jat7gfgd3j7hijcialysvju6m2iybzu,ok,136118
2435,bafybeiawwi6sa74cdqqg2evt7ne3dc2yuajaso7lq4azfiktwjpx56oh6u,bafybeiawwi6sa74cdqqg2evt7ne3dc2yuajaso7lq4azfiktwjpx56oh6u,ok,153803
2436,bafybeie7mhza5kau2xu7t7lcb4phvgcjtwokbcrxraxorizimdswwzqcai,bafybeie7mhza5kau2xu7t7lcb4phvgcjtwokbcrxraxorizimdswwzqcai,ok,256415
2437,bafybeiglcfxkbbn52nlw7xc7ixqu3vzme4zdnda5myd2wlibzrdibbbs3y,bafybeiglcfxkbbn52nlw7xc7ixqu3vzme4zdnda5myd2wlibzrdibbbs3y,ok,145532
2438,bafybeiep27a465p4tdzp2g6e7zxlyzmlff5b7bgnvrys6lur3rkpjequki,bafybeiep27a465p4tdzp2g6e7zxlyzmlff5b7bgnvrys6lur3rkpjequki,ok,120402
2439,bafybeigrgcmu6g7hgrxgkuxemq7fst3wa6mbhi7mgsq62qcb2okgbpsiru,bafybeigrgcmu6g7hgrxgkuxemq7fst3wa6mbhi7mgsq62qcb2okgbpsiru,ok,139555
2440,bafybeibjump2vuiqrrtvquqtvmqei76odc63emrdntom3ld5acbxo3ookm,bafybeibjump2vuiqrrtvquqtvmqei76odc63emrdntom3ld5acbxo3ookm,ok,123923
2441,bafybeihi6do4r5bneyfvavbst3gibpwbst2kk47l4k55p4oo7zko45r6ga,bafybeihi6do4r5bneyfvavbst3gibpwbst2kk47l4k55p4oo7zko45r6ga,ok,200445
2442,bafybeietbc6xz2ycrgdx4jpmag7hyupc5b7mzcpibh6k37lvxjtyzbaefa,bafybeietbc6xz2ycrgdx4jpmag7hyupc5b7mzcpibh6k37lvxjtyzbaefa,ok,174172
2443,bafybeigerrwuqywhjsnq7d76qm24ogyav24yli2bhzvgowfasgxurqlfhe,bafybeigerrwuqywhjsnq7d76qm24ogyav24yli2bhzvgowfasgxurqlfhe,ok,151697
2444,bafybeiewl2szw5lw2ksei6rksbfcvvurafwaj3zrj3vzs3mkyv7shjl4le,bafybeiewl2szw5lw2ksei6rksbfcvvurafwaj3zrj3vzs3mkyv7shjl4le,ok,212632
2445,bafybeifyknstrt6c5xf4bamurrrvvyfam3w57i4gokwkpgs5eceppot5n4,bafybeifyknstrt6c5xf4bamurrrvvyfam3w57i4gokwkpgs5eceppot5n4,ok,258618
2446,bafybeibtmsd5glpsaz6zokdxxdfu2p6tw5vgq7lhgzt7vtcdwneokqh5tq,bafybeibtmsd5glpsaz6zokdxxdfu2p6tw5vgq7lhgzt7vtcdwneokqh5tq,ok,161296
2447,bafybeidllbcyjwnfz67bvdywnxtftspai5d2mnvp4w2f67iw6yryew63bq,bafybeidllbcyjwnfz67bvdywnxtftspai5d2mnvp4w2f67iw6yryew63bq,ok,148498
2448,bafybeibqjflczefgwn52h44loculer6bb2v5ndp45kjjv7wzspsjsiw45q,bafybeibqjflczefgwn52h44loculer6bb2v5ndp45kjjv7wzspsjsiw45q,ok,170193
2449,bafybeia3e2ifx4jd5tj6pr7s7jh6uyxkqcgzroijvtdcqzkc4pg6v4fqzu,bafybeia3e2ifx4jd5tj6pr7s7jh6uyxkqcgzroijvtdcqzkc4pg6v4fqzu,ok,190496
2450,bafybeidilaz5d5akzvngkvyynvvm6ineupwxdgyyoev75dv32nbdib4vpe,bafybeidilaz5d5akzvngkvyynvvm6ineupwxdgyyoev75dv32nbdib4vpe,ok,261567
2451,bafybeib2jsjnvdpsuisu4p36xwbvbfyy7jfyq2y6edba4wfinvbbcfpypq,bafybeib2jsjnvdpsuisu4p36xwbvbfyy7jfyq2y6edba4wfinvbbcfpypq,ok,148835
2452,bafybeic4syopqwudc6ji7dnfxtswoplmusle2mmjbzq7pn3pfcmm6dzxnu,bafybeic4syopqwudc6ji7dnfxtswoplmusle2mmjbzq7pn3pfcmm6dzxnu,ok,120280
2453,bafybeihrmqj7zw34p4nvmalxxwkzqmfethv7wcrbw7r4hawt3khleikkam,bafybeihrmqj7zw34p4nvmalxxwkzqmfethv7wcrbw7r4hawt3khleikkam,ok,232128
2454,bafybeie5zb23og6g44df6duoipq7ppw6abvssp7yiwcdim5htaeqxmpydq,bafybeie5zb23og6g44df6duoipq7ppw6abvssp7yiwcdim5htaeqxmpydq,ok,249097
2455,bafybeif6bzbi552lfehgyz5am2o4ncdylpgyrwkxogjfnk2yg3khs3pq2e,bafybeif6bzbi552lfehgyz5am2o4ncdylpgyrwkxogjfnk2yg3khs3pq2e,ok,151236
2456,bafybeie6qcqupgr34zfpl7yctr4qidrlw4fge627qmf6xkrakn7pgdvffy,bafybeie6qcqupgr34zfpl7yctr4qidrlw4fge627qmf6xkrakn7pgdvffy,ok,143257
2457,bafybeiegpmlyii33kq2g32u56grkmi7bvdikg7vujgk5pausucpqzxryw4,bafybeiegpmlyii33kq2g32u56grkmi7bvdikg7vujgk5pausucpqzxryw4,ok,169541
2458,bafybeihvkb53fjefvnkcnmaxjeom5y55doiiz5bchtmtdecnyi72g723v4,bafybeihvkb53fjefvnkcnmaxjeom5y55doiiz5bchtmtdecnyi72g723v4,ok,217581
2459,bafybeicmdjljymer4iar3iqnujsxcafusg3laisiyhnpib22bjuxqf4i34,bafybeicmdjljymer4iar3iqnujsxcafusg3laisiyhnpib22bjuxqf4i34,ok,210163
2460,bafybeicngeb7xorc4xldq2pabltlup6rwbdlzbhwlffxn3xgc35cx3o7qy,bafybeicngeb7xorc4xldq2pabltlup6rwbdlzbhwlffxn3xgc35cx3o7qy,ok,139664
2461,bafybeiaravb5fqjrryucvmsukxyufnj4oskt5f62yxzacnyepkpxrzj2lq,bafybeiaravb5fqjrryucvmsukxyufnj4oskt5f62yxzacnyepkpxrzj2lq,ok,111170
2462,bafybeieg4r6kdctq3umnlh4pqmscqtoeb4dekd6z6uhwtnrmfrhl7locse,bafybeieg4r6kdctq3umnlh4pqmscqtoeb4dekd6z6uhwtnrmfrhl7locse,ok,240619
2463,bafybeibxybm3hwch7p7k2brbhcwkannnotsscfyvevrq4szyouluu34cge,bafybeibxybm3hwch7p7k2brbhcwkannnotsscfyvevrq4szyouluu34cge,ok,196868
2464,bafybeib2ciawpnkrahbipwvsniwd54ps4obwk3xab24ph2owyffmgk6iru,bafybeib2ciawpnkrahbipwvsniwd54ps4obwk3xab24ph2owyffmgk6iru,ok,188912
2465,bafybeiehn7cqi3sfweebz5pqfxab5j2rjfjtfs5yzjroksmt6zjdb67tki,bafybeiehn7cqi3sfweebz5pqfxab5j2rjfjtfs5yzjroksmt6zjdb67tki,ok,178950
2466,bafybeicn67hmwngsvwjpyldbwqr2ocb7y4fug4gig4fbzi7u4qx3zk622u,bafybeicn67hmwngsvwjpyldbwqr2ocb7y4fug4gig4fbzi7u4qx3zk622u,ok,162079
2467,bafybeibhanng2mwzxr6x5cqhaxbiyzn5cuvwfkf5o5uu5rfr25rtkt7bwy,bafybeibhanng2mwzxr6x5cqhaxbiyzn5cuvwfkf5o5uu5rfr25rtkt7bwy,ok,187109
2468,bafybeid6cqr62johpdkp3qmhwvh5x46ccngkf3zauxqmpdyn5twuclq75y,bafybeid6cqr62johpdkp3qmhwvh5x46ccngkf3zauxqmpdyn5twuclq75y,ok,156767
2469,bafybeihxnd4dtsudgw3l62osspior3bowczvre4bfuqghj3oo33xkmasxe,bafybeihxnd4dtsudgw3l62osspior3bowczvre4bfuqghj3oo33xkmasxe,ok,184674
2470,bafybeif4iwnhwrcl6ybi7vfuddsllylbetssbi57xmwdnddz6qtcdmpqtq,bafybeif4iwnhwrcl6ybi7vfuddsllylbetssbi57xmwdnddz6qtcdmpqtq,ok,183566
2471,bafybeiadafhff5pbtxpskvynxzfv4a2xqxsoq6nivmgorhs6ampcnjwdkq,bafybeiadafhff5pbtxpskvynxzfv4a2xqxsoq6nivmgorhs6ampcnjwdkq,ok,191640
2472,bafybeicxvnrfrmm6uqtnbs4sbj2ldncvjrpni4gncohreag4b4fu32ohsa,bafybeicxvnrfrmm6uqtnbs4sbj2ldncvjrpni4gncohreag4b4fu32ohsa,ok,187500
2473,bafybeidj22o7rpjoowzftwt5zca6ddb7agw5um6htgh4txyd2pd3c3zdji,bafybeidj22o7rpjoowzftwt5zca6ddb7agw5um6htgh4txyd2pd3c3zdji,ok,167499
2474,bafybeialc4lwf3bzgm7la3nsksygxwuzrsnpleu2chsmvbnbxrc56malba,bafybeialc4lwf3bzgm7la3nsksygxwuzrsnpleu2chsmvbnbxrc56malba,ok,156094
2475,bafybeihb32qdqjtcyywkyhfekvi7lhggwmhvtuempbypdlyurrkswjnvzu,bafybeihb32qdqjtcyywkyhfekvi7lhggwmhvtuempbypdlyurrkswjnvzu,ok,207443
2476,bafybeibccqegipaj3hekqfi7jqeracrmad64cahetur7six5oqlputf2kq,bafybeibccqegipaj3hekqfi7jqeracrmad64cahetur7six5oqlputf2kq,ok,248012
2477,bafybeigs6qlztjpzjfyyaa62vine2fyxj3m4225cbydgfenyxonb24dlia,bafybeigs6qlztjpzjfyyaa62vine2fyxj3m4225cbydgfenyxonb24dlia,ok,204613
2478,bafybeiaoe4bjwa65jplnv7yvicdll5xamiatyvz5wny3vbkrwl3cmn7xfq,bafybeiaoe4bjwa65jplnv7yvicdll5xamiatyvz5wny3vbkrwl3cmn7xfq,ok,110397
2479,bafybeihqsldeszzpvucuulrjn32zzwg7tcx2blwejswj5kjl5hdakanpnq,bafybeihqsldeszzpvucuulrjn32zzwg7tcx2blwejswj5kjl5hdakanpnq,ok,137092
2480,bafybeielh2esgq3lemhqy6cnqx6u7unwc73r75wcde7cfteyclvuvz6soq,bafybeielh2esgq3lemhqy6cnqx6u7unwc73r75wcde7cfteyclvuvz6soq,ok,222444
2481,bafybeialgqq747nlfob4ktbbpenkxwtakymhp5rbuv6ck7yqbzupe3xhuy,bafybeialgqq747nlfob4ktbbpenkxwtakymhp5rbuv6ck7yqbzupe3xhuy,ok,184300
2482,bafybeidk3debj7dvhydfgxmzdfn4z3rgytu3pc32p4q7p4rszb3um7qm6i,bafybeidk3debj7dvhydfgxmzdfn4z3rgytu3pc32p4q7p4rszb3um7qm6i,ok,180783
2483,bafybeign67e4b64lt6dvxwokgwzbfstjhxils2xnxhjnxzkvybhdmhgu5i,bafybeign67e4b64lt6dvxwokgwzbfstjhxils2xnxhjnxzkvybhdmhgu5i,ok,190619
2484,bafybeiarnjydppsuw3zqlucics3qbn2nc3rieyphnnfq67duzqgguhk42y,bafybeiepqr4tbavgmbgej6vlfxhiygvqtjtzaeyvrqtwa7fr7qgs3fcm7e,MISMATCH,217321
2485,bafybeiai6ai37j2ffxqdsxzffghctj4hvlhkmvxzdys4z5leujv7zawhvm,bafybeiai6ai37j2ffxqdsxzffghctj4hvlhkmvxzdys4z5leujv7zawhvm,ok,150351
2486,bafybeicikh5rlvu3kqvv4cz6g272vwaccuxen57ceqvmydejycofc75yfm,bafybeicikh5rlvu3kqvv4cz6g272vwaccuxen57ceqvmydejycofc75yfm,ok,137821
2487,bafybeibwpokt326fzebykjcsa2jhnzogcw6jrl2olbdgf4f4vmprjl3jyu,bafybeibwpokt326fzebykjcsa2jhnzogcw6jrl2olbdgf4f4vmprjl3jyu,ok,226876
2488,bafybeihv23zej2aj7oj2ru66ibj4uxjlfx6v5vu6zhypcc5hvih3pfchee,bafybeihv23zej2aj7oj2ru66ibj4uxjlfx6v5vu6zhypcc5hvih3pfchee,ok,100795
2489,bafybeigv5srh23l2dik3y44cflibkj6lnat5h7uxc5oelaygogxgppquvq,bafybeigv5srh23l2dik3y44cflibkj6lnat5h7uxc5oelaygogxgppquvq,ok,149810
2490,bafybeiemllxbw3iankes23zsqwogvdlxojmxpjboqjhpojskc76kdry5v4,bafybeiemllxbw3iankes23zsqwogvdlxojmxpjboqjhpojskc76kdry5v4,ok,134810
2491,bafybeiej7xjtsoxzkf6wawlrlaewh7jzcxnhugurtevfe2ggxiu4r4hcvi,bafybeiej7xjtsoxzkf6wawlrlaewh7jzcxnhugurtevfe2ggxiu4r4hcvi,ok,155680
2492,bafybeihxp5q3isiltdhzilp7afwoavssa23bzbrenro3ucdlgqynsp56d4,bafybeihxp5q3isiltdhzilp7afwoavssa23bzbrenro3ucdlgqynsp56d4,ok,175599
2493,bafybeibtf2blxr7i73svkkhvq3jf5v5v4wl4eglksjx76khdsydqpsayoe,bafybeibtf2blxr7i73svkkhvq3jf5v5v4wl4eglksjx76khdsydqpsayoe,ok,150924
2494,bafybeiep562jwc55h2w3qoeru3lgenhxldu7juippauos26pw4o3i3xbky,bafybeiep562jwc55h2w3qoeru3lgenhxldu7juippauos26pw4o3i3xbky,ok,249492
2495,bafybeic62l3m3f67qwa7spkmtfff7dhzdabtx4p2jkb4wwhjyr3i73d7nq,bafybeic62l3m3f67qwa7spkmtfff7dhzdabtx4p2jkb4wwhjyr3i73d7nq,ok,258225
2496,bafybeiaaokxnqsgjpbhfef5nfqxt5ghztf5n54hfj4yfqrgn2qqxgdicka,bafybeiaaokxnqsgjpbhfef5nfqxt5ghztf5n54hfj4yfqrgn2qqxgdicka,ok,203791
2497,bafybeifwkqdcfpmo3um2caw7mu7zoraaqhx4g2u2p3pm6f7xq5bdkeamoq,bafybeifwkqdcfpmo3um2caw7mu7zoraaqhx4g2u2p3pm6f7xq5bdkeamoq,ok,161884
2498,bafybeiesfr3sepfk2rxybdzrx7jvhe5q7n2zi2y3vtvvm2d5wgbddaac2a,bafybeiesfr3sepfk2rxybdzrx7jvhe5q7n2zi2y3vtvvm2d5wgbddaac2a,ok,214489
2499,bafybeigmuwsb7ctip7gugue3ava7hx4e2fvf6dyjortjdmjtrqi6tvb5fy,bafybeigmuwsb7ctip7gugue3ava7hx4e2fvf6dyjortjdmjtrqi6tvb5fy,ok,174232
2500,bafybeif36a5eaybqz2jhgepkeuvlotc3ilmq5mzkyivln2ll4gtf7drgse,bafybeif36a5eaybqz2jhgepkeuvlotc3ilmq5mzkyivln2ll4gtf7drgse,ok,224686
2501,bafybeihygyswk5ntaowuyhwqiggyhj53ayulhwlhui6fge4cxrw5oristm,bafybeihygyswk5ntaowuyhwqiggyhj53ayulhwlhui6fge4cxrw5oristm,ok,248733
2502,bafybeibqgxwyg4gfgb7j7jzjfytoc4ptzrhfum7f4xhtvuq45gpx2t6rxu,bafybeibqgxwyg4gfgb7j7jzjfytoc4ptzrhfum7f4xhtvuq45gpx2t6rxu,ok,228615
2503,bafybeias6uvtedw4stxfd6buvkcjjnmy6hflw7ldqanlp24tq2bumpay7u,bafybeias6uvtedw4stxfd6buvkcjjnmy6hflw7ldqanlp24tq2bumpay7u,ok,141045
2504,bafybeidjbzg2fo2f2v4zap5wmd5vz6cdymjpz2gku3rng7qfi2fndqykte,bafybeidjbzg2fo2f2v4zap5wmd5vz6cdymjpz2gku3rng7qfi2fndqykte,ok,175873
2505,bafybeibe5juk7y7uixyvlnsgmauzak2if44bkdfir6wl37pdroxrbeunfu,bafybeibe5juk7y7uixyvlnsgmauzak2if44bkdfir6wl37pdroxrbeunfu,ok,179213
2506,bafybeidifl4ec5nw4kbm6y67n2jrcybvss6xf4eku4osvzd42zdqa2aluu,bafybeidifl4ec5nw4kbm6y67n2jrcybvss6xf4eku4osvzd42zdqa2aluu,ok,219466
2507,bafybeifbzzxfoz4k3rg2hncqtojljhgmpuhouwt35bqchgq77s6h2vxkny,bafybeifbzzxfoz4k3rg2hncqtojljhgmpuhouwt35bqchgq77s6h2vxkny,ok,266938
2508,bafybeid55555hegmtzc6i4ayuelhsqct5g5xustqdrl743sabon3sz7ade,bafybeid55555hegmtzc6i4ayuelhsqct5g5xustqdrl743sabon3sz7ade,ok,142612
2509,bafybeicrqoxq262wuxokkm6z2zim376var7c3tv27jrbvip7awmjs7k6wm,bafybeicrqoxq262wuxokkm6z2zim376var7c3tv27jrbvip7awmjs7k6wm,ok,248953
2510,bafybeidwwyauo6eukqzbitdipfxlwzevhf44mpb7fisvwa5l3bnbsmpefi,bafybeidwwyauo6eukqzbitdipfxlwzevhf44mpb7fisvwa5l3bnbsmpefi,ok,174059
2511,bafybeih4m6a5qtz6wkm7cxu2burngdilngourzo6uj3tpbyrnuf5v7q54y,bafybeih4m6a5qtz6wkm7cxu2burngdilngourzo6uj3tpbyrnuf5v7q54y,ok,164349
2512,bafybeidwnvqfrbjuovlogyuayfsdrbv73444hoacomhzqe2sufta4nqcm4,bafybeidwnvqfrbjuovlogyuayfsdrbv73444hoacomhzqe2sufta4nqcm4,ok,137633
2513,bafybeig72hez2h7ezag33rmyyggtml2cps3aifdndnrt2rbdv3oj4222my,bafybeig72hez2h7ezag33rmyyggtml2cps3aifdndnrt2rbdv3oj4222my,ok,133756
2514,bafybeihvpqr5egd6ixvouxfl5jm6svcchvezejbo6dcoro5zvmgmduvwzy,bafybeihvpqr5egd6ixvouxfl5jm6svcchvezejbo6dcoro5zvmgmduvwzy,ok,129760
2515,bafybeifck54zk2psz2pjtau6ya23cibpalghecgpcsfbjznugcmpyyhudi,bafybeifck54zk2psz2pjtau6ya23cibpalghecgpcsfbjznugcmpyyhudi,ok,207895
2516,bafybeigqw3usge2aptnbwg2z2gsgslfdjg7y6wfvsvpvmer57mkuqwc2na,bafybeigqw3usge2aptnbwg2z2gsgslfdjg7y6wfvsvpvmer57mkuqwc2na,ok,281788
2517,bafybeidsib5ugi2fk7hreqcnb76kzzi3bhlcfmxpuc6xhjisxjgfn3p3ae,bafybeidsib5ugi2fk7hreqcnb76kzzi3bhlcfmxpuc6xhjisxjgfn3p3ae,ok,226762
2518,bafybeig7vxvx6rsiivehywwbpfptdjnrevzvn3ex3hafgasmcgzv2aki7u,bafybeig7vxvx6rsiivehywwbpfptdjnrevzvn3ex3hafgasmcgzv2aki7u,ok,165277
2519,bafybeicnrzdc4ujlfs6bpyim3nripqoypjje4aycanjo2wtlsir4ickbj4,bafybeicnrzdc4ujlfs6bpyim3nripqoypjje4aycanjo2wtlsir4ickbj4,ok,190101
2520,bafybeiejhqecwln4b5nykwuutekj476id6h5hvqcyjp4pqjql2soawzgue,bafybeiejhqecwln4b5nykwuutekj476id6h5hvqcyjp4pqjql2soawzgue,ok,116098
2521,bafybeiegke7rggdkumwxhed2oqwrcdlyyvcddg3dnurpve6tysjpv5xrmy,bafybeiegke7rggdkumwxhed2oqwrcdlyyvcddg3dnurpve6tysjpv5xrmy,ok,155828
2522,bafybeiekj2iq6hvzcbx3ptqa27yebfojxvb3tjq2y6fv3qxv2qga2pqnuu,bafybeiekj2iq6hvzcbx3ptqa27yebfojxvb3tjq2y6fv3qxv2qga2pqnuu,ok,165708
2523,bafybeiccsh7fccmdpz3z5cc4vxgrutduc4r3qwwwf5ximxc6t5vsc3ms3a,bafybeiccsh7fccmdpz3z5cc4vxgrutduc4r3qwwwf5ximxc6t5vsc3ms3a,ok,193147
2524,bafybeihmowjsqvevf4cysvp7zzuaryts44xzyuwexedbtgq5k7cm5zigu4,bafybeihmowjsqvevf4cysvp7zzuaryts44xzyuwexedbtgq5k7cm5zigu4,ok,133291
2525,bafybeiakz53oeg7ohs43xxuio347t45o2r5tdrsz673idmqnkqfdoqrq7m,bafybeiakz53oeg7ohs43xxuio347t45o2r5tdrsz673idmqnkqfdoqrq7m,ok,151712
2526,bafybeigg25av43fqutwpzftx25uuvib22hrbdft5nvxgajnuhleel3mayi,bafybeigg25av43fqutwpzftx25uuvib22hrbdft5nvxgajnuhleel3mayi,ok,123951
2527,bafybeibdaydclhtanqxhh5mtqfmamcumluimicvmtwoo2zxvwuobf7bccy,bafybeibdaydclhtanqxhh5mtqfmamcumluimicvmtwoo2zxvwuobf7bccy,ok,172533
2528,bafybeigozmign5s7vbfjrkl7getv2532fw6v75binrortsltmlmg576rem,bafybeigozmign5s7vbfjrkl7getv2532fw6v75binrortsltmlmg576rem,ok,259090
2529,bafybeihpox2i2jpaazt7zokz25j7f5kq3bitdt74czpk3qhnqzyxy5ayra,bafybeihpox2i2jpaazt7zokz25j7f5kq3bitdt74czpk3qhnqzyxy5ayra,ok,246527
2530,bafybeid5qfo3yfvnrkja2dyjwizompap2tmf66c5go55pmhtirl5llwece,bafybeid5qfo3yfvnrkja2dyjwizompap2tmf66c5go55pmhtirl5llwece,ok,242140
2531,bafybeiheggvcrq2ayzw42vcsbddajifbcyr5giqmqvcekzpoefiv3vqztq,bafybeiheggvcrq2ayzw42vcsbddajifbcyr5giqmqvcekzpoefiv3vqztq,ok,142232
2532,bafybeifylfulsvgpx5patqqy6s4lndqg73gndih733237cygjokvhvhdve,bafybeifylfulsvgpx5patqqy6s4lndqg73gndih733237cygjokvhvhdve,ok,158569
2533,bafybeih3dcahuf432j5suxt4jd4wn6wl7td5aqbbbvgp5kozdjlpmfsdhu,bafybeih3dcahuf432j5suxt4jd4wn6wl7td5aqbbbvgp5kozdjlpmfsdhu,ok,176705
2534,bafybeicljoqawkm5mc5hnnkvx2zqe7b6zfuqpjuc7p7khrxej5v64xwjtu,bafybeicljoqawkm5mc5hnnkvx2zqe7b6zfuqpjuc7p7khrxej5v64xwjtu,ok,174734
2535,bafybeigoy746zo2mrod4g7dhgbvwibj2pwa26mhhgddsdxjl4etqhx7uai,bafybeigoy746zo2mrod4g7dhgbvwibj2pwa26mhhgddsdxjl4etqhx7uai,ok,239363
2536,bafybeicnqzn5qwsjl4alzcng76i2hjpqua254zilmdvo67svyivgjn6h4m,bafybeicnqzn5qwsjl4alzcng76i2hjpqua254zilmdvo67svyivgjn6h4m,ok,144320
2537,bafybeihw3ut7z4rpao2bqste5o2fqimyrjev756lr2mxdhczbuscb7hldy,bafybeihw3ut7z4rpao2bqste5o2fqimyrjev756lr2mxdhczbuscb7hldy,ok,181771
2538,bafybeieb62ko5yexk33r3bjzbkj2bwqoz4yor23okfec6fl7jzpusw35m4,bafybeieb62ko5yexk33r3bjzbkj2bwqoz4yor23okfec6fl7jzpusw35m4,ok,142407
2539,bafybeibqngba6h476hkrze4t2f7oyajq4xkk2mnd3xoptujsuxdjpfbuoy,bafybeibqngba6h476hkrze4t2f7oyajq4xkk2mnd3xoptujsuxdjpfbuoy,ok,215038
2540,bafybeiei2mpmxpz3pqfu5qqjmqfqowzx5abctuprxxdggejuwfg4s54cny,bafybeiei2mpmxpz3pqfu5qqjmqfqowzx5abctuprxxdggejuwfg4s54cny,ok,188314
2541,bafybeif4odlast2slsqx7u77jklxlrlabvgmeshbdscqyvb7k6irz5r2nq,bafybeif4odlast2slsqx7u77jklxlrlabvgmeshbdscqyvb7k6irz5r2nq,ok,210645
2542,bafybeie4d4dite3mqckg3mm32afffpigh2y4prtfmcrp6kzpof6r7jj4d4,bafybeie4d4dite3mqckg3mm32afffpigh2y4prtfmcrp6kzpof6r7jj4d4,ok,211703
2543,bafybeia2flnpaifpg325e46neqhb2w65qujyct5jz5hpj7do4ctakmdbim,bafybeia2flnpaifpg325e46neqhb2w65qujyct5jz5hpj7do4ctakmdbim,ok,181156
2544,bafybeidl6d4xzzdcfkudbvm66emep7luhy5qb25vnpn3d6kkomjg7bbo5a,bafybeidl6d4xzzdcfkudbvm66emep7luhy5qb25vnpn3d6kkomjg7bbo5a,ok,229481
2545,bafybeibucwaqk5y5vzi245mjp2yfcgjj64nejeit4wvvifa2xjiv5oypcy,bafybeibucwaqk5y5vzi245mjp2yfcgjj64nejeit4wvvifa2xjiv5oypcy,ok,213372
2546,bafybeihiugyphhq6o2oupqqxuswnfz2zfnao4tj4fhhy7sfszsetye62ui,bafybeihiugyphhq6o2oupqqxuswnfz2zfnao4tj4fhhy7sfszsetye62ui,ok,162426
2547,bafybeibqflijsm227f3ky5femji5crtuhpqtfarfol73r4lnglr6upowua,bafybeibqflijsm227f3ky5femji5crtuhpqtfarfol73r4lnglr6upowua,ok,213860
2548,bafybeiggaozefjk6rpguxyy3n5727v3f2wc44zrw7jssmawx2fg4as6csu,bafybeiggaozefjk6rpguxyy3n5727v3f2wc44zrw7jssmawx2fg4as6csu,ok,167377
2549,bafybeidddfoney43e5gm3g2phtnl77wxch4npmn3skxjjnxhtxc5vel6xe,bafybeidddfoney43e5gm3g2phtnl77wxch4npmn3skxjjnxhtxc5vel6xe,ok,171864
2550,bafybeie3gnvboppzczmu7422cbgcsrrnbcnhxteyuwym4p3c2unvb7lxky,bafybeie3gnvboppzczmu7422cbgcsrrnbcnhxteyuwym4p3c2unvb7lxky,ok,184648
2551,bafybeig64o5p3z65bjarvfiwtsvvnas5okgc274a4oy6rg4i7vcd4viys4,bafybeig64o5p3z65bjarvfiwtsvvnas5okgc274a4oy6rg4i7vcd4viys4,ok,197852
2552,bafybeifmy5fclecqx2rkccmr7m56wot5hulbhiiocccpwvcy2z7pyx2jeq,bafybeifmy5fclecqx2rkccmr7m56wot5hulbhiiocccpwvcy2z7pyx2jeq,ok,150213
2553,bafybeicd747kipzstaer5p3wsh45z4mf7uwjkwz772owkcmhs5cc43ne7e,bafybeicd747kipzstaer5p3wsh45z4mf7uwjkwz772owkcmhs5cc43ne7e,ok,143786
2554,bafybeib6wbxhbk7g3mut7dq43w7q2jffczaqw7ytzg4pbe6h4rhq4m4e6i,bafybeib6wbxhbk7g3mut7dq43w7q2jffczaqw7ytzg4pbe6h4rhq4m4e6i,ok,212660
2555,bafybeib6hgs5gtx6r7twta6y2wdwqqcgifda7vwgnk5hivggn2biutz7li,bafybeib6hgs5gtx6r7twta6y2wdwqqcgifda7vwgnk5hivggn2biutz7li,ok,151514
2556,bafybeid2koacyrvtu5w3xu5hyw2gvwkz72itgo3dszjstitmhuucdkou7m,bafybeid2koacyrvtu5w3xu5hyw2gvwkz72itgo3dszjstitmhuucdkou7m,ok,239547
2557,bafybeiawbc3vsa25ngv2uizez5pahpu6k7rsxe4kvfpk46urq7ilp45lgy,bafybeiawbc3vsa25ngv2uizez5pahpu6k7rsxe4kvfpk46urq7ilp45lgy,ok,163767
2558,bafybeigd5y5vyomcsqsdk5hao6oindrvxebusxiizffl5llioaeuuhdzey,bafybeigd5y5vyomcsqsdk5hao6oindrvxebusxiizffl5llioaeuuhdzey,ok,227706
2559,bafybeicn6f43wiwpqqgccb5g5xw2dbkaxxkjcc6eda4bp4af4n7ws4w3f4,bafybeicn6f43wiwpqqgccb5g5xw2dbkaxxkjcc6eda4bp4af4n7ws4w3f4,ok,147813
2560,bafybeiddihn6icwljd3dcz2qrh2ntb7kv66cuojhs6qhzeeyozn4d564ge,bafybeiddihn6icwljd3dcz2qrh2ntb7kv66cuojhs6qhzeeyozn4d564ge,ok,182147
2561,bafybeiew52cjc33y4o4pbzio3foesj2mqwuhlj2uf2sxao6btmdxlebfc4,bafybeiew52cjc33y4o4pbzio3foesj2mqwuhlj2uf2sxao6btmdxlebfc4,ok,230642
2562,bafybeih6uwltbtm5ht2weoswss2qpqmbuxzxoq7ofec34mr2mgopzvqwwa,bafybeih6uwltbtm5ht2weoswss2qpqmbuxzxoq7ofec34mr2mgopzvqwwa,ok,226713
2563,bafybeif4cyyu23l2z4fvqcyys5bn23uecwpdmylcuansxxwc4mj37inbqu,bafybeif4cyyu23l2z4fvqcyys5bn23uecwpdmylcuansxxwc4mj37inbqu,ok,170100
2564,bafybeigu4nayyx2oscyy37p2d2a7f7dnmzdgbbqydu3wuiseh2fcxbs4qu,bafybeigu4nayyx2oscyy37p2d2a7f7dnmzdgbbqydu3wuiseh2fcxbs4qu,ok,145710
2565,bafybeiasuqcsdnx7ya3puglugumtx4upwlgpvswhzshyeor252iattgiaq,bafybeiasuqcsdnx7ya3puglugumtx4upwlgpvswhzshyeor252iattgiaq,ok,135141
2566,bafybeicumoz7unfzt6ui3qjthvqmdtahb6xycsu52r3phdll4qbacgxuei,bafybeicumoz7unfzt6ui3qjthvqmdtahb6xycsu52r3phdll4qbacgxuei,ok,216918
2567,bafybeiajdrayhjvlrqloy4wyitubo7eubd5xmup2h4hdjqyx2hw3g5x2pe,bafybeiajdrayhjvlrqloy4wyitubo7eubd5xmup2h4hdjqyx2hw3g5x2pe,ok,236722
2568,bafybeiapnbj3mutjyhqgoof7iws3hjvmoq65hamsfdkjw2vinjrnqfcuqu,bafybeiapnbj3mutjyhqgoof7iws3hjvmoq65hamsfdkjw2vinjrnqfcuqu,ok,244243
2569,bafybeiajmprizyfdf4ylpg3yolqezlhjh6jajnxhwxqf2rqvxqihkkgjsm,bafybeiajmprizyfdf4ylpg3yolqezlhjh6jajnxhwxqf2rqvxqihkkgjsm,ok,140002
2570,bafybeicfim7j65jpbgxadhd45wkzqfdh3umvnrbrn6t4uhmg5e54tlaone,bafybeicfim7j65jpbgxadhd45wkzqfdh3umvnrbrn6t4uhmg5e54tlaone,ok,230158
2571,bafybeieikhbavu5ghypf74pkpbov5cavbu3tf67274ipxlhb6ravl7nsim,bafybeieikhbavu5ghypf74pkpbov5cavbu3tf67274ipxlhb6ravl7nsim,ok,173513
2572,bafybeigp3f7dpjixjqnl52wyqj6owgaz6vya2zi7tdnki5g2o33g7yh2ui,bafybeigp3f7dpjixjqnl52wyqj6owgaz6vya2zi7tdnki5g2o33g7yh2ui,ok,147552
2573,bafybeigztpioj4p2ixaxjrbngq4ydvjzmhaav5ikjhpugqkvlomiawyv2q,bafybeigztpioj4p2ixaxjrbngq4ydvjzmhaav5ikjhpugqkvlomiawyv2q,ok,241069
2574,bafybeigqrdfdcfw443yyru3uzasoqru6brj4e7gpgigxxdryykejqq2bte,bafybeigqrdfdcfw443yyru3uzasoqru6brj4e7gpgigxxdryykejqq2bte,ok,221550
2575,bafybeic6ixhbtrjoo2fxgdjl2fn6dhk2qd2z5luizpp5357p6dlzp7lusi,bafybeic6ixhbtrjoo2fxgdjl2fn6dhk2qd2z5luizpp5357p6dlzp7lusi,ok,144132
2576,bafybeie7km3oymgl7wknd7b3c5adhv2zmyljafbu5oiovwwx3mrndsylha,bafybeie7km3oymgl7wknd7b3c5adhv2zmyljafbu5oiovwwx3mrndsylha,ok,190937
2577,bafybeiakmd3nq5hqlivntygwmiyled2xwjevzsd7gkmpxcl5gd3ms5xjdu,bafybeiakmd3nq5hqlivntygwmiyled2xwjevzsd7gkmpxcl5gd3ms5xjdu,ok,140086
2578,bafybeic6yckvozx4c33tmlimeh3zx5e6oxu4r25an7zbj5azlol4oufjee,bafybeic6yckvozx4c33tmlimeh3zx5e6oxu4r25an7zbj5azlol4oufjee,ok,191796
2579,bafybeiguecgjclautjdhqeac2zqybmdxgwmwkt76dpcjnxtsjlo67indti,bafybeiguecgjclautjdhqeac2zqybmdxgwmwkt76dpcjnxtsjlo67indti,ok,154186
2580,bafybeif4eroo7blgf26dasvj2lsfcn4pdpabged7tl7s3hnfcm4ofqe25a,bafybeif4eroo7blgf26dasvj2lsfcn4pdpabged7tl7s3hnfcm4ofqe25a,ok,149573
2581,bafybeiaf3uxqdotxa5o5iivue2twprzv4szza5s5mjobeodfq36oqgdxdu,bafybeiaf3uxqdotxa5o5iivue2twprzv4szza5s5mjobeodfq36oqgdxdu,ok,144228
2582,bafybeienlderbnohg7cecmigvf5jjdhzlicyg6jqirlfllqecdmysrrviq,bafybeienlderbnohg7cecmigvf5jjdhzlicyg6jqirlfllqecdmysrrviq,ok,215110
2583,bafybeibagyw6wpbjk274vemz2wux3mr7r4dhe56sfs2zgvjyxyn3ga24qa,bafybeibagyw6wpbjk274vemz2wux3mr7r4dhe56sfs2zgvjyxyn3ga24qa,ok,158380
2584,bafybeibcwnkueeywrslo4uxhte26hefbxh7lgcr533zulbpkkcc2lcl5um,bafybeibcwnkueeywrslo4uxhte26hefbxh7lgcr533zulbpkkcc2lcl5um,ok,160106
2585,bafybeidcokm3qtxw4bib7uflhigurg65ilm5jenhg5nnrai3wyxg5qncju,bafybeidcokm3qtxw4bib7uflhigurg65ilm5jenhg5nnrai3wyxg5qncju,ok,221906
2586,bafybeieihkqpkrs2oet6r5no6twemwtalxbti6a43vaf3omgoefvo43ewi,bafybeieihkqpkrs2oet6r5no6twemwtalxbti6a43vaf3omgoefvo43ewi,ok,140521
2587,bafybeidvnubbe6ungnr5nweg52n4gsdq5bsf2jw4yrr5zrtystohwr4nzy,bafybeidvnubbe6ungnr5nweg52n4gsdq5bsf2jw4yrr5zrtystohwr4nzy,ok,227879
2588,bafybeigbyyhxvcolcyumso3mcs2yx53bwazadhesmjjdls66qsgcmnwcku,bafybeigbyyhxvcolcyumso3mcs2yx53bwazadhesmjjdls66qsgcmnwcku,ok,157038
2589,bafybeiadhg7fywdq46nfaawbsokwip22slrhouwovpqmbyxpnjph5xdvra,bafybeiadhg7fywdq46nfaawbsokwip22slrhouwovpqmbyxpnjph5xdvra,ok,215798
2590,bafybeihkmqkiwh5m2qirzhfxnftqzuugrm6uzclcwwvlmdazmfx24phzcq,bafybeihkmqkiwh5m2qirzhfxnftqzuugrm6uzclcwwvlmdazmfx24phzcq,ok,271275
2591,bafybeif5qhqryfsgk4qs3j4ozkwmst5ok5stb6su4ccba6stasjb4hqbta,bafybeif5qhqryfsgk4qs3j4ozkwmst5ok5stb6su4ccba6stasjb4hqbta,ok,164806
2592,bafybeihzsxummjtmdvmaaoh5kxsktp6cyavlwmadqfszzb2sjvsidgakga,bafybeihzsxummjtmdvmaaoh5kxsktp6cyavlwmadqfszzb2sjvsidgakga,ok,159850
2593,bafybeif2hnadxxb77cweomm6xxk72ykqdh327z52hyyxqq3nsvljsdmqcu,bafybeif2hnadxxb77cweomm6xxk72ykqdh327z52hyyxqq3nsvljsdmqcu,ok,129629
2594,bafybeidf2at56abpypa3tf4f5irwglw2by5s6cq4olvyrixr57zo7zasxu,bafybeidf2at56abpypa3tf4f5irwglw2by5s6cq4olvyrixr57zo7zasxu,ok,163242
2595,bafybeic4le45zhtpfyj27janokx3jljroh6mzqwv52pbo4l6bdpowsdsca,bafybeic4le45zhtpfyj27janokx3jljroh6mzqwv52pbo4l6bdpowsdsca,ok,187865
2596,bafybeierf43zy47eabako6u6hzzzgi4eabulom2tkx2fufmv6nhpbobzcy,bafybeierf43zy47eabako6u6hzzzgi4eabulom2tkx2fufmv6nhpbobzcy,ok,235898
2597,bafybeicsi2t4awn3a4kagcjwtv5fwbudnbix6tg6fzzhm2ruxpegf7jco4,bafybeicsi2t4awn3a4kagcjwtv5fwbudnbix6tg6fzzhm2ruxpegf7jco4,ok,163605
2598,bafybeia5oac5kepo5hdqmmdo6czcsvxfgtwhn3rmhn6dzwuhp453ibdv2a,bafybeia5oac5kepo5hdqmmdo6czcsvxfgtwhn3rmhn6dzwuhp453ibdv2a,ok,144471
2599,bafybeidbry6m2dawdwhhgy6vlaimser7wgonssh7c24mx3jeuhmszefbb4,bafybeidbry6m2dawdwhhgy6vlaimser7wgonssh7c24mx3jeuhmszefbb4,ok,193080
2600,bafybeicd6ybgjvjbkayvqrwebf3vjq3yfypiqkuuyo36vzehrof62g4dxu,bafybeicd6ybgjvjbkayvqrwebf3vjq3yfypiqkuuyo36vzehrof62g4dxu,ok,173852
2601,bafybeigdy4hro3dqhv54aw2pquslbnkxchyd5epx6xjlueccc4xvk5mb7e,bafybeigdy4hro3dqhv54aw2pquslbnkxchyd5epx6xjlueccc4xvk5mb7e,ok,191674
2602,bafybeiamjnfst6asduo6frw5co7uykxmsislcsebw2fphzgoqojemfvkzu,bafybeiamjnfst6asduo6frw5co7uykxmsislcsebw2fphzgoqojemfvkzu,ok,178276
2603,bafybeiayplfilst7xp7comeq73jezvz4t54m7fxl7jkkgvrdhqep5qep3q,bafybeiayplfilst7xp7comeq73jezvz4t54m7fxl7jkkgvrdhqep5qep3q,ok,193155
2604,bafybeifomvbvqusus627kecdsqwfpwbmediw7tamzl3qbyodpytqddmppu,bafybeifomvbvqusus627kecdsqwfpwbmediw7tamzl3qbyodpytqddmppu,ok,216748
2605,bafybeif3rjrbvk4w52vuousvlbt3z4iieb4zk6johgvtk2lbii4kbbvmyq,bafybeif3rjrbvk4w52vuousvlbt3z4iieb4zk6johgvtk2lbii4kbbvmyq,ok,220754
2606,bafybeidx664g7esxkn2txpnr4qlsrb3vjopikt2deu3ybkeoaqgsgegq2q,bafybeidx664g7esxkn2txpnr4qlsrb3vjopikt2deu3ybkeoaqgsgegq2q,ok,153662
2607,bafybeieiiqadxrymqbwgvje52rdfc2dswanyu6w54ew2tb3wtv5vazdoaq,bafybeieiiqadxrymqbwgvje52rdfc2dswanyu6w54ew2tb3wtv5vazdoaq,ok,182489
2608,bafybeih3gke5r3i44v5xzsyjtg6bplmwj23inkx7v54zrotwz6ll44miwi,bafybeih3gke5r3i44v5xzsyjtg6bplmwj23inkx7v54zrotwz6ll44miwi,ok,239643
2609,bafybeiexc5p7omdcww4652qor4j7o7hkcyagezcqf4tn4vt7dlospkny3u,bafybeiexc5p7omdcww4652qor4j7o7hkcyagezcqf4tn4vt7dlospkny3u,ok,191750
2610,bafybeic53f2262ge6ttkapk2f54dhmsu4bggv46cmz2men7hmjvys2f4vu,bafybeic53f2262ge6ttkapk2f54dhmsu4bggv46cmz2men7hmjvys2f4vu,ok,243419
2611,bafybeia2hx3jcgvnvroxah5imupnjdeancsuukwunm5hob5atr47juigiy,bafybeia2hx3jcgvnvroxah5imupnjdeancsuukwunm5hob5atr47juigiy,ok,205316
2612,bafybeidop6f7uz7uiulnazb3aixwrmo75b4afbwym25z7jal2p4fuyprb4,bafybeidop6f7uz7uiulnazb3aixwrmo75b4afbwym25z7jal2p4fuyprb4,ok,247349
2613,bafybeigowgfvp5j3viu76qdb7q7bgvrit2nk2kjnmbqfa7ugwgp5xy7zq4,bafybeigowgfvp5j3viu76qdb7q7bgvrit2nk2kjnmbqfa7ugwgp5xy7zq4,ok,195673
2614,bafybeigvs3cc6obt3o6vkkpqxwbmfjtlkt2kcssro6hxmtdtnn4i7rt3wu,bafybeigvs3cc6obt3o6vkkpqxwbmfjtlkt2kcssro6hxmtdtnn4i7rt3wu,ok,166370
2615,bafybeicpc73u6sosmdepkb26nkh6wuzfljwm7g4mm2nw6dylyxzqblpaty,bafybeicpc73u6sosmdepkb26nkh6wuzfljwm7g4mm2nw6dylyxzqblpaty,ok,209480
2616,bafybeih26t3jzrnkb6f6v2qanx4bzuzxg37hi3perefmfqmhvkhqlx54im,bafybeih26t3jzrnkb6f6v2qanx4bzuzxg37hi3perefmfqmhvkhqlx54im,ok,162211
2617,bafybeieja5vda6xd6vngl4vt7yzpi6lw45tqogja7ixgprmjzy4lucq7eu,bafybeieja5vda6xd6vngl4vt7yzpi6lw45tqogja7ixgprmjzy4lucq7eu,ok,159915
2618,bafybeidq2wqou3jrah6bixnk2yet3f6rwgvl7fhskijakvuh45weeri3li,bafybeidq2wqou3jrah6bixnk2yet3f6rwgvl7fhskijakvuh45weeri3li,ok,212259
2619,bafybeieqmtekrfthgq7qvxkkhkbhktj22sxlb5qscuj7drqbgr7ucopx3u,bafybeieqmtekrfthgq7qvxkkhkbhktj22sxlb5qscuj7drqbgr7ucopx3u,ok,216666
2620,bafybeid5x7iexunune63rtjv5rrgmacw7syht3laklvhgc46nbsfbroxgm,bafybeid5x7iexunune63rtjv5rrgmacw7syht3laklvhgc46nbsfbroxgm,ok,275167
2621,bafybeie44ggl5c6ninslwpcbj6ljp2ok5zlzt2tdescjgkhvrq3qo2bism,bafybeie44ggl5c6ninslwpcbj6ljp2ok5zlzt2tdescjgkhvrq3qo2bism,ok,126211
2622,bafybeiffug4o23nnvylrybslj5auibotwaiwxszhdcmljgkbxxnivh3bfi,bafybeiffug4o23nnvylrybslj5auibotwaiwxszhdcmljgkbxxnivh3bfi,ok,200497
2623,bafybeidp4dky4aysaxfm26voyx5wvculdjzyrszh3wv4txhhs5cqmrcckm,bafybeidp4dky4aysaxfm26voyx5wvculdjzyrszh3wv4txhhs5cqmrcckm,ok,176258
2624,bafybeifbjwaj3g3i7tqrrnlnfzcencfzqpa4ugwpj7jsjwrri7xhfw3jea,bafybeifbjwaj3g3i7tqrrnlnfzcencfzqpa4ugwpj7jsjwrri7xhfw3jea,ok,220591
2625,bafybeiaen534bdrdrtlzm2ee6y3z2nyo6tlked2bgmcgffscl65lss3fiu,bafybeiaen534bdrdrtlzm2ee6y3z2nyo6tlked2bgmcgffscl65lss3fiu,ok,178166
2626,bafybeieajkpj4okvqdm42xcqm77eif7z46o5q2ieuk7jpudgwjwbyzgczi,bafybeieajkpj4okvqdm42xcqm77eif7z46o5q2ieuk7jpudgwjwbyzgczi,ok,144475
2627,bafybeif7szznamlzpvbzz7d4dy444dhax7dn6ngheua7b6ul4tebvehuzy,bafybeif7szznamlzpvbzz7d4dy444dhax7dn6ngheua7b6ul4tebvehuzy,ok,213361
2628,bafybeie7yhossheyhn6ylpf3k5cczk37k5vrgluvv4bppt2mozkg7psjja,bafybeie7yhossheyhn6ylpf3k5cczk37k5vrgluvv4bppt2mozkg7psjja,ok,233767
2629,bafybeigtbctzkh2pyavijqt36jm7g73d3f5wsgsdoofibq2wlvvvolmcry,bafybeigtbctzkh2pyavijqt36jm7g73d3f5wsgsdoofibq2wlvvvolmcry,ok,193830
2630,bafybeieibjv6tjv2t77zujkr6vh4q5dwtzmvfk75j5g64zsh2yj4yxlooy,bafybeieibjv6tjv2t77zujkr6vh4q5dwtzmvfk75j5g64zsh2yj4yxlooy,ok,119921
2631,bafybeidcnwbco2ylk7qw6phd2eerdnl3xq722udv3xyiwn67wgnyvsn3dm,bafybeidcnwbco2ylk7qw6phd2eerdnl3xq722udv3xyiwn67wgnyvsn3dm,ok,165127
2632,bafybeihnf7knyeoueegvbetb2ohvoq2rqtjivhaz6hg5yy6rhllw2lwwxy,bafybeihnf7knyeoueegvbetb2ohvoq2rqtjivhaz6hg5yy6rhllw2lwwxy,ok,252928
2633,bafybeien4mlhj6am3s5gylmurm62vfdwdd7coyx6vgzkehq7jnnlaqx4li,bafybeien4mlhj6am3s5gylmurm62vfdwdd7coyx6vgzkehq7jnnlaqx4li,ok,220893
2634,bafybeihyitay6fwjvqfwiblggvngtd5vsh2fl2rdpks3mrz2le567us2ay,bafybeihyitay6fwjvqfwiblggvngtd5vsh2fl2rdpks3mrz2le567us2ay,ok,228549
2635,bafybeiceddgjco6g2nxny34rntdlekl4filchv6wj6c6l7rfwk3ard2v5m,bafybeiceddgjco6g2nxny34rntdlekl4filchv6wj6c6l7rfwk3ard2v5m,ok,193785
2636,bafybeieewi74zbrktlmaj3jmabn7rhyujsarys6kyw4xwp5xetxcdu5xmm,bafybeieewi74zbrktlmaj3jmabn7rhyujsarys6kyw4xwp5xetxcdu5xmm,ok,174328
2637,bafybeihnojx3bzfa3tlxebm3wknbharj3n2j266zh4n4cyna36pz4vs3a4,bafybeihnojx3bzfa3tlxebm3wknbharj3n2j266zh4n4cyna36pz4vs3a4,ok,215833
2638,bafybeigsht2znyvpfrrnfkq6nroqkveunxp2y2k57prgegy4qd2imxwmxu,bafybeigsht2znyvpfrrnfkq6nroqkveunxp2y2k57prgegy4qd2imxwmxu,ok,189268
2639,bafybeienqta4vquxesb7rr2myndedp2tzriqpn73vp2vlk6ybs6u25vvu4,bafybeienqta4vquxesb7rr2myndedp2tzriqpn73vp2vlk6ybs6u25vvu4,ok,128524
2640,bafybeigy5mqwas37d4rkmfzy4arkrk32htjiu4vj5q77hryqtgi26ozmde,bafybeigy5mqwas37d4rkmfzy4arkrk32htjiu4vj5q77hryqtgi26ozmde,ok,160680
2641,bafybeielv52clrh2dz26u4kzourvfyp7izq4xaxk64yqmchg47zcaxs5f4,bafybeielv52clrh2dz26u4kzourvfyp7izq4xaxk64yqmchg47zcaxs5f4,ok,139812
2642,bafybeigl23wekpirxy4jq5h3kvmv5wzyos3pyxnvdwbg3kbmlnec7msqhm,bafybeigl23wekpirxy4jq5h3kvmv5wzyos3pyxnvdwbg3kbmlnec7msqhm,ok,140120
2643,bafybeihhrry7xx3xg7lcfzaaym4vuq2a4zsxmvpi2lnmadfyaortjjwu2m,bafybeihhrry7xx3xg7lcfzaaym4vuq2a4zsxmvpi2lnmadfyaortjjwu2m,ok,210583
2644,bafybeibfegveasuwzemnw6yfi6htbpsvshkr7oqxissv4qvexksst2nz3i,bafybeibfegveasuwzemnw6yfi6htbpsvshkr7oqxissv4qvexksst2nz3i,ok,260750
2645,bafybeiftdhpdipj4a6cpoqiqqqkatkfkswjfpv5trhgoxlpwreb4k6nyhq,bafybeiftdhpdipj4a6cpoqiqqqkatkfkswjfpv5trhgoxlpwreb4k6nyhq,ok,164191
2646,bafybeifdfcmlkedsut6h2p2wizcbjsvspoity3rw6fxyjb4oxp77kqjdja,bafybeifdfcmlkedsut6h2p2wizcbjsvspoity3rw6fxyjb4oxp77kqjdja,ok,126575
2647,bafybeiahzx7a6jtv2ibxq5lg42ji2ovaqu5ja657miboabf3wh5bzgqzeq,bafybeiahzx7a6jtv2ibxq5lg42ji2ovaqu5ja657miboabf3wh5bzgqzeq,ok,140578
2648,bafybeieta5tmvcnw7llvs4y53ve357pe4dndohdiopo3y62p5td5xcs62u,bafybeieta5tmvcnw7llvs4y53ve357pe4dndohdiopo3y62p5td5xcs62u,ok,130461
2649,bafybeiebwdxzwcadbf66upmixnh62rd75lmnafjcd3i2ponkdt3sadthoa,bafybeiebwdxzwcadbf66upmixnh62rd75lmnafjcd3i2ponkdt3sadthoa,ok,218469
2650,bafybeihqzdrocuwcxyy5o5rsjf6a7bawhfgj6yynum5leb2jv252b6rx7e,bafybeihqzdrocuwcxyy5o5rsjf6a7bawhfgj6yynum5leb2jv252b6rx7e,ok,194980
2651,bafybeig77jhz2oxqb5cxyclpxsyotzphz2p24dstlvhxh26c4xt4vzzzhm,bafybeig77jhz2oxqb5cxyclpxsyotzphz2p24dstlvhxh26c4xt4vzzzhm,ok,206721
2652,bafybeiaicbrvoxhgxyubbqdwnp3ncj6s5b2cqdnaltofrtxcbtoqqb3gxu,bafybeiaicbrvoxhgxyubbqdwnp3ncj6s5b2cqdnaltofrtxcbtoqqb3gxu,ok,146039
2653,bafybeia4do5hm3fvg4nzmwkpddfd5752ekol3yyavzluskx7rb7hduioyy,bafybeia4do5hm3fvg4nzmwkpddfd5752ekol3yyavzluskx7rb7hduioyy,ok,201416
2654,bafybeigj2kl7fk5kbt3cj7ucjniwyrjwoik6wrlrgnjknduylgpfpttbem,bafybeigj2kl7fk5kbt3cj7ucjniwyrjwoik6wrlrgnjknduylgpfpttbem,ok,138701
2655,bafybeicsfuis62w6lmaenyaxn2wwfnmtt6maarc3qjnd7lmttqrfbstvui,bafybeicsfuis62w6lmaenyaxn2wwfnmtt6maarc3qjnd7lmttqrfbstvui,ok,224948
2656,bafybeiat66g3icimzcpgtde4gjnivbwbsewjo4u6xvpfebopsxmli346uu,bafybeiat66g3icimzcpgtde4gjnivbwbsewjo4u6xvpfebopsxmli346uu,ok,235577
2657,bafybeibjmru346zsuikcvva4l3wpbbdlz4shfxdzlid5nvu2ys3bhvhsdm,bafybeibjmru346zsuikcvva4l3wpbbdlz4shfxdzlid5nvu2ys3bhvhsdm,ok,215484
2658,bafybeihhnt362uk44lizjilevilutnmtnx2bw4vhfvlgpfh4ded2hpe6qm,bafybeihhnt362uk44lizjilevilutnmtnx2bw4vhfvlgpfh4ded2hpe6qm,ok,194927
2659,bafybeiegls5xhf2mjjacoz2ow4vill3jol3tvr5l6uiickro5vcrggr6x4,bafybeiegls5xhf2mjjacoz2ow4vill3jol3tvr5l6uiickro5vcrggr6x4,ok,136190
2660,bafybeidnfuj44crrz7bcw3c5q7ytprpkxbohclq4c7dbkahyadz3gglpmm,bafybeidnfuj44crrz7bcw3c5q7ytprpkxbohclq4c7dbkahyadz3gglpmm,ok,177108
2661,bafybeib4pqwuvn3cs377yhor7u3oyykobecwmmcxu2572xrhu262msqofu,bafybeib4pqwuvn3cs377yhor7u3oyykobecwmmcxu2572xrhu262msqofu,ok,152419
2662,bafybeif75muxj37nahde7o65amj3zmbpfqfgfvam4vhxirwn4qoeywhxvi,bafybeif75muxj37nahde7o65amj3zmbpfqfgfvam4vhxirwn4qoeywhxvi,ok,226384
2663,bafybeied63zu3ctzzuocwjn6vf2bhaglyvq4ze7nggdapcqvxxyauqif7e,bafybeied63zu3ctzzuocwjn6vf2bhaglyvq4ze7nggdapcqvxxyauqif7e,ok,243846
2664,bafybeiepx5fxhmirgovyvtqdgn3lgfkge5lokzlk5xp3pszsvlzqwr2s6q,bafybeiepx5fxhmirgovyvtqdgn3lgfkge5lokzlk5xp3pszsvlzqwr2s6q,ok,135917
2665,bafybeia4whr4q5ekvscokjq7tt3epqwynd4bz337xbw2y2sienea57xyk4,bafybeia4whr4q5ekvscokjq7tt3epqwynd4bz337xbw2y2sienea57xyk4,ok,181991
2666,bafybeibin73tlhpjb6psf2y32oif7tb2anrzbiq4rgqahrqqbu5xcfy534,bafybeibin73tlhpjb6psf2y32oif7tb2anrzbiq4rgqahrqqbu5xcfy534,ok,149979
2667,bafybeibu6ynh6c7sgfzk7s3mqjeco7jt7mt4ztuo5m46r5atnaibbl4wri,bafybeibu6ynh6c7sgfzk7s3mqjeco7jt7mt4ztuo5m46r5atnaibbl4wri,ok,159672
2668,bafybeiduhew265vdoetq5b2oc7duzjmpqmncelfeguhfisj77kyal5fdye,bafybeiduhew265vdoetq5b2oc7duzjmpqmncelfeguhfisj77kyal5fdye,ok,204134
2669,bafybeidnuq6cdxsjea4wxmcvcffaakmqzds4tqprjph2tlywvezg6vosv4,bafybeidnuq6cdxsjea4wxmcvcffaakmqzds4tqprjph2tlywvezg6vosv4,ok,221460
2670,bafybeiapizruwiwds7ravhcf7prrbfrqnmowa4pqgto5dle5irxa7dzuru,bafybeiapizruwiwds7ravhcf7prrbfrqnmowa4pqgto5dle5irxa7dzuru,ok,194578
2671,bafybeigcdyiuwaxhm427zpevkyxm7z6hgbcupjhhy6n72jbzkjtgn33dhy,bafybeigcdyiuwaxhm427zpevkyxm7z6hgbcupjhhy6n72jbzkjtgn33dhy,ok,190919
2672,bafybeie6wyj3r56j24qpe34rgktazdlnxvticf2ydybwkydedzggzbvz6m,bafybeie6wyj3r56j24qpe34rgktazdlnxvticf2ydybwkydedzggzbvz6m,ok,150441
2673,bafybeie4hhcuhtckferhmldyb77mpxfreuhoefh323zsikeqnpotxvarl4,bafybeie4hhcuhtckferhmldyb77mpxfreuhoefh323zsikeqnpotxvarl4,ok,195484
2674,bafybeiddd4sq37sxhqrxc5pylei7dpt4ujdt2y7mdnil3docyio6g43k5y,bafybeiddd4sq37sxhqrxc5pylei7dpt4ujdt2y7mdnil3docyio6g43k5y,ok,167385
2675,bafybeieq4lkny6nppmpz7ysstgwytqzayaqsg4wtwcjhbsyux3wqcxdwga,bafybeieq4lkny6nppmpz7ysstgwytqzayaqsg4wtwcjhbsyux3wqcxdwga,ok,170746
2676,bafybeihz5domscndvxmwfe5mqgjtpl3pxtx55tw4efxbu4bqdpyvknm3y4,bafybeihz5domscndvxmwfe5mqgjtpl3pxtx55tw4efxbu4bqdpyvknm3y4,ok,253559
2677,bafybeihhio2wbhsmqxom6b2dfjiewt755v43zr2fivgb4ld57quq4q2ut4,bafybeihhio2wbhsmqxom6b2dfjiewt755v43zr2fivgb4ld57quq4q2ut4,ok,201237
2678,bafybeidnj6u5dxgtcfes37hgieanp73ejhrvylw6aere5qgulerxg3262e,bafybeidnj6u5dxgtcfes37hgieanp73ejhrvylw6aere5qgulerxg3262e,ok,147541
2679,bafybeifky3rodegofqdycmid7rmklrjxb3alo65ii2l4fii6t2x3egzpuy,bafybeifky3rodegofqdycmid7rmklrjxb3alo65ii2l4fii6t2x3egzpuy,ok,168804
2680,bafybeia7bmdtuuswpewx5kjqy27ru2jlt3bjvmtf4x67nwmlnsn6l4yjby,bafybeia7bmdtuuswpewx5kjqy27ru2jlt3bjvmtf4x67nwmlnsn6l4yjby,ok,212418
2681,bafybeiharafkbevajy4ienverqmnmxoj72mryzfy6d4mhfauqdcnuxblvq,bafybeiharafkbevajy4ienverqmnmxoj72mryzfy6d4mhfauqdcnuxblvq,ok,122499
2682,bafybeic4vsxyin73qdkf3v6hm4y6dlyn7ag6j4e77lmc2dhphhfapqgtpa,bafybeic4vsxyin73qdkf3v6hm4y6dlyn7ag6j4e77lmc2dhphhfapqgtpa,ok,164032
2683,bafybeih4zi5cg3pzznv3hiwc7yyg3a7ppmro6ew4opnxsrra3tlcvj2rha,bafybeih4zi5cg3pzznv3hiwc7yyg3a7ppmro6ew4opnxsrra3tlcvj2rha,ok,201102
2684,bafybeiffwe3a6qvd7faf2ictabik5gnohmdblu4l2pbvmpj7b4tb7rgjeu,bafybeiffwe3a6qvd7faf2ictabik5gnohmdblu4l2pbvmpj7b4tb7rgjeu,ok,171334
2685,bafybeig2usvpkmndh5cnwh2qeu74einmja2emllsxctddmkvdgtsvkbyfa,bafybeig2usvpkmndh5cnwh2qeu74einmja2emllsxctddmkvdgtsvkbyfa,ok,218724
2686,bafybeih6v5dbdgobsmbtb3sqx75tgq3qbpgfdb4qw7otjmnaifhaaavj2u,bafybeih6v5dbdgobsmbtb3sqx75tgq3qbpgfdb4qw7otjmnaifhaaavj2u,ok,279064
2687,bafybeib6aqwjdknafr24n4o7vlh7erlka4e6pw26nywskryejen2af4oja,bafybeib6aqwjdknafr24n4o7vlh7erlka4e6pw26nywskryejen2af4oja,ok,222739
2688,bafybeiexfsodhq3ns4cmsak2edkcrimjhgk7vfwbnwirfirokxnbbzk234,bafybeiexfsodhq3ns4cmsak2edkcrimjhgk7vfwbnwirfirokxnbbzk234,ok,191025
2689,bafybeif7icp24abkgj4tz22sthg2ijfaep4jqnwt2gylqasrrjuv42y7h4,bafybeif7icp24abkgj4tz22sthg2ijfaep4jqnwt2gylqasrrjuv42y7h4,ok,185642
2690,bafybeiaem3wckksylvhrhiwj7etodafzzg5ayjdbq2mtnsj5bj7oiygmaq,bafybeiaem3wckksylvhrhiwj7etodafzzg5ayjdbq2mtnsj5bj7oiygmaq,ok,151306
2691,bafybeighaxex3sknpdwqbd3qfbj2r44ar7cn4ywglqnegj2h6zscqc5q4i,bafybeighaxex3sknpdwqbd3qfbj2r44ar7cn4ywglqnegj2h6zscqc5q4i,ok,218318
2692,bafybeidsiepwe6dx3heokace3qyknp4sazowgbhgyqzl3aosekzbwra2y4,bafybeidsiepwe6dx3heokace3qyknp4sazowgbhgyqzl3aosekzbwra2y4,ok,176974
2693,bafybeiebzcf7pvvmebeccldgfmqlbggdexgnyfyd3p4ximmobpshu4ncii,bafybeiebzcf7pvvmebeccldgfmqlbggdexgnyfyd3p4ximmobpshu4ncii,ok,136789
2694,bafybeicyat4xuvfmrjjoquppwk5j3r6tn4viksufkuis5qlvyerchbw5ga,bafybeicyat4xuvfmrjjoquppwk5j3r6tn4viksufkuis5qlvyerchbw5ga,ok,154510
2695,bafybeifuelgs7xh7r4eknmkwocwgn2ny2xyfsf3han55imni2r57snyx2e,bafybeifuelgs7xh7r4eknmkwocwgn2ny2xyfsf3han55imni2r57snyx2e,ok,200208
2696,bafybeiglsgucvoanevdtof6psozmafnzj7wbj3vkczegs7o47m62qv5q6y,bafybeiglsgucvoanevdtof6psozmafnzj7wbj3vkczegs7o47m62qv5q6y,ok,204763
2697,bafybeiexdbad5p5bk773mrkwff6mm5g2fdesismbsqhrrugwurib4m6akq,bafybeiexdbad5p5bk773mrkwff6mm5g2fdesismbsqhrrugwurib4m6akq,ok,156651
2698,bafybeigywax66v34g3ymg7ivwhn2pn2262qdheygctogzwfmlnkwfodfq4,bafybeigywax66v34g3ymg7ivwhn2pn2262qdheygctogzwfmlnkwfodfq4,ok,165589
2699,bafybeicvwnjosjrbi5oxcp2vgcqtuig7es5zjj4fwkjqr7txon7pwe5zym,bafybeicvwnjosjrbi5oxcp2vgcqtuig7es5zjj4fwkjqr7txon7pwe5zym,ok,112015
2700,bafybeibaq56xpuwnhmsi52re72pdrvgmtjhxrzhlscmpti6owkqz3j2ruu,bafybeibaq56xpuwnhmsi52re72pdrvgmtjhxrzhlscmpti6owkqz3j2ruu,ok,172617
2701,bafybeihfunhcnw7gpcyc4groabkbdxxaovsvt5vdcusfii33eswz5knozu,bafybeihfunhcnw7gpcyc4groabkbdxxaovsvt5vdcusfii33eswz5knozu,ok,190161
2702,bafybeifq3pnbdop3fsb7gm4vichkpbr67ojbicwb3uppiestdimmeohc7u,bafybeifq3pnbdop3fsb7gm4vichkpbr67ojbicwb3uppiestdimmeohc7u,ok,150799
2703,bafybeiatinxtrzrirrydxy4ctpqoidlcdyccnb73cts4p35geevjiqfr7m,bafybeiatinxtrzrirrydxy4ctpqoidlcdyccnb73cts4p35geevjiqfr7m,ok,214503
2704,bafybeibjbmy753dhspevq5rxl3pcc3tk7tjoxolioax6q7io6avoftgy6e,bafybeibjbmy753dhspevq5rxl3pcc3tk7tjoxolioax6q7io6avoftgy6e,ok,159830
2705,bafybeiaqf3ykt2z5ast2onx6ygy7cv44sllritm4qrtjrcmus2gexyzlz4,bafybeiaqf3ykt2z5ast2onx6ygy7cv44sllritm4qrtjrcmus2gexyzlz4,ok,215317
2706,bafybeigvvxiyoynir2tv7thoe4cyzi3zn65zfh62cfopmptbxqtukqepcu,bafybeigvvxiyoynir2tv7thoe4cyzi3zn65zfh62cfopmptbxqtukqepcu,ok,212639
2707,bafybeiags7wt5ssbdyxvg5w5omgmihjywx2y5pn5i2s2ectvwrrgropfiu,bafybeiags7wt5ssbdyxvg5w5omgmihjywx2y5pn5i2s2ectvwrrgropfiu,ok,175226
2708,bafybeigivwgr3dp5tdgk5wjadksoalby2uqj5xuno2oxbw64dzll4dq57a,bafybeigivwgr3dp5tdgk5wjadksoalby2uqj5xuno2oxbw64dzll4dq57a,ok,186929
2709,bafybeibnpqrot3c3rd7nqlry6sdmig2e2sih2zcbtfwj26etaundxtm6he,bafybeibnpqrot3c3rd7nqlry6sdmig2e2sih2zcbtfwj26etaundxtm6he,ok,278939
2710,bafybeigqgkwywfh234rehavqbvjyq7xngkjrhqxgjqgu7apft5umhkrnuq,bafybeigqgkwywfh234rehavqbvjyq7xngkjrhqxgjqgu7apft5umhkrnuq,ok,143521
2711,bafybeif5lb2r267r7bhsqucvknoejv3ygbr6klwnmqq5dneeyzjd47uzim,bafybeif5lb2r267r7bhsqucvknoejv3ygbr6klwnmqq5dneeyzjd47uzim,ok,156324
2712,bafybeigd4bzvwlxbttiielrk67kwxp2x2nam5ybox3tfeb6inapa2xkbxi,bafybeigd4bzvwlxbttiielrk67kwxp2x2nam5ybox3tfeb6inapa2xkbxi,ok,247808
2713,bafybeiamjylzx5ptv6qw43z5vrclcbxwlx3xccwbuoh4i3pf6w3bkyeyiu,bafybeiamjylzx5ptv6qw43z5vrclcbxwlx3xccwbuoh4i3pf6w3bkyeyiu,ok,211975
2714,bafybeiaracqtqizllf2pehxfppfpzrx666giptq5s7zzatlxd2dvniz6pe,bafybeiaracqtqizllf2pehxfppfpzrx666giptq5s7zzatlxd2dvniz6pe,ok,212143
2715,bafybeictwn7y4ugtuddwylc6iqe7ugl2uul3jz6hp4ywv6nglvigfitp2y,bafybeictwn7y4ugtuddwylc6iqe7ugl2uul3jz6hp4ywv6nglvigfitp2y,ok,144818
2716,bafybeig646j5o2hihupgjwckqqo47nl6uiyhpqabqsn2y5dtj25qv7b32q,bafybeig646j5o2hihupgjwckqqo47nl6uiyhpqabqsn2y5dtj25qv7b32q,ok,139186
2717,bafybeif774s2u2xgjms3voni3rioviwbyewrw4vqttzqovw4av5mdidsxu,bafybeif774s2u2xgjms3voni3rioviwbyewrw4vqttzqovw4av5mdidsxu,ok,140164
2718,bafybeidfue4dntitfzluefgdyukk6slw4ya2gqszm3yutexmt56iyck2b4,bafybeidfue4dntitfzluefgdyukk6slw4ya2gqszm3yutexmt56iyck2b4,ok,166760
2719,bafybeifo5xhk5sis7txvjuoxnrjxsounkqnj76nptjnxsssr6j6xjihiny,bafybeifo5xhk5sis7txvjuoxnrjxsounkqnj76nptjnxsssr6j6xjihiny,ok,162887
2720,bafybeih3xawpvdtkqpuwvsaa56yb6usmng2dnbbnisjekbcalh3p6tgcxu,bafybeih3xawpvdtkqpuwvsaa56yb6usmng2dnbbnisjekbcalh3p6tgcxu,ok,119821
2721,bafybeiaq5lcs7u4pxqbpeod6guzpttdipxkvupfmw2alp3vc2fnyrwayla,bafybeiaq5lcs7u4pxqbpeod6guzpttdipxkvupfmw2alp3vc2fnyrwayla,ok,235744
2722,bafybeifb3zkhyyao4xxanh5hjgnfsqccttgajvni6fb5vbhwzytwyjukqy,bafybeifb3zkhyyao4xxanh5hjgnfsqccttgajvni6fb5vbhwzytwyjukqy,ok,150126
2723,bafybeidb6jm6bi54gf4k4r2znzgy7xcft73rbxpjrmey2q5e3jqz5pnbjq,bafybeidb6jm6bi54gf4k4r2znzgy7xcft73rbxpjrmey2q5e3jqz5pnbjq,ok,223358
2724,bafybeidbseeifvbo76zoinpti5fyhcmnyhkr7zlpme72ligpdvx6vfl6r4,bafybeidbseeifvbo76zoinpti5fyhcmnyhkr7zlpme72ligpdvx6vfl6r4,ok,241034
2725,bafybeifronmufoeuiokwj2nisdbm3zxc6cqfi2n3nht44reec5ebigrqzq,bafybeifronmufoeuiokwj2nisdbm3zxc6cqfi2n3nht44reec5ebigrqzq,ok,217243
2726,bafybeih2rs6zl4fwk6kb3xf6mxbtgausqbazf67hkldccw3owayzia26pi,bafybeih2rs6zl4fwk6kb3xf6mxbtgausqbazf67hkldccw3owayzia26pi,ok,260384
2727,bafybeihlqbuijpxffehetpxywqgq56xa3hyws5gqaywa2rp434gq75ufwu,bafybeihlqbuijpxffehetpxywqgq56xa3hyws5gqaywa2rp434gq75ufwu,ok,138300
2728,bafybeigbjqgdvj7bh62pks5z23k4p7qlgutvpka3n23ithqomrsxrbyi5a,bafybeigbjqgdvj7bh62pks5z23k4p7qlgutvpka3n23ithqomrsxrbyi5a,ok,134088
2729,bafybeigygmwinnabrpp4xsj42txsy5mcbit7mxgsgg5xg2ufzztbruhtci,bafybeigygmwinnabrpp4xsj42txsy5mcbit7mxgsgg5xg2ufzztbruhtci,ok,182341
2730,bafybeiemrqhmqh27vlxbbtaqqexck5xgsn2d5jnzaxsg7c6stmkxa2ne3m,bafybeiemrqhmqh27vlxbbtaqqexck5xgsn2d5jnzaxsg7c6stmkxa2ne3m,ok,133617
2731,bafybeifbvd26h5wnrentubmlub7lyt5buy4vvrjyqrk54a7pnqkq7mmehu,bafybeifbvd26h5wnrentubmlub7lyt5buy4vvrjyqrk54a7pnqkq7mmehu,ok,173431
2732,bafybeifcqst3die2essul63wmjyaaa4ugrfuzw6yj7r45fgp5jpt2lka5e,bafybeifcqst3die2essul63wmjyaaa4ugrfuzw6yj7r45fgp5jpt2lka5e,ok,120567
2733,bafybeif6q36owhy2r5dnwgtkfnw6zrqaujvn7glohnafc2yjj5vdnc7wxm,bafybeif6q36owhy2r5dnwgtkfnw6zrqaujvn7glohnafc2yjj5vdnc7wxm,ok,117028
2734,bafybeigmyy3gabw3sredggdmr76r7bxyp3khbmouwzog4xnt5c2jcnfkdm,bafybeigmyy3gabw3sredggdmr76r7bxyp3khbmouwzog4xnt5c2jcnfkdm,ok,223655
2735,bafybeih42zsq2rultnoph6vbpy6fxfqrdgmmvpcihgu7lqrozz6subrugu,bafybeih42zsq2rultnoph6vbpy6fxfqrdgmmvpcihgu7lqrozz6subrugu,ok,150837
2736,bafybeibpbfcl6xifcelmim3ljfzzvc64ad72rvq23azodpi6fu3bzauh6u,bafybeibpbfcl6xifcelmim3ljfzzvc64ad72rvq23azodpi6fu3bzauh6u,ok,187273
2737,bafybeicosynvfw45mv44vbegoylkphtzwkwqzav3baheoveybfih2cqfh4,bafybeicosynvfw45mv44vbegoylkphtzwkwqzav3baheoveybfih2cqfh4,ok,256662
2738,bafybeidrvlh7imhb5zir3q7vghfhfxh2wpigw7vhymmhntrvnqx5bzidtm,bafybeidrvlh7imhb5zir3q7vghfhfxh2wpigw7vhymmhntrvnqx5bzidtm,ok,165089
2739,bafybeie4r2supuu2spf5732yhtd2b7to26mliizvkghk3rl2ltfgj7ixi4,bafybeie4r2supuu2spf5732yhtd2b7to26mliizvkghk3rl2ltfgj7ixi4,ok,227320
2740,bafybeihqkyryfw2ikz7u2vq2cr5ghvb7zpewolzyjuc76z737xnpkmnofe,bafybeihqkyryfw2ikz7u2vq2cr5ghvb7zpewolzyjuc76z737xnpkmnofe,ok,182211
2741,bafybeiasv5tc32bapd2u3axyzx6dv24voyygik57ictueaexjlw2mysp24,bafybeiasv5tc32bapd2u3axyzx6dv24voyygik57ictueaexjlw2mysp24,ok,155753
2742,bafybeiccy3zz45hohjdjmctikcbidaagdlflggesvfkvealalx5roirzxm,bafybeiccy3zz45hohjdjmctikcbidaagdlflggesvfkvealalx5roirzxm,ok,235783
2743,bafybeiewt2vxss5dckmxgx6besbcunz2gyp432yxr6qwv3mstzrc732nce,bafybeiewt2vxss5dckmxgx6besbcunz2gyp432yxr6qwv3mstzrc732nce,ok,203055
2744,bafybeibuqka3qre3yimd6hqrgzjl3p3djffally5k2irlz5cc3cdalwcm4,bafybeibuqka3qre3yimd6hqrgzjl3p3djffally5k2irlz5cc3cdalwcm4,ok,137903
2745,bafybeicrrpcfgbj4tzoaaz2bymhws3o562sh2iijna2qus22rp3gfmomqy,bafybeicrrpcfgbj4tzoaaz2bymhws3o562sh2iijna2qus22rp3gfmomqy,ok,226114
2746,bafybeighjeuheb7oobczlbboujmpdlatjefhflzuafscutxclugk6gswdq,bafybeighjeuheb7oobczlbboujmpdlatjefhflzuafscutxclugk6gswdq,ok,198754
2747,bafybeighdivd2vtjlz36pgg66ovskeqrwjwqjnrssyryka34vgmyghxa3y,bafybeighdivd2vtjlz36pgg66ovskeqrwjwqjnrssyryka34vgmyghxa3y,ok,193817
2748,bafybeiefz5o34hvll7zkmncs3dtkqqqyeodmilebkq353jypfwd3vccjiq,bafybeiefz5o34hvll7zkmncs3dtkqqqyeodmilebkq353jypfwd3vccjiq,ok,150450
2749,bafybeiflt6f2dbq4iilygbcuidwimhlk2odgm6z7vmp5uaxm7xvgxila3u,bafybeiflt6f2dbq4iilygbcuidwimhlk2odgm6z7vmp5uaxm7xvgxila3u,ok,212005
2750,bafybeibq4gr2elwf2kqxasapkftdqunudss3jmbolcvsx2ikvh66dqptny,bafybeibq4gr2elwf2kqxasapkftdqunudss3jmbolcvsx2ikvh66dqptny,ok,127371
2751,bafybeie3thvq2kzpo7tyjfafh6uq37cbpvzqgbogty3wb4lslqaz4cxqsu,bafybeie3thvq2kzpo7tyjfafh6uq37cbpvzqgbogty3wb4lslqaz4cxqsu,ok,130947
2752,bafybeibc674e632i4qglhqcot4praa34fmghkff3vvzw5vjfi5nssqh45u,bafybeibc674e632i4qglhqcot4praa34fmghkff3vvzw5vjfi5nssqh45u,ok,186347
2753,bafybeianhcwz4egapuvopjlodz5svv6ikoq5gijbouqddca7aal3y2kfae,bafybeianhcwz4egapuvopjlodz5svv6ikoq5gijbouqddca7aal3y2kfae,ok,164443
2754,bafybeieonzymu6ezk7yvsuvp733bdzp7wyv22adgdjc66j6kgigxos4gq4,bafybeieonzymu6ezk7yvsuvp733bdzp7wyv22adgdjc66j6kgigxos4gq4,ok,166893
2755,bafybeigfnhfegkdziuvdrmsekzi6vukpwi36b5ognpehqqqqbirlei4ae4,bafybeigfnhfegkdziuvdrmsekzi6vukpwi36b5ognpehqqqqbirlei4ae4,ok,125161
2756,bafybeid7l3pozvxj2ldjwln6ji3mcukr5jok4dfyopbspmuc3zwtdjvpty,bafybeid7l3pozvxj2ldjwln6ji3mcukr5jok4dfyopbspmuc3zwtdjvpty,ok,169729
2757,bafybeibwt3sdshdogtrw3ticeelwkxjp54gyooonckhyfuceg6ecm65vay,bafybeibwt3sdshdogtrw3ticeelwkxjp54gyooonckhyfuceg6ecm65vay,ok,188307
2758,bafybeiccmcfyy22epuq4kyloqu3ugtlng3bw2jnlbcsbhzllw5xqavv7l4,bafybeiccmcfyy22epuq4kyloqu3ugtlng3bw2jnlbcsbhzllw5xqavv7l4,ok,174948
2759,bafybeiarozui443huhxebcb5xs65mdh6wvdxq3lpvta4pmvkxbwwzfkgwm,bafybeiarozui443huhxebcb5xs65mdh6wvdxq3lpvta4pmvkxbwwzfkgwm,ok,152879
2760,bafybeiaoijl4qprbkdxrltid7gzxepdveqfggqv4jqv74qzg23na2hxrmm,bafybeiaoijl4qprbkdxrltid7gzxepdveqfggqv4jqv74qzg23na2hxrmm,ok,153358
2761,bafybeif2azawhbn7fev6vbxxfwhuqqvk376klo2kuyll5xw7ykmyvmxml4,bafybeif2azawhbn7fev6vbxxfwhuqqvk376klo2kuyll5xw7ykmyvmxml4,ok,183140
2762,bafybeifes34ald3t7dexhifykamlwncplbzl7du4i7ucbmw4j6vt7bhoy4,bafybeifes34ald3t7dexhifykamlwncplbzl7du4i7ucbmw4j6vt7bhoy4,ok,155446
2763,bafybeigtnijjumsxxtptbs4boxaj47wlp7ie3ydl57xwucs6idjkgoq7fq,bafybeigtnijjumsxxtptbs4boxaj47wlp7ie3ydl57xwucs6idjkgoq7fq,ok,179155
2764,bafybeifr4sydewcljwajki52jezfdxjd4oefz2fuja6bbmlwhhcrflvtsm,bafybeifr4sydewcljwajki52jezfdxjd4oefz2fuja6bbmlwhhcrflvtsm,ok,107074
2765,bafybeiazpymjdyotigx7kbyipc3kkt2tkn6yelfhezwtkk6j4yqkyckihu,bafybeiazpymjdyotigx7kbyipc3kkt2tkn6yelfhezwtkk6j4yqkyckihu,ok,124087
2766,bafybeifcgsnujn324j7pha3ewyebbddjhwwzqtdssaaytjllec3krlulse,bafybeifcgsnujn324j7pha3ewyebbddjhwwzqtdssaaytjllec3krlulse,ok,157180
2767,bafybeigzlh6m52boqonglkxdw3t4xkvcnv6kkf6dgplsq7qdlsgevfizqq,bafybeigzlh6m52boqonglkxdw3t4xkvcnv6kkf6dgplsq7qdlsgevfizqq,ok,160246
2768,bafybeih6qkx5actaxgup3tjwyx4u25tbgtesd2pvl5znc2p2yc7vzay3pi,bafybeih6qkx5actaxgup3tjwyx4u25tbgtesd2pvl5znc2p2yc7vzay3pi,ok,132353
2769,bafybeia3mxs2zqli3fp2fslveslehsl2l5xmyxatijknh234yzje6dclpy,bafybeia3mxs2zqli3fp2fslveslehsl2l5xmyxatijknh234yzje6dclpy,ok,190023
2770,bafybeifcny37l3rwg3sjoapqurbjhxxmxgq7frxjygb7cmxwt374chex2m,bafybeifcny37l3rwg3sjoapqurbjhxxmxgq7frxjygb7cmxwt374chex2m,ok,150210
2771,bafybeidiezb5n7lxsojliiwiek4ppqueqi2h75rtdwrd76t2u3cdjq2ybu,bafybeidiezb5n7lxsojliiwiek4ppqueqi2h75rtdwrd76t2u3cdjq2ybu,ok,167145
2772,bafybeihsyyu22l5cepz6mfwf3dsskwyultjvymljnadurfwjejq2qtv3bq,bafybeihsyyu22l5cepz6mfwf3dsskwyultjvymljnadurfwjejq2qtv3bq,ok,158951
2773,bafybeicxiixsr6yiidjd37c4qcrjfor7ldr4aawwjgr2cebas2bu3pxhx4,bafybeicxiixsr6yiidjd37c4qcrjfor7ldr4aawwjgr2cebas2bu3pxhx4,ok,131518
2774,bafybeifrmia7cy7gedox6ivhdpqoh5ll3zqn43jkfejpy73ks6yyu7j6qu,bafybeifrmia7cy7gedox6ivhdpqoh5ll3zqn43jkfejpy73ks6yyu7j6qu,ok,176717
2775,bafybeicfftjwm4pwo5oylzytvxvpcwf4zqbutn7wfxoxn2nbgd5csxil7e,bafybeicfftjwm4pwo5oylzytvxvpcwf4zqbutn7wfxoxn2nbgd5csxil7e,ok,130631
2776,bafybeih7b3zjjddztnxyan67mjle5xjs2m6ypu4pic5axvlzhikj7iqjmi,bafybeih7b3zjjddztnxyan67mjle5xjs2m6ypu4pic5axvlzhikj7iqjmi,ok,193216
2777,bafybeiemhpm3i6usr7losfdxeel54dt5zfxaf47s4xtcnii7555ptuvqim,bafybeiemhpm3i6usr7losfdxeel54dt5zfxaf47s4xtcnii7555ptuvqim,ok,206867
2778,bafybeiedn3jt7f7vrportmiikdw4ej6upfh6ct4mj6r7kwqfhktgmvl7iy,bafybeiedn3jt7f7vrportmiikdw4ej6upfh6ct4mj6r7kwqfhktgmvl7iy,ok,175695
2779,bafybeiazusb5zweeycjp5654wxp6hlen23pbnvmyof27h2sap2zvezd4wa,bafybeiazusb5zweeycjp5654wxp6hlen23pbnvmyof27h2sap2zvezd4wa,ok,190715
2780,bafybeicaeu7dimu4ti6hjdwhhc4y5ual7zpdliy4wne2qwbxye35srj4qi,bafybeicaeu7dimu4ti6hjdwhhc4y5ual7zpdliy4wne2qwbxye35srj4qi,ok,284910
2781,bafybeiba4tc6oalez4zvp5lu7k6m6qquwcbjkm6se2nqp3emguv3sbqjbe,bafybeiba4tc6oalez4zvp5lu7k6m6qquwcbjkm6se2nqp3emguv3sbqjbe,ok,240298
2782,bafybeiesf7wdyekw23okpwuvkfr5ksvr7jiieuu23k2ktsrrs2aou24jte,bafybeiesf7wdyekw23okpwuvkfr5ksvr7jiieuu23k2ktsrrs2aou24jte,ok,257859
2783,bafybeia6iagtqa33b7vbvagodnkvm2ej3gq6ivlzy4gdmlnt74oe27zapi,bafybeia6iagtqa33b7vbvagodnkvm2ej3gq6ivlzy4gdmlnt74oe27zapi,ok,191150
2784,bafybeigo3otyubg7lpllablfeejlpt4uwzs3e73mkbft7beuwxeyhg4g7q,bafybeigo3otyubg7lpllablfeejlpt4uwzs3e73mkbft7beuwxeyhg4g7q,ok,190519
2785,bafybeiaicb4t44t72dix4hs7ebwny6ju3pbzfo57m7uo7uix7pi5dyrydi,bafybeiaicb4t44t72dix4hs7ebwny6ju3pbzfo57m7uo7uix7pi5dyrydi,ok,232745
2786,bafybeidmu43ruf7vvrdvtgeevf37hzxzxv3vx2d2i5d2mym5c4t7qkbeoe,bafybeidmu43ruf7vvrdvtgeevf37hzxzxv3vx2d2i5d2mym5c4t7qkbeoe,ok,251944
2787,bafybeiae3cfgv76dwpvrpew5amud3iybafkmldspzejvv6rhx3ftaw3qr4,bafybeiae3cfgv76dwpvrpew5amud3iybafkmldspzejvv6rhx3ftaw3qr4,ok,171375
2788,bafybeig22sxkhija6durvsq2n5pyibn7y3bnwbmtam46aaints56xldtfy,bafybeig22sxkhija6durvsq2n5pyibn7y3bnwbmtam46aaints56xldtfy,ok,141939
2789,bafybeidoyrwijgppeudg6e3aijnvpxtriiwqlo4i2kxvug3762u7y3mq5i,bafybeidoyrwijgppeudg6e3aijnvpxtriiwqlo4i2kxvug3762u7y3mq5i,ok,172127
2790,bafybeibehh2d4wld23v26scymcogvqcrbwjx27n3a342um2atoie5kt7pi,bafybeibehh2d4wld23v26scymcogvqcrbwjx27n3a342um2atoie5kt7pi,ok,214135
2791,bafybeibx4dr7nn34uwupwrv2orew5rzrssbiedivaoatco6sfylocvvoiq,bafybeibx4dr7nn34uwupwrv2orew5rzrssbiedivaoatco6sfylocvvoiq,ok,229807
2792,bafybeido5pwm65fwbthwclhav6nppafn4exbr3vtyekhgdxmaygmewrtvm,bafybeido5pwm65fwbthwclhav6nppafn4exbr3vtyekhgdxmaygmewrtvm,ok,204563
2793,bafybeiao4nn73i4yw3vnoiibkw2pv4ixcly6mf35hwdpnngtqznkt3g354,bafybeiao4nn73i4yw3vnoiibkw2pv4ixcly6mf35hwdpnngtqznkt3g354,ok,242412
2794,bafybeihkulttbpdzzhqgdvhvpx2ag6444um3l2n3e4she66al7kr47dypa,bafybeihkulttbpdzzhqgdvhvpx2ag6444um3l2n3e4she66al7kr47dypa,ok,216616
2795,bafybeiek2xp272q3gexdcik3suegbkp72v6xtojbl4lphysbyflitgz2ju,bafybeiek2xp272q3gexdcik3suegbkp72v6xtojbl4lphysbyflitgz2ju,ok,151300
2796,bafybeiabmyqstr7pstob7pi7l35h72zx3r6edcxqmupqhdwhx2qwm3m46q,bafybeiabmyqstr7pstob7pi7l35h72zx3r6edcxqmupqhdwhx2qwm3m46q,ok,197489
2797,bafybeia5qvwn23cga4opv33zuxjg2go4nmvwuc2quufoyov4h4hsggmjwe,bafybeia5qvwn23cga4opv33zuxjg2go4nmvwuc2quufoyov4h4hsggmjwe,ok,146949
2798,bafybeica4zjzc2dyufd3sckrjpbk45lw5w7bxoyvmvbkkn6o7xoluot2sq,bafybeica4zjzc2dyufd3sckrjpbk45lw5w7bxoyvmvbkkn6o7xoluot2sq,ok,201504
2799,bafybeibnokzapkroirz3asgssmbukz24nz7wji4a33kay5dp2rjzr5ahbq,bafybeibnokzapkroirz3asgssmbukz24nz7wji4a33kay5dp2rjzr5ahbq,ok,200180
2800,bafybeihikzzqxintkicc5l5j7kgfrrac5ckxbzkv6jmi3kjqy6cgkt3fmq,bafybeihikzzqxintkicc5l5j7kgfrrac5ckxbzkv6jmi3kjqy6cgkt3fmq,ok,233922
2801,bafybeiar3s3e4oybwixwzlrrgwqcj7d4fzq4txo54izp3wk2mkt6xvonoy,bafybeiar3s3e4oybwixwzlrrgwqcj7d4fzq4txo54izp3wk2mkt6xvonoy,ok,201012
2802,bafybeibvmu3qzbf3umudbag7josgivcqqxqtftvnwlxfghrvroqnckrccm,bafybeibvmu3qzbf3umudbag7josgivcqqxqtftvnwlxfghrvroqnckrccm,ok,136492
2803,bafybeieju2mvpimzg4yxf2coyy5lmfdx5llzowuxvfece5quj6gbalpcfy,bafybeieju2mvpimzg4yxf2coyy5lmfdx5llzowuxvfece5quj6gbalpcfy,ok,141097
2804,bafybeigv26vmnalkyl5ilcm27bsbt6irgescx423qneseb4lgggvhr6p6i,bafybeigv26vmnalkyl5ilcm27bsbt6irgescx423qneseb4lgggvhr6p6i,ok,169443
2805,bafybeiazeip4bnjidg42sfqc7tgxy3a5bpucaxapgbioxbkmakadoeq3y4,bafybeiazeip4bnjidg42sfqc7tgxy3a5bpucaxapgbioxbkmakadoeq3y4,ok,278581
2806,bafybeicefbotuwb65rh7nggqgp7a2eicr3qmdcr7gmo5xsko6bevzx3lni,bafybeicefbotuwb65rh7nggqgp7a2eicr3qmdcr7gmo5xsko6bevzx3lni,ok,160319
2807,bafybeibniuwep2fob5ixzguy6tckukiqyooi4va4apyo5pmay5zrz5akbi,bafybeibniuwep2fob5ixzguy6tckukiqyooi4va4apyo5pmay5zrz5akbi,ok,176593
2808,bafybeibpcktmos7e33lomixoajvzkjc6kojosnsiszx4ea2lem5ksrcnuu,bafybeibpcktmos7e33lomixoajvzkjc6kojosnsiszx4ea2lem5ksrcnuu,ok,201228
2809,bafybeidkokqw3woi7yeo7kxwwapysc2tv325zncogrhefj33zrb7yx76zi,bafybeidkokqw3woi7yeo7kxwwapysc2tv325zncogrhefj33zrb7yx76zi,ok,158516
2810,bafybeiciyd5echypemjlgyfuho2zqheoknt6lbi7whxauqiln6mtrz2d2m,bafybeiciyd5echypemjlgyfuho2zqheoknt6lbi7whxauqiln6mtrz2d2m,ok,185395
2811,bafybeicgrjhmhatxx6rn4ly5yzzqzbgsory62cbtytxojppxbhgsswwsla,bafybeicgrjhmhatxx6rn4ly5yzzqzbgsory62cbtytxojppxbhgsswwsla,ok,139433
2812,bafybeidkcdtqmoevqrflrunh67sm2q4avyw5dnr47sukdhfyqwn3vrdc5m,bafybeidkcdtqmoevqrflrunh67sm2q4avyw5dnr47sukdhfyqwn3vrdc5m,ok,136510
2813,bafybeiaknql5upb4aicoztkiqjmjyrpm5pywe7ythjvumppsad76eqtaze,bafybeiaknql5upb4aicoztkiqjmjyrpm5pywe7ythjvumppsad76eqtaze,ok,206638
2814,bafybeifmwbipzqj7zphd3ioxjuze5gj2kgcths2qkji3o3tebchebwdttu,bafybeifmwbipzqj7zphd3ioxjuze5gj2kgcths2qkji3o3tebchebwdttu,ok,202326
2815,bafybeickzawzr3xpo6v6auqdrs3gzo52t7kyca4nsvijol7bxpsm5ngbhy,bafybeickzawzr3xpo6v6auqdrs3gzo52t7kyca4nsvijol7bxpsm5ngbhy,ok,212677
2816,bafybeidb7n5v3bnnt4xkf3fcteqyzhy2q2din3cwrhpyqoeqmzrxvuvfpm,bafybeidb7n5v3bnnt4xkf3fcteqyzhy2q2din3cwrhpyqoeqmzrxvuvfpm,ok,162306
2817,bafybeif46sso7slwfan42imoj4ehmqh44m2rmenxywhzlnpxnnh7yly7nq,bafybeif46sso7slwfan42imoj4ehmqh44m2rmenxywhzlnpxnnh7yly7nq,ok,138651
2818,bafybeiau2w2dov5ohkrqw2fukkieyqqr5j2mcidvs242apuixcpcm7od3u,bafybeiau2w2dov5ohkrqw2fukkieyqqr5j2mcidvs242apuixcpcm7od3u,ok,149076
2819,bafybeicxmtfq7umcjopcoya7esivtaqrenewhzysgis33hvxwgtcl46ura,bafybeicxmtfq7umcjopcoya7esivtaqrenewhzysgis33hvxwgtcl46ura,ok,147468
2820,bafybeid6ffkzxtuxn3kdp37izim4a5fcmpalrrl4auivt7tdi64o3dbfy4,bafybeid6ffkzxtuxn3kdp37izim4a5fcmpalrrl4auivt7tdi64o3dbfy4,ok,206612
2821,bafybeielzxspycmy2cgt7nlsrq6sg4c4otqxomrjoiakxjladegngd2yi4,bafybeielzxspycmy2cgt7nlsrq6sg4c4otqxomrjoiakxjladegngd2yi4,ok,208904
2822,bafybeihgy6psd2j6iwg4nfozokhaghfubpmwyrxb4ujhueydg2ttzlxvji,bafybeihgy6psd2j6iwg4nfozokhaghfubpmwyrxb4ujhueydg2ttzlxvji,ok,253023
2823,bafybeiclbcyapguovdofy4vjt3xvuueewz3grysdw35apy5sbufalg5nne,bafybeiclbcyapguovdofy4vjt3xvuueewz3grysdw35apy5sbufalg5nne,ok,152598
2824,bafybeia72qjt6ft66b7ahl2jgujto5fu3u3h25rheb4ebro6o2y3tsj5uu,bafybeia72qjt6ft66b7ahl2jgujto5fu3u3h25rheb4ebro6o2y3tsj5uu,ok,199128
2825,bafybeiaxg62md7wdvhnq3nhxvdu7wzfyrzze3gsddswxjhk6bmgncq3deu,bafybeiaxg62md7wdvhnq3nhxvdu7wzfyrzze3gsddswxjhk6bmgncq3deu,ok,146228
2826,bafybeieghnl6ourd5jik324c2tnhlusfeifgy6czwqgtotnamehqecdyk4,bafybeieghnl6ourd5jik324c2tnhlusfeifgy6czwqgtotnamehqecdyk4,ok,149831
2827,bafybeieoavhj5wq3lssymeoiu67a6zd4czjwmj63a2nxe25bs2uhe5sjwe,bafybeieoavhj5wq3lssymeoiu67a6zd4czjwmj63a2nxe25bs2uhe5sjwe,ok,242077
2828,bafybeifmhgsp3wncdsadcvax5lo734srf3k6rpetin7yxece2jmdpq72xm,bafybeifmhgsp3wncdsadcvax5lo734srf3k6rpetin7yxece2jmdpq72xm,ok,93547
2829,bafybeidsah45l5wkgoodelmmnll7shpahdjmmqg2a7ie4sgpoi4zf46bsy,bafybeidsah45l5wkgoodelmmnll7shpahdjmmqg2a7ie4sgpoi4zf46bsy,ok,112652
2830,bafybeihf6xxo2fl3rfsyashtuf7l6tpawqtrh2re6rrzw5t3gpgrbts5pq,bafybeihf6xxo2fl3rfsyashtuf7l6tpawqtrh2re6rrzw5t3gpgrbts5pq,ok,137868
2831,bafybeibujrs4jvrwd6qyo7ag2yifnye7nbzd5ys6iuw7mosi27jx5p3ngu,bafybeibujrs4jvrwd6qyo7ag2yifnye7nbzd5ys6iuw7mosi27jx5p3ngu,ok,178536
2832,bafybeih5exga3sqfl3p27x5cbmgwujxifijppi75bksevuqk46xe7ek3jq,bafybeih5exga3sqfl3p27x5cbmgwujxifijppi75bksevuqk46xe7ek3jq,ok,125904
2833,bafybeidj5zqwbewrlkdkhtworgbtssfzgooqwrk3rrhb2l6t7u5s4ug5ya,bafybeidj5zqwbewrlkdkhtworgbtssfzgooqwrk3rrhb2l6t7u5s4ug5ya,ok,160867
2834,bafybeicj3wkcdzf3txvlghedodop2o7ewb5c4bgg7r2uzi5hsovhoy47yi,bafybeicj3wkcdzf3txvlghedodop2o7ewb5c4bgg7r2uzi5hsovhoy47yi,ok,232842
2835,bafybeifrlxnijqqsow74p5wi7rczkcra4viylh647e2jspulosxar26t44,bafybeifrlxnijqqsow74p5wi7rczkcra4viylh647e2jspulosxar26t44,ok,172945
2836,bafybeiejl6iuk7it3ldzjbc4sbgpnbbyxey2a4tytxry4msss2iy4ifrna,bafybeiejl6iuk7it3ldzjbc4sbgpnbbyxey2a4tytxry4msss2iy4ifrna,ok,183152
2837,bafybeiczkv5dmrwzoob5ifzk6ku5thshe25o227eu2mdsxm5rlvq5jgpo4,bafybeiczkv5dmrwzoob5ifzk6ku5thshe25o227eu2mdsxm5rlvq5jgpo4,ok,145349
2838,bafybeiaszhwrao6cygcziai4smhbbemg5msw2o2aip5zuuuhrqamxam27i,bafybeiaszhwrao6cygcziai4smhbbemg5msw2o2aip5zuuuhrqamxam27i,ok,145515
2839,bafybeibc6zracm3ioru45w7qdzl2xt32qhhkzouewjy4fcwhxqf7adv6iu,bafybeibc6zracm3ioru45w7qdzl2xt32qhhkzouewjy4fcwhxqf7adv6iu,ok,153649
2840,bafybeied42boz5hlkamkneihpft2yyln3ho4j6agjm3y353gkfnq2vvo3a,bafybeied42boz5hlkamkneihpft2yyln3ho4j6agjm3y353gkfnq2vvo3a,ok,178595
2841,bafybeidwpke2yxorg4nct6kup7mqv3har7o3hf6gv4x7z5uhdnahaqduwe,bafybeidwpke2yxorg4nct6kup7mqv3har7o3hf6gv4x7z5uhdnahaqduwe,ok,202368
2842,bafybeicajncysazmqjmnmmah5wr2y7ionwu6elezivd3u6mpztmmyb3zuu,bafybeicajncysazmqjmnmmah5wr2y7ionwu6elezivd3u6mpztmmyb3zuu,ok,184508
2843,bafybeiex3m5yrol4ncrp64prsncx4cq4qfsf7ao3su2uomftnzlvbakh6u,bafybeiex3m5yrol4ncrp64prsncx4cq4qfsf7ao3su2uomftnzlvbakh6u,ok,113817
2844,bafybeifgjrzeb52ff66siz6xivtqdwi4flolsdxp2ol5kmcwcbz4u4dfyq,bafybeifgjrzeb52ff66siz6xivtqdwi4flolsdxp2ol5kmcwcbz4u4dfyq,ok,192052
2845,bafybeigucksnsh54lkjau25qf4anv452b5xcufbpdtzz56zyzhuhrupr4i,bafybeigucksnsh54lkjau25qf4anv452b5xcufbpdtzz56zyzhuhrupr4i,ok,187605
2846,bafybeibdpz6v63tkty6ou44cgvhsowv5qgvc4f4pf5o2l4xgjpv4vy6ar4,bafybeibdpz6v63tkty6ou44cgvhsowv5qgvc4f4pf5o2l4xgjpv4vy6ar4,ok,250308
2847,bafybeieyw2pdlk3mn4xtlpibd4cowo67cakspbfe5xfpaljruyoeuerhb4,bafybeieyw2pdlk3mn4xtlpibd4cowo67cakspbfe5xfpaljruyoeuerhb4,ok,158939
2848,bafybeibnxtbmyb5znh4y6p6cwgihniwycuav5j36kpaz6x5stysxpbctty,bafybeibnxtbmyb5znh4y6p6cwgihniwycuav5j36kpaz6x5stysxpbctty,ok,211258
2849,bafybeicxlhvewmvxc7sw54vyxhcjpn6b2x2ewq2mcahxdn27t6nthsqwqe,bafybeicxlhvewmvxc7sw54vyxhcjpn6b2x2ewq2mcahxdn27t6nthsqwqe,ok,132859
2850,bafybeiclti3thwdr34maedenv7geu6yfnmwr6kphnwmqkia5q6scgq5c7m,bafybeiclti3thwdr34maedenv7geu6yfnmwr6kphnwmqkia5q6scgq5c7m,ok,198216
2851,bafybeickicpre575cde3tjp2ddbxtc7j7y7haiyksq6pruxb5dyhkxp2tq,bafybeickicpre575cde3tjp2ddbxtc7j7y7haiyksq6pruxb5dyhkxp2tq,ok,140501
2852,bafybeiasmossgbcw5x3fgcoeauiw2t2eyef4m4lie4rw2cbrq2ic6xbdke,bafybeiasmossgbcw5x3fgcoeauiw2t2eyef4m4lie4rw2cbrq2ic6xbdke,ok,159629
2853,bafybeigwhx52w6i3pxfvzjfvamdpznsjgkyfifkfovfkefugiq6rhdb34u,bafybeigwhx52w6i3pxfvzjfvamdpznsjgkyfifkfovfkefugiq6rhdb34u,ok,147003
2854,bafybeic6ss22ajgka6as3mpx3njnqqxatzgdmo76chqxrcafjql4ekxkgy,bafybeic6ss22ajgka6as3mpx3njnqqxatzgdmo76chqxrcafjql4ekxkgy,ok,181321
2855,bafybeick2qu3g4q3lal25bv2n2nnzgy47kdiink7ndow6oq5os45t44ufi,bafybeick2qu3g4q3lal25bv2n2nnzgy47kdiink7ndow6oq5os45t44ufi,ok,146040
2856,bafybeibl7bvbx4xi7f3656zhr3aolqej3n7wgozbawponzozzroetltrx4,bafybeibl7bvbx4xi7f3656zhr3aolqej3n7wgozbawponzozzroetltrx4,ok,141439
2857,bafybeib3g2j6akqrcqa333xlte6lkq7qoe6zut5ga3br3lseegxtdnlyti,bafybeib3g2j6akqrcqa333xlte6lkq7qoe6zut5ga3br3lseegxtdnlyti,ok,174970
2858,bafybeidyxwc225t6r6cab7jhwrqijlzaai5ispcn4rxlneomttyresqcuu,bafybeidyxwc225t6r6cab7jhwrqijlzaai5ispcn4rxlneomttyresqcuu,ok,202445
2859,bafybeiefbw3jqjrdkwgzaoy3j24jr5ouvoeldd6o2w7p7oqvpxllpjoja4,bafybeiefbw3jqjrdkwgzaoy3j24jr5ouvoeldd6o2w7p7oqvpxllpjoja4,ok,135216
2860,bafybeifz2wjszaaajkddfmtoaklb7d2i6a4iir3mrolwvv5clzvh4ekx7y,bafybeifz2wjszaaajkddfmtoaklb7d2i6a4iir3mrolwvv5clzvh4ekx7y,ok,231530
2861,bafybeihyizekbaelis5m6yywfbhfenyzhn7wovk2bvvr5kptlg5c6ue5me,bafybeihyizekbaelis5m6yywfbhfenyzhn7wovk2bvvr5kptlg5c6ue5me,ok,125756
2862,bafybeia67g4fkwvm4ekrizik5megqmjntbtccdbk6jrw76spvqq5i455im,bafybeia67g4fkwvm4ekrizik5megqmjntbtccdbk6jrw76spvqq5i455im,ok,137473
2863,bafybeihv7wl5smjddfoi24opa77765x55w2itlfxau3yubmkuirdbhshaa,bafybeihv7wl5smjddfoi24opa77765x55w2itlfxau3yubmkuirdbhshaa,ok,180324
2864,bafybeidhlz76my7qijvjsi22m5qfa7cqkfuuim35wfl43iivq3hxcg2qa4,bafybeidhlz76my7qijvjsi22m5qfa7cqkfuuim35wfl43iivq3hxcg2qa4,ok,182901
2865,bafybeicbionez4jy5xnflwrmvjf7tk7r6i6gw47kdygt24expynguvjr3u,bafybeicbionez4jy5xnflwrmvjf7tk7r6i6gw47kdygt24expynguvjr3u,ok,139979
2866,bafybeieac6uaiy56k2vjha4rvfg42rrxka2wvqexzi7ahzsakv3o73s3ku,bafybeieac6uaiy56k2vjha4rvfg42rrxka2wvqexzi7ahzsakv3o73s3ku,ok,141092
2867,bafybeiemndtzbunlsdvnyv7ajf7ee53uglaeloidqs2bopuzlrav4ezwxq,bafybeiemndtzbunlsdvnyv7ajf7ee53uglaeloidqs2bopuzlrav4ezwxq,ok,166994
2868,bafybeia2lii7jzwwn2ll4s2qxvexq2mwca3k5bd5ufp3yryulmrugm6cjq,bafybeia2lii7jzwwn2ll4s2qxvexq2mwca3k5bd5ufp3yryulmrugm6cjq,ok,155185
2869,bafybeifynvsqhemehjx4nnpvszforpzlwexsm5jsycuq7ayjjckoph32ue,bafybeifynvsqhemehjx4nnpvszforpzlwexsm5jsycuq7ayjjckoph32ue,ok,164118
2870,bafybeia2e5azfmakbadszsxi2go477due2jm2fsvw7a6xli5e24xeftvim,bafybeia2e5azfmakbadszsxi2go477due2jm2fsvw7a6xli5e24xeftvim,ok,219044
2871,bafybeiaswjjholcyfq2bz6fy44q5hdyqkhxrsh4eafmpctxbvbyu5jaeci,bafybeiaswjjholcyfq2bz6fy44q5hdyqkhxrsh4eafmpctxbvbyu5jaeci,ok,213636
2872,bafybeicbnrcdz27lho3phvdowzuckl6nqfk6fn4mpe7nkzm3tbly42payu,bafybeicbnrcdz27lho3phvdowzuckl6nqfk6fn4mpe7nkzm3tbly42payu,ok,231382
2873,bafybeiawi4fptpeuu2h4dk6ddkhyefhac4za2gon5ktc6n26oa7mnn4n4y,bafybeiawi4fptpeuu2h4dk6ddkhyefhac4za2gon5ktc6n26oa7mnn4n4y,ok,143443
2874,bafybeidoukoz3c26iib6mrmddvrk3agqt2sntzbg2t3khmyo5wvzdfehe4,bafybeidoukoz3c26iib6mrmddvrk3agqt2sntzbg2t3khmyo5wvzdfehe4,ok,194305
2875,bafybeiergxrqjuljpvivw5ih6tbgz7rkveldgrw5epde3o3ajc76zeb2j4,bafybeiergxrqjuljpvivw5ih6tbgz7rkveldgrw5epde3o3ajc76zeb2j4,ok,170898
2876,bafybeihsi6havnz6zgbejdkp7knriq2zwjomiyudietgx5qegjjrzr272a,bafybeihsi6havnz6zgbejdkp7knriq2zwjomiyudietgx5qegjjrzr272a,ok,211281
2877,bafybeig6t2xcslgrsbua6j5eplqpblrr4jifyh5rxdxdqqloqmf4bgt5xq,bafybeig6t2xcslgrsbua6j5eplqpblrr4jifyh5rxdxdqqloqmf4bgt5xq,ok,160808
2878,bafybeie2xjdgwc5xn3yzem62bctikdmr2sqmdiwbhdoywldxueemzd6qw4,bafybeie2xjdgwc5xn3yzem62bctikdmr2sqmdiwbhdoywldxueemzd6qw4,ok,267135
2879,bafybeihlki6pbcm44p3hcesrgyah3jbmvlbrdf4d3pxnxpbgh7vox6hvk4,bafybeihlki6pbcm44p3hcesrgyah3jbmvlbrdf4d3pxnxpbgh7vox6hvk4,ok,220692
2880,bafybeidt54nti7doqj354z2iyiyyaxhapgjtml32q2ryu2nmq5ydgsy5tm,bafybeidt54nti7doqj354z2iyiyyaxhapgjtml32q2ryu2nmq5ydgsy5tm,ok,182706
2881,bafybeiggh4y7zo5leqlp3dsmprdoaortic7duqjqnlbisvtflopcykfqwy,bafybeiggh4y7zo5leqlp3dsmprdoaortic7duqjqnlbisvtflopcykfqwy,ok,175337
2882,bafybeib3xi6tx5vztt4xszavtl5yxvxq7n4mefeyor37kkwerglwiyd6a4,bafybeib3xi6tx5vztt4xszavtl5yxvxq7n4mefeyor37kkwerglwiyd6a4,ok,189038
2883,bafybeigd2plujewkgmrxiksqfxdubgze2flpaimoanvqvktcw7gutboula,bafybeigd2plujewkgmrxiksqfxdubgze2flpaimoanvqvktcw7gutboula,ok,150667
2884,bafybeiciqjl6kxgd67d3impytwtv6ihnt6h43zlsffowh2wkf7xptfcto4,bafybeiciqjl6kxgd67d3impytwtv6ihnt6h43zlsffowh2wkf7xptfcto4,ok,227976
2885,bafybeieanfb6y3ikzrj7hqxzhkhdtmwng76cahcwm7qcvdn4gb776zi35q,bafybeieanfb6y3ikzrj7hqxzhkhdtmwng76cahcwm7qcvdn4gb776zi35q,ok,256452
2886,bafybeigm6irjzrcark2vzwualeha3mvmcjli7yvcyj4nql7hbarrhednem,bafybeigm6irjzrcark2vzwualeha3mvmcjli7yvcyj4nql7hbarrhednem,ok,184782
2887,bafybeic2xhtrek4vxdifvgppotbeq4qpv2ufdl43mnjtztqp72pwivvtci,bafybeic2xhtrek4vxdifvgppotbeq4qpv2ufdl43mnjtztqp72pwivvtci,ok,183250
2888,bafybeifesigpve4xvpzmuhuo4lwplxqbkpjkwohocqq3bdxovw3ieklnwq,bafybeifesigpve4xvpzmuhuo4lwplxqbkpjkwohocqq3bdxovw3ieklnwq,ok,225049
2889,bafybeifyxntjt3k4dqenao3hendm57t3m4nxgntamzjmc3hfnkzrjctygq,bafybeifyxntjt3k4dqenao3hendm57t3m4nxgntamzjmc3hfnkzrjctygq,ok,214577
2890,bafybeihdznkdae53tl2znwqsoubhhkrd77zunofi72ceudhu26sqe454xu,bafybeihdznkdae53tl2znwqsoubhhkrd77zunofi72ceudhu26sqe454xu,ok,205010
2891,bafybeidxntqrt7zitv3b7szpidcz6izcfzab3mqbti7bun542bqbm2ev7y,bafybeidxntqrt7zitv3b7szpidcz6izcfzab3mqbti7bun542bqbm2ev7y,ok,137137
2892,bafybeiah4amk6min2jflkodfpx36yaksuw2i7ba5hliutch542wu24wcqq,bafybeiah4amk6min2jflkodfpx36yaksuw2i7ba5hliutch542wu24wcqq,ok,192002
2893,bafybeihjittdhaniupcy2vuxn3ytpqg2s6zarjmtguvega6qdosemshhsu,bafybeihjittdhaniupcy2vuxn3ytpqg2s6zarjmtguvega6qdosemshhsu,ok,155012
2894,bafybeihobkva2elne6nqgw5v7qjyw4uapzi4eloxdf7ulufynyfinficlu,bafybeihobkva2elne6nqgw5v7qjyw4uapzi4eloxdf7ulufynyfinficlu,ok,218811
2895,bafybeih6mjlr75yjhangqmkjwttpkakej7apvhv2rxbf7gsfu4ceeyyycm,bafybeih6mjlr75yjhangqmkjwttpkakej7apvhv2rxbf7gsfu4ceeyyycm,ok,169621
2896,bafybeicroulskc4xewscd3o4yksd7sun4ih2nu5y66fe3e3zwg2zkxatqu,bafybeicroulskc4xewscd3o4yksd7sun4ih2nu5y66fe3e3zwg2zkxatqu,ok,131064
2897,bafybeian6f7cdqdamescmv2kllvx7jfqinerru3dkhhwq7y35nlaxksrfq,bafybeian6f7cdqdamescmv2kllvx7jfqinerru3dkhhwq7y35nlaxksrfq,ok,192492
2898,bafybeidq7a36534cltmr7twxgv3mzwucffaljkjd5sok3im2mgr7mwp56q,bafybeidq7a36534cltmr7twxgv3mzwucffaljkjd5sok3im2mgr7mwp56q,ok,217164
2899,bafybeihqvw47joismubpa2wtkz6l5ug3jaue4nnptpkqrqezawv6u4vv2e,bafybeihqvw47joismubpa2wtkz6l5ug3jaue4nnptpkqrqezawv6u4vv2e,ok,170985
2900,bafybeibxe2y2y5tgtdpwcfukvqlocu56eg4o5clwky4vprvljobbfq3rvu,bafybeibxe2y2y5tgtdpwcfukvqlocu56eg4o5clwky4vprvljobbfq3rvu,ok,221801
2901,bafybeic6uoaq3xo4odor46nwjlpai6ubxqecxzr3mrqfj53fidca7pg4he,bafybeic6uoaq3xo4odor46nwjlpai6ubxqecxzr3mrqfj53fidca7pg4he,ok,190364
2902,bafybeigm36jtegk526z2zppksoyuhyx2h2mwxdy4yjlsnfd7uxtbejc24a,bafybeigm36jtegk526z2zppksoyuhyx2h2mwxdy4yjlsnfd7uxtbejc24a,ok,202274
2903,bafybeidcmctxh3kj6j275cjkswc7oo44k4oemvfpgpnnqy5673tzwpaxui,bafybeidcmctxh3kj6j275cjkswc7oo44k4oemvfpgpnnqy5673tzwpaxui,ok,152909
2904,bafybeiadl7u3tjreo5z4b5i2vwgr5d4glo4cezy2wkylxvnyhcpfqikki4,bafybeiadl7u3tjreo5z4b5i2vwgr5d4glo4cezy2wkylxvnyhcpfqikki4,ok,160047
2905,bafybeie66gcemzwhtczvnnnopve5gv4fo6nt2l3gwtckgchhufj7iwpt3a,bafybeie66gcemzwhtczvnnnopve5gv4fo6nt2l3gwtckgchhufj7iwpt3a,ok,160345
2906,bafybeiggwmqauy2zwmsgbl2dshc44teyu57benab4nqm5d6sice7w4xgdu,bafybeiggwmqauy2zwmsgbl2dshc44teyu57benab4nqm5d6sice7w4xgdu,ok,159842
2907,bafybeiee6skbeqb4wiptlmos7hh46ftxjxzbclu7azuyfwlonpci5kicqi,bafybeiee6skbeqb4wiptlmos7hh46ftxjxzbclu7azuyfwlonpci5kicqi,ok,153955
2908,bafybeidvm52jntcqfxoqmpagjcaefrqebuawtth5mdrvfxuyr2lvrh6fnq,bafybeidvm52jntcqfxoqmpagjcaefrqebuawtth5mdrvfxuyr2lvrh6fnq,ok,157411
2909,bafybeidyuhmtdy4wgs2tdasbgn6oeosodku2f42d4k5tchjxfcga254yhe,bafybeidyuhmtdy4wgs2tdasbgn6oeosodku2f42d4k5tchjxfcga254yhe,ok,185198
2910,bafybeiesb5dwc43ymkqy5hu6uc4hzsduoivniqw2pw3ahqcxzzdiybbora,bafybeiesb5dwc43ymkqy5hu6uc4hzsduoivniqw2pw3ahqcxzzdiybbora,ok,134496
2911,bafybeieapjeclifd3c74ml6pycitien3kk5pi3ftnbxfyjdqkyaydyiwfm,bafybeieapjeclifd3c74ml6pycitien3kk5pi3ftnbxfyjdqkyaydyiwfm,ok,156635
2912,bafybeic7iixlwe3km4zjgjnrp5x2nmbuflxslm5hm4eyqw4yxqxkobr4qm,bafybeic7iixlwe3km4zjgjnrp5x2nmbuflxslm5hm4eyqw4yxqxkobr4qm,ok,221594
2913,bafybeihhdlisdfpnatxmcofoeyriuemzqohtd37r5weqy4ufi3u4qbmnx4,bafybeihhdlisdfpnatxmcofoeyriuemzqohtd37r5weqy4ufi3u4qbmnx4,ok,152032
2914,bafybeigmxpcocltv2a3js7upczriiq4ck2wrg7idlbzgbjvoecnhe7z4oe,bafybeigmxpcocltv2a3js7upczriiq4ck2wrg7idlbzgbjvoecnhe7z4oe,ok,143211
2915,bafybeigiyhb6aggjoxj6qvg77hisiaw2t63fmnrohsyf6jrvkgrtety35y,bafybeigiyhb6aggjoxj6qvg77hisiaw2t63fmnrohsyf6jrvkgrtety35y,ok,122594
2916,bafybeiep2kqvlw4envk2duak6vst2gnd6ihs4mmzm75wozzxfovp3c7vdm,bafybeiep2kqvlw4envk2duak6vst2gnd6ihs4mmzm75wozzxfovp3c7vdm,ok,202036
2917,bafybeifevgbdn4kh33iwitqxyyotzck6flmwazl5rq77rhppx7uwcteksq,bafybeifevgbdn4kh33iwitqxyyotzck6flmwazl5rq77rhppx7uwcteksq,ok,236391
2918,bafybeidmocet5qi37ndrqe5rtljshaj62gcr3h2pfzb4lti7ld7czuzzbq,bafybeidmocet5qi37ndrqe5rtljshaj62gcr3h2pfzb4lti7ld7czuzzbq,ok,243245
2919,bafybeigm4aabksyo2p74qxdkxc4deixp6lrmlntnblonhnxemr6bfgogfm,bafybeigm4aabksyo2p74qxdkxc4deixp6lrmlntnblonhnxemr6bfgogfm,ok,192305
2920,bafybeievemera3fi5mxqsftrtnebyekmlyu3wlxawigwqhwy4wewhudjpm,bafybeievemera3fi5mxqsftrtnebyekmlyu3wlxawigwqhwy4wewhudjpm,ok,166085
2921,bafybeiezycs32emedeikwxfmlesk2s32jfsmligqjctvorufb4tenqjygu,bafybeiezycs32emedeikwxfmlesk2s32jfsmligqjctvorufb4tenqjygu,ok,158327
2922,bafybeigulkfpievn5mkjxuxsf4qn7pmhi3ups2snklp5iypqtl24akp5na,bafybeigulkfpievn5mkjxuxsf4qn7pmhi3ups2snklp5iypqtl24akp5na,ok,171914
2923,bafybeihvoiuuf2hidkkb7li4fsb43yxntpiyvh2ih4g3xmdqe5xbmuqpfa,bafybeihvoiuuf2hidkkb7li4fsb43yxntpiyvh2ih4g3xmdqe5xbmuqpfa,ok,190059
2924,bafybeifm2hijxy5vioyshgra2prxfyrrr5iyyr6grkqkuqosnvtbbkvr7y,bafybeifm2hijxy5vioyshgra2prxfyrrr5iyyr6grkqkuqosnvtbbkvr7y,ok,159229
2925,bafybeid6y2hmsjvgwkh4cmhft3k2snr4nzlnu4rdd7u72vvu3g65lexy2i,bafybeid6y2hmsjvgwkh4cmhft3k2snr4nzlnu4rdd7u72vvu3g65lexy2i,ok,164403
2926,bafybeihhg4t3pq2lb6hdvjasfyxhnfmfuj7obix6sl4fiiqc4b4bh2migq,bafybeihhg4t3pq2lb6hdvjasfyxhnfmfuj7obix6sl4fiiqc4b4bh2migq,ok,172888
2927,bafybeib3qhbinnoui25oj4srkts5krot75ca7mpsytpa73x2ufq2hxer2m,bafybeib3qhbinnoui25oj4srkts5krot75ca7mpsytpa73x2ufq2hxer2m,ok,226763
2928,bafybeibyv4oi2eijeikx3475xhfleoo73stiyzttsj2ojdftrlbt6sabp4,bafybeibyv4oi2eijeikx3475xhfleoo73stiyzttsj2ojdftrlbt6sabp4,ok,228302
2929,bafybeidt36al2gpm43ienqcxnuerpz6pxptvv6zszmf5stijq6ynfxmh3q,bafybeidt36al2gpm43ienqcxnuerpz6pxptvv6zszmf5stijq6ynfxmh3q,ok,190729
2930,bafybeifcmiaemcpenoavhyzxtnxzu2wjpiuwhlnr2d57bwz4taostow5cu,bafybeifcmiaemcpenoavhyzxtnxzu2wjpiuwhlnr2d57bwz4taostow5cu,ok,202353
2931,bafybeig5hzluazxzp2rf32lbr2oz2m4757qdgtkrb3hykvc2e6mqir33fy,bafybeig5hzluazxzp2rf32lbr2oz2m4757qdgtkrb3hykvc2e6mqir33fy,ok,203713
2932,bafybeihqhu56dtk6paq6h6xscvgqww6wyfb3jwgb3bapfhfmeia7e7e3fi,bafybeihqhu56dtk6paq6h6xscvgqww6wyfb3jwgb3bapfhfmeia7e7e3fi,ok,245860
2933,bafybeiceojng6u3j7adxcgncbmuoguopoygq5l4uxb7drywnqdsqoc4ise,bafybeiceojng6u3j7adxcgncbmuoguopoygq5l4uxb7drywnqdsqoc4ise,ok,199206
2934,bafybeiei7piyzdsyxf6wqxao34hrb7kll4c7ysqragqccopcm2yr6372h4,bafybeiei7piyzdsyxf6wqxao34hrb7kll4c7ysqragqccopcm2yr6372h4,ok,204152
2935,bafybeig7xuaftw5h77ai342erpieoq6yqfqyh6vz4stiti27cconzo6l7y,bafybeig7xuaftw5h77ai342erpieoq6yqfqyh6vz4stiti27cconzo6l7y,ok,149529
2936,bafybeidh4kpy7yziipji3djc66hzfyt4n7bknjbrhn5wunp3pyb4c3a6xm,bafybeidh4kpy7yziipji3djc66hzfyt4n7bknjbrhn5wunp3pyb4c3a6xm,ok,139102
2937,bafybeifszevlhlw6j3bfg36xfs632ihrbeapyriazw77qoqsmwgj7exdse,bafybeifszevlhlw6j3bfg36xfs632ihrbeapyriazw77qoqsmwgj7exdse,ok,125436
2938,bafybeibtyboqtwtjzhu7t3oh7vie4bhultdfzmle5xcbogaojoqx56qcm4,bafybeibtyboqtwtjzhu7t3oh7vie4bhultdfzmle5xcbogaojoqx56qcm4,ok,150461
2939,bafybeigu2mi6piufwakwn6mallzf67jrktbfbx6jnneurvshn7yfzaj3di,bafybeigu2mi6piufwakwn6mallzf67jrktbfbx6jnneurvshn7yfzaj3di,ok,215653
2940,bafybeift5facjt4i55iacougogq2tbt5ietvlfhm3id5a5vy7zyjciseee,bafybeift5facjt4i55iacougogq2tbt5ietvlfhm3id5a5vy7zyjciseee,ok,193856
2941,bafybeie7i3x4lznegclfm5o5apykgo7oip5m3rkknyfp3zov3r26ikjouq,bafybeie7i3x4lznegclfm5o5apykgo7oip5m3rkknyfp3zov3r26ikjouq,ok,210925
2942,bafybeibemn7pqfwuvsrrr2dx6lit234ucuxzswddgrugooyheq7p2tmg54,bafybeibemn7pqfwuvsrrr2dx6lit234ucuxzswddgrugooyheq7p2tmg54,ok,140306
2943,bafybeie7pkdtpriyn2sd5otgst2zsd3tavipimh44u7af3bjglxpd2qf3i,bafybeie7pkdtpriyn2sd5otgst2zsd3tavipimh44u7af3bjglxpd2qf3i,ok,103188
2944,bafybeifoesk3hwmmlxrbq56gihh6axmased7235d3y7pj2fmdnsej36xp4,bafybeifoesk3hwmmlxrbq56gihh6axmased7235d3y7pj2fmdnsej36xp4,ok,141085
2945,bafybeiewlvbxmeypsnvfqktbbruwkpbbjkb54rsu4ajq7eatgbcip3mhs4,bafybeiewlvbxmeypsnvfqktbbruwkpbbjkb54rsu4ajq7eatgbcip3mhs4,ok,191507
2946,bafybeihmuu37ruy4p4uadik6qob74427gdoa3vmbpwq5mww4jv6shuwtq4,bafybeihmuu37ruy4p4uadik6qob74427gdoa3vmbpwq5mww4jv6shuwtq4,ok,146317
2947,bafybeibbmaih5x5vgpzzjeu5dbobmbf2mrh7lek3goozt2sutamrpou6du,bafybeibbmaih5x5vgpzzjeu5dbobmbf2mrh7lek3goozt2sutamrpou6du,ok,185697
2948,bafybeidypxvvquoe7dqf2ab6wbvhs4vn4qfpha4wgu5m6ycquzmujcez5e,bafybeidypxvvquoe7dqf2ab6wbvhs4vn4qfpha4wgu5m6ycquzmujcez5e,ok,138063
2949,bafybeicof7vptug4tjk7af6j7wjmmipgvbjymo4kh6y4vzfo3rxnmfapa4,bafybeicof7vptug4tjk7af6j7wjmmipgvbjymo4kh6y4vzfo3rxnmfapa4,ok,191429
2950,bafybeihpzexam75ltdywpnwoogqs7gbob7b5zlftnpco5unnan7huiopqe,bafybeihpzexam75ltdywpnwoogqs7gbob7b5zlftnpco5unnan7huiopqe,ok,186230
2951,bafybeign5cghhm5lx7epkadvua65hj6zyvq67yzbf3lafkdaolabbfdzte,bafybeign5cghhm5lx7epkadvua65hj6zyvq67yzbf3lafkdaolabbfdzte,ok,133384
2952,bafybeifl6puhaybgtw7ntpxynxyu22tgtrcdhl5snved7o3tbdgfq3lm6m,bafybeifl6puhaybgtw7ntpxynxyu22tgtrcdhl5snved7o3tbdgfq3lm6m,ok,104522
2953,bafybeib5u4t7ltsrevodpqc6vqfnq7xaflki6yq7zqovsndz6q43hpgepy,bafybeib5u4t7ltsrevodpqc6vqfnq7xaflki6yq7zqovsndz6q43hpgepy,ok,210070
2954,bafybeiadig5za7dujzo4kc52gqsnytasim7s225teh3timvltvoioezaou,bafybeiadig5za7dujzo4kc52gqsnytasim7s225teh3timvltvoioezaou,ok,165184
2955,bafybeicvxtrpasiaa5kr7nwvpljllsjjckonsax73pyruowm2p7l6hbytq,bafybeicvxtrpasiaa5kr7nwvpljllsjjckonsax73pyruowm2p7l6hbytq,ok,177402
2956,bafybeifg5sxvzb6g4bwhw4hxvlopbzkrss3ay2zutgpz4e7jjsywejxlpu,bafybeifg5sxvzb6g4bwhw4hxvlopbzkrss3ay2zutgpz4e7jjsywejxlpu,ok,147343
2957,bafybeicl6on7kuhsuqye66iqvpldcig7ghyl6cmqxoodzpjzt6h2s2hypm,bafybeicl6on7kuhsuqye66iqvpldcig7ghyl6cmqxoodzpjzt6h2s2hypm,ok,166418
2958,bafybeibzqli4dqcakejixiyuhfiuhh4kgyepjuhafemno2emtq4jddqc3u,bafybeibzqli4dqcakejixiyuhfiuhh4kgyepjuhafemno2emtq4jddqc3u,ok,211840
2959,bafybeig4olv7lkgc4rtjithmljqxsioocrxild744dxih37cjf64mvzm5q,bafybeig4olv7lkgc4rtjithmljqxsioocrxild744dxih37cjf64mvzm5q,ok,126577
2960,bafybeihxmwdldafjkbpgzdm2rrkgsrywkd2rh323nap2iigebpdelbvrdy,bafybeihxmwdldafjkbpgzdm2rrkgsrywkd2rh323nap2iigebpdelbvrdy,ok,146393
2961,bafybeia2x7pygx555ltkioiwbvgt7a2glhoarbg6ppe3kvock7qlywro54,bafybeia2x7pygx555ltkioiwbvgt7a2glhoarbg6ppe3kvock7qlywro54,ok,211160
2962,bafybeid4horelcla7qqyyv24k7k6n5hgv6vzohbtwhnpzjxgmrhsneehbi,bafybeid4horelcla7qqyyv24k7k6n5hgv6vzohbtwhnpzjxgmrhsneehbi,ok,269373
2963,bafybeidnuh2e3wvyaw4figpt27l32fgmxnosksfeyq6pxmtrqzoiya3pg4,bafybeidnuh2e3wvyaw4figpt27l32fgmxnosksfeyq6pxmtrqzoiya3pg4,ok,221908
2964,bafybeiar57gw7phqsr27n4dbzd3hidng57ikafj5k435bn73djycmztrxa,bafybeiar57gw7phqsr27n4dbzd3hidng57ikafj5k435bn73djycmztrxa,ok,138244
2965,bafybeidfu7x2swpaqil4jf672v76b5ljydezduxh6ko5khpsufu3jndbfy,bafybeidfu7x2swpaqil4jf672v76b5ljydezduxh6ko5khpsufu3jndbfy,ok,181669
2966,bafybeice3octbr5f4accevmgwlh7zzyovhmhgjjy4hem6hlmy2wdvxa5cu,bafybeice3octbr5f4accevmgwlh7zzyovhmhgjjy4hem6hlmy2wdvxa5cu,ok,213523
2967,bafybeidmcwxuv7pzp6myphjbka3givzz4kab3tlkmfldajpilaof65q62m,bafybeidmcwxuv7pzp6myphjbka3givzz4kab3tlkmfldajpilaof65q62m,ok,161510
2968,bafybeigolr2jzgwir24p26353d3ighd2ebgydymgg3xvvav5sjsxm2bhbi,bafybeigolr2jzgwir24p26353d3ighd2ebgydymgg3xvvav5sjsxm2bhbi,ok,169980
2969,bafybeidymyvuqjesrw4ys5pukf3z46cc5dykpqg6cvbqkulxrrmpkple3y,bafybeidymyvuqjesrw4ys5pukf3z46cc5dykpqg6cvbqkulxrrmpkple3y,ok,127940
2970,bafybeifsg55jhtjq64bs55ijt72vwkmrzxy34soapovnt72myigdh6xry4,bafybeifsg55jhtjq64bs55ijt72vwkmrzxy34soapovnt72myigdh6xry4,ok,123451
2971,bafybeia62n2odek4wyl466mw5za3sdcotlggkrzs7tj5z7irojl6smbk6u,bafybeia62n2odek4wyl466mw5za3sdcotlggkrzs7tj5z7irojl6smbk6u,ok,193159
2972,bafybeidgddzpjl6nas5yjcjmf3kudayxdyvzccmlf45nc6euu6uoktwdbe,bafybeidgddzpjl6nas5yjcjmf3kudayxdyvzccmlf45nc6euu6uoktwdbe,ok,231300
2973,bafybeiewmwpddzouds563did2mlizg3jxqvtbyhmgz7gb2pjdoh26nz3im,bafybeiewmwpddzouds563did2mlizg3jxqvtbyhmgz7gb2pjdoh26nz3im,ok,179840
2974,bafybeiaotmnrhmnqyblzf24qvtgffo5srwswhyrhzyxvek74agci6hyjpm,bafybeiaotmnrhmnqyblzf24qvtgffo5srwswhyrhzyxvek74agci6hyjpm,ok,188972
2975,bafybeidyehohwh45nuqaixreido7cd26tsgb7zrdrt7uxfrp6bwn74qzju,bafybeidyehohwh45nuqaixreido7cd26tsgb7zrdrt7uxfrp6bwn74qzju,ok,229602
2976,bafybeiatpdrqjr4btqgdvulkt5iuqap233t2ydnvbo4xmuislbfai2fis4,bafybeiatpdrqjr4btqgdvulkt5iuqap233t2ydnvbo4xmuislbfai2fis4,ok,153723
2977,bafybeib5bnutfxjactlyvlv2kh46pvimhqweiylnj2awrgx2e4y5brz6e4,bafybeib5bnutfxjactlyvlv2kh46pvimhqweiylnj2awrgx2e4y5brz6e4,ok,173540
2978,bafybeigltlhctt24lvirrnnginxnohuo3duar6hrwb7rzoypxn6hx3rub4,bafybeigltlhctt24lvirrnnginxnohuo3duar6hrwb7rzoypxn6hx3rub4,ok,146792
2979,bafybeihohsulunufhcfvoqn6mqnsftu2ferwjft3ty6obruztw4muytdmu,bafybeihohsulunufhcfvoqn6mqnsftu2ferwjft3ty6obruztw4muytdmu,ok,196880
2980,bafybeicuacae7qmmmi5jc5idg4dewqt7z7nsghvolkid4tx2d6vvwzeohu,bafybeicuacae7qmmmi5jc5idg4dewqt7z7nsghvolkid4tx2d6vvwzeohu,ok,162387
2981,bafybeib3r6z76n5sgiwrvoiu4z2qputdwqtanhgecx3imhwhnqxu2st2le,bafybeib3r6z76n5sgiwrvoiu4z2qputdwqtanhgecx3imhwhnqxu2st2le,ok,158774
2982,bafybeihjqw4rjozvmdplo5t3opmcye56n2u3wn5qfpmdilss5wndhaiffu,bafybeihjqw4rjozvmdplo5t3opmcye56n2u3wn5qfpmdilss5wndhaiffu,ok,174215
2983,bafybeifx7lnz2fqj54cvtylxjcfhy5o2fmslmpmw2a2grlvw47rvox7bhm,bafybeifx7lnz2fqj54cvtylxjcfhy5o2fmslmpmw2a2grlvw47rvox7bhm,ok,143684
2984,bafybeibjqan5p4k5fs3577hur2vvjfgialihouwiucdlptv647rmiz5zwq,bafybeibjqan5p4k5fs3577hur2vvjfgialihouwiucdlptv647rmiz5zwq,ok,124320
2985,bafybeicdspmotwa7im6mob5wzp2ylzbgtgoqr2rij4fko3dlqqoug57o4u,bafybeicdspmotwa7im6mob5wzp2ylzbgtgoqr2rij4fko3dlqqoug57o4u,ok,235547
2986,bafybeifpn3xfv7ubdi5p33sdikc5igdquduzusobvkmmuj74gzthxovfrm,bafybeifpn3xfv7ubdi5p33sdikc5igdquduzusobvkmmuj74gzthxovfrm,ok,179987
2987,bafybeigqkhqbnv7qefccdpslp7ibgbq4jb5ehxthtuvzoyjpfmoo5tmby4,bafybeigqkhqbnv7qefccdpslp7ibgbq4jb5ehxthtuvzoyjpfmoo5tmby4,ok,148588
2988,bafybeihf7r5ztt2ubogbgdesppuvwicqbywuxbn7h2szqtupidsxze3z6a,bafybeihf7r5ztt2ubogbgdesppuvwicqbywuxbn7h2szqtupidsxze3z6a,ok,169138
2989,bafybeic3o2hcncc5dslmjdfwtlp5d7fw3ics2jpjga2ru5f3ywhgt6zhkm,bafybeic3o2hcncc5dslmjdfwtlp5d7fw3ics2jpjga2ru5f3ywhgt6zhkm,ok,205540
2990,bafybeid534xg7dlqd7mejgqd6jq3jvvi5l4yu77zw6pwavqd2aa6ywaogi,bafybeid534xg7dlqd7mejgqd6jq3jvvi5l4yu77zw6pwavqd2aa6ywaogi,ok,134896
2991,bafybeidpkbfv33x74xukjaco7knwdjmxrngzntas44yjiq5rtg2brwkcwm,bafybeidpkbfv33x74xukjaco7knwdjmxrngzntas44yjiq5rtg2brwkcwm,ok,212627
2992,bafybeie3kxljayxup7mm2l7dib6te4rprufxa4c3dihfucrwo2nzvbelzq,bafybeie3kxljayxup7mm2l7dib6te4rprufxa4c3dihfucrwo2nzvbelzq,ok,233086
2993,bafybeiecdbcplowqzydrldzla4zcam54t6bp5h2loridmpx2cyw7zbnzzi,bafybeiecdbcplowqzydrldzla4zcam54t6bp5h2loridmpx2cyw7zbnzzi,ok,200524
2994,bafybeifn25z4xkthxmloip4xjnjadvxjgzrz7fmj7i4b5mstdtbcpgl5tq,bafybeifn25z4xkthxmloip4xjnjadvxjgzrz7fmj7i4b5mstdtbcpgl5tq,ok,162535
2995,bafybeibnzw2afpd3snjtmqaoupda7aqcvxvzs3hz24d7be6p2gfb3j6fim,bafybeibnzw2afpd3snjtmqaoupda7aqcvxvzs3hz24d7be6p2gfb3j6fim,ok,151638
2996,bafybeies6v3fcaym73rhwoz3x2d66omb4tu73grlvuw57b6lz7h3fxb3oy,bafybeies6v3fcaym73rhwoz3x2d66omb4tu73grlvuw57b6lz7h3fxb3oy,ok,207274
2997,bafybeibhqp5rdgidqy3mjsntw3mybg5c5khxzakjvyhbo7vh4a7ku65zza,bafybeibhqp5rdgidqy3mjsntw3mybg5c5khxzakjvyhbo7vh4a7ku65zza,ok,158122
2998,bafybeibq3rnfifkwmjjmco3f3anj26jkjarrnhde53ojrorpjbwefeusta,bafybeibq3rnfifkwmjjmco3f3anj26jkjarrnhde53ojrorpjbwefeusta,ok,154431
2999,bafybeidb4rtq2qhaggtb75p4dafzk22ti3su7g6d4hqpcibkn72xnb7g6a,bafybeidb4rtq2qhaggtb75p4dafzk22ti3su7g6d4hqpcibkn72xnb7g6a,ok,231241
3000,bafybeiag5l2b4iiylzr2mdicmt6dgnxsssezvryaecrh4rl5bkcis4wlra,bafybeiag5l2b4iiylzr2mdicmt6dgnxsssezvryaecrh4rl5bkcis4wlra,ok,194782
